<?xml version='1.0' encoding='UTF-8'?><gpx creator="YAMAP - https://yamap.com" xsi:schemaLocation="http://www.topografix.com/GPX/1/1 http://www.topografix.com/GPX/1/1/gpx.xsd" version="1.1" xmlns="http://www.topografix.com/GPX/1/1" xmlns:xsi="http://www.w3.org/2001/XMLSchema-instance"><metadata><bounds maxlat="34.9355749" maxlon="136.7251834" minlat="34.4540473" minlon="136.5072045"/></metadata><trk><name>伊勢街道 (日永〜2泊〜内宮)</name><number>1</number><trkseg><trkpt lat="34.93403" lon="136.5961451"><ele>12.384026414146277</ele><time>2026-09-21T23:26:20Z</time></trkpt><trkpt lat="34.9342115" lon="136.5961898"><ele>12.184534572002839</ele><time>2026-09-21T23:27:58Z</time></trkpt><trkpt lat="34.9343823" lon="136.5963644"><ele>12.018331827743909</ele><time>2026-09-21T23:28:51Z</time></trkpt><trkpt lat="34.9343965" lon="136.5966072"><ele>11.752281081060653</ele><time>2026-09-21T23:29:17Z</time></trkpt><trkpt lat="34.9345049" lon="136.5968233"><ele>11.35272664288385</ele><time>2026-09-21T23:29:31Z</time></trkpt><trkpt lat="34.9346043" lon="136.5970359"><ele>10.953029739137902</ele><time>2026-09-21T23:29:48Z</time></trkpt><trkpt lat="34.9347019" lon="136.5972476"><ele>10.553498205492192</ele><time>2026-09-21T23:30:06Z</time></trkpt><trkpt lat="34.934823" lon="136.59742"><ele>10.387333007769648</ele><time>2026-09-21T23:30:21Z</time></trkpt><trkpt lat="34.9349575" lon="136.5976169"><ele>9.921237904744766</ele><time>2026-09-21T23:30:44Z</time></trkpt><trkpt lat="34.9351235" lon="136.5977649"><ele>9.455286967265458</ele><time>2026-09-21T23:30:59Z</time></trkpt><trkpt lat="34.9352511" lon="136.5979303"><ele>9.022683208971396</ele><time>2026-09-21T23:31:14Z</time></trkpt><trkpt lat="34.9354139" lon="136.5980742"><ele>8.923477061180835</ele><time>2026-09-21T23:31:32Z</time></trkpt><trkpt lat="34.9355749" lon="136.5982221"><ele>8.857594881164902</ele><time>2026-09-21T23:32:22Z</time></trkpt><trkpt lat="34.9354061" lon="136.5983346"><ele>8.791154125310092</ele><time>2026-09-21T23:34:20Z</time></trkpt><trkpt lat="34.9352047" lon="136.5983994"><ele>8.524029540127744</ele><time>2026-09-21T23:34:34Z</time></trkpt><trkpt lat="34.9350026" lon="136.5984093"><ele>8.256232780269523</ele><time>2026-09-21T23:34:50Z</time></trkpt><trkpt lat="34.9347912" lon="136.5984421"><ele>8.088367749514143</ele><time>2026-09-21T23:35:08Z</time></trkpt><trkpt lat="34.9345959" lon="136.5984472"><ele>8.12052429907583</ele><time>2026-09-21T23:35:24Z</time></trkpt><trkpt lat="34.9344109" lon="136.598377"><ele>8.152727991651998</ele><time>2026-09-21T23:35:40Z</time></trkpt><trkpt lat="34.9342056" lon="136.5983486"><ele>8.084954654255407</ele><time>2026-09-21T23:35:58Z</time></trkpt><trkpt lat="34.9340201" lon="136.5983454"><ele>8.08386861836813</ele><time>2026-09-21T23:36:37Z</time></trkpt><trkpt lat="34.9338169" lon="136.5983415"><ele>8.082735850302553</ele><time>2026-09-21T23:36:52Z</time></trkpt><trkpt lat="34.9336133" lon="136.5983276"><ele>8.081603794837351</ele><time>2026-09-21T23:37:07Z</time></trkpt><trkpt lat="34.9334029" lon="136.5982814"><ele>8.047099147427248</ele><time>2026-09-21T23:37:25Z</time></trkpt><trkpt lat="34.9331976" lon="136.5983229"><ele>8.045898626998051</ele><time>2026-09-21T23:37:43Z</time></trkpt><trkpt lat="34.9329938" lon="136.5982602"><ele>7.944682736439435</ele><time>2026-09-21T23:37:59Z</time></trkpt><trkpt lat="34.9327839" lon="136.5981935"><ele>7.976779346990786</ele><time>2026-09-21T23:38:14Z</time></trkpt><trkpt lat="34.9325786" lon="136.5981868"><ele>7.875544180515699</ele><time>2026-09-21T23:38:29Z</time></trkpt><trkpt lat="34.9323615" lon="136.5981951"><ele>7.874268499844661</ele><time>2026-09-21T23:39:51Z</time></trkpt><trkpt lat="34.93217" lon="136.5982148"><ele>7.773014204762053</ele><time>2026-09-21T23:40:05Z</time></trkpt><trkpt lat="34.9319578" lon="136.5981688"><ele>7.771753275631539</ele><time>2026-09-21T23:40:22Z</time></trkpt><trkpt lat="34.9317768" lon="136.5981713"><ele>7.770567004022287</ele><time>2026-09-21T23:40:34Z</time></trkpt><trkpt lat="34.9315873" lon="136.5981487"><ele>7.769393132679191</ele><time>2026-09-21T23:40:48Z</time></trkpt><trkpt lat="34.9313829" lon="136.5981384"><ele>7.768228317536921</ele><time>2026-09-21T23:41:05Z</time></trkpt><trkpt lat="34.9311961" lon="136.5981635"><ele>7.767047180319513</ele><time>2026-09-21T23:41:19Z</time></trkpt><trkpt lat="34.9310035" lon="136.5981524"><ele>7.7658575099732845</ele><time>2026-09-21T23:41:36Z</time></trkpt><trkpt lat="34.9307849" lon="136.5981271"><ele>7.764642018248168</ele><time>2026-09-21T23:41:51Z</time></trkpt><trkpt lat="34.9306041" lon="136.5981119"><ele>7.7634469215534425</ele><time>2026-09-21T23:42:04Z</time></trkpt><trkpt lat="34.9303973" lon="136.5980961"><ele>7.762224002904548</ele><time>2026-09-21T23:42:18Z</time></trkpt><trkpt lat="34.9301804" lon="136.5981209"><ele>7.7609943114654145</ele><time>2026-09-21T23:42:33Z</time></trkpt><trkpt lat="34.9299772" lon="136.5981471"><ele>7.759710399673987</ele><time>2026-09-21T23:42:49Z</time></trkpt><trkpt lat="34.9297631" lon="136.5981357"><ele>7.758410711479165</ele><time>2026-09-21T23:43:06Z</time></trkpt><trkpt lat="34.9295679" lon="136.5981435"><ele>7.490492244980011</ele><time>2026-09-21T23:43:21Z</time></trkpt><trkpt lat="34.9293591" lon="136.5981225"><ele>6.455905669517449</ele><time>2026-09-21T23:43:38Z</time></trkpt><trkpt lat="34.9291566" lon="136.5981306"><ele>5.7213385972520925</ele><time>2026-09-21T23:43:59Z</time></trkpt><trkpt lat="34.9289595" lon="136.5981187"><ele>5.020104985908804</ele><time>2026-09-21T23:44:26Z</time></trkpt><trkpt lat="34.9287786" lon="136.5981336"><ele>5.318920470040013</ele><time>2026-09-21T23:44:41Z</time></trkpt><trkpt lat="34.9285783" lon="136.5981112"><ele>4.017747092288407</ele><time>2026-09-21T23:44:55Z</time></trkpt><trkpt lat="34.9283822" lon="136.5981119"><ele>5.283239960258091</ele><time>2026-09-21T23:46:19Z</time></trkpt><trkpt lat="34.9281927" lon="136.5981046"><ele>6.315386873714719</ele><time>2026-09-21T23:46:37Z</time></trkpt><trkpt lat="34.9284394" lon="136.598117"><ele>8.648436344725889</ele><time>2026-09-21T23:47:26Z</time></trkpt><trkpt lat="34.9286259" lon="136.5980884"><ele>8.648937740660733</ele><time>2026-09-21T23:47:38Z</time></trkpt><trkpt lat="34.9288184" lon="136.5980876"><ele>8.650215501366587</ele><time>2026-09-21T23:47:50Z</time></trkpt><trkpt lat="34.9290017" lon="136.5982084"><ele>8.651340686522397</ele><time>2026-09-21T23:49:08Z</time></trkpt><trkpt lat="34.9292108" lon="136.5982636"><ele>8.652493863282087</ele><time>2026-09-21T23:49:20Z</time></trkpt><trkpt lat="34.9293954" lon="136.5981918"><ele>8.653646381176095</ele><time>2026-09-21T23:49:32Z</time></trkpt><trkpt lat="34.9295815" lon="136.5982074"><ele>8.654827621579498</ele><time>2026-09-21T23:49:59Z</time></trkpt><trkpt lat="34.9297782" lon="136.5981751"><ele>8.656002311581945</ele><time>2026-09-21T23:50:11Z</time></trkpt><trkpt lat="34.9299688" lon="136.5982033"><ele>8.657167820506599</ele><time>2026-09-21T23:50:23Z</time></trkpt><trkpt lat="34.9301568" lon="136.5982448"><ele>8.658331881420215</ele><time>2026-09-21T23:50:35Z</time></trkpt><trkpt lat="34.9303485" lon="136.5982168"><ele>8.659484785305823</ele><time>2026-09-21T23:50:47Z</time></trkpt><trkpt lat="34.9301701" lon="136.5982491"><ele>8.659885274342075</ele><time>2026-09-21T23:51:14Z</time></trkpt><trkpt lat="34.9299582" lon="136.5982936"><ele>8.659470438694248</ele><time>2026-09-21T23:51:26Z</time></trkpt><trkpt lat="34.9297425" lon="136.5982311"><ele>6.724899393868765</ele><time>2026-09-21T23:51:38Z</time></trkpt><trkpt lat="34.9295546" lon="136.598229"><ele>5.390316154859538</ele><time>2026-09-21T23:51:51Z</time></trkpt><trkpt lat="34.9293437" lon="136.5982333"><ele>3.8890767362143563</ele><time>2026-09-21T23:52:05Z</time></trkpt><trkpt lat="34.929127" lon="136.5981108"><ele>4.1211822001449905</ele><time>2026-09-21T23:52:18Z</time></trkpt><trkpt lat="34.9289058" lon="136.5981338"><ele>3.6865479039740783</ele><time>2026-09-21T23:52:30Z</time></trkpt><trkpt lat="34.9286995" lon="136.5981178"><ele>3.951927548380432</ele><time>2026-09-21T23:52:50Z</time></trkpt><trkpt lat="34.9285047" lon="136.5980889"><ele>4.150665220744981</ele><time>2026-09-21T23:53:02Z</time></trkpt><trkpt lat="34.9283214" lon="136.5980926"><ele>3.8161509460252105</ele><time>2026-09-21T23:53:14Z</time></trkpt><trkpt lat="34.9281353" lon="136.5980824"><ele>4.348343300657215</ele><time>2026-09-21T23:53:26Z</time></trkpt><trkpt lat="34.92793" lon="136.5980598"><ele>5.113846365900012</ele><time>2026-09-21T23:53:41Z</time></trkpt><trkpt lat="34.9277301" lon="136.5980782"><ele>6.8126456678142775</ele><time>2026-09-21T23:53:54Z</time></trkpt><trkpt lat="34.9275093" lon="136.5980693"><ele>6.144707423480814</ele><time>2026-09-21T23:54:09Z</time></trkpt><trkpt lat="34.9272947" lon="136.5980358"><ele>4.710086201611439</ele><time>2026-09-21T23:54:24Z</time></trkpt><trkpt lat="34.9270831" lon="136.5980138"><ele>3.042117102706321</ele><time>2026-09-21T23:54:39Z</time></trkpt><trkpt lat="34.9268932" lon="136.5980109"><ele>2.6408763187996533</ele><time>2026-09-21T23:54:51Z</time></trkpt><trkpt lat="34.9266999" lon="136.5980052"><ele>3.3396726329851893</ele><time>2026-09-21T23:55:04Z</time></trkpt><trkpt lat="34.9265003" lon="136.5979392"><ele>3.6718371901411806</ele><time>2026-09-21T23:55:19Z</time></trkpt><trkpt lat="34.9262876" lon="136.597918"><ele>3.1372931288689423</ele><time>2026-09-21T23:55:34Z</time></trkpt><trkpt lat="34.926082" lon="136.5978573"><ele>2.0360706254993346</ele><time>2026-09-21T23:55:49Z</time></trkpt><trkpt lat="34.9258997" lon="136.597833"><ele>1.4015405023515182</ele><time>2026-09-21T23:56:01Z</time></trkpt><trkpt lat="34.9256908" lon="136.5977787"><ele>1.633693008615533</ele><time>2026-09-21T23:56:16Z</time></trkpt><trkpt lat="34.9254799" lon="136.5977174"><ele>1.7658353556553432</ele><time>2026-09-21T23:56:31Z</time></trkpt><trkpt lat="34.9253004" lon="136.5976761"><ele>1.6979878326751436</ele><time>2026-09-21T23:56:42Z</time></trkpt><trkpt lat="34.925082" lon="136.5976578"><ele>1.9967793068464463</ele><time>2026-09-21T23:56:57Z</time></trkpt><trkpt lat="34.924891" lon="136.5976159"><ele>2.3622735639998615</ele><time>2026-09-21T23:57:12Z</time></trkpt><trkpt lat="34.9246851" lon="136.5975715"><ele>2.7610485800329108</ele><time>2026-09-21T23:57:26Z</time></trkpt><trkpt lat="34.9244788" lon="136.5975238"><ele>2.259855777767425</ele><time>2026-09-21T23:57:41Z</time></trkpt><trkpt lat="34.924296" lon="136.597472"><ele>1.7253491583064076</ele><time>2026-09-21T23:57:56Z</time></trkpt><trkpt lat="34.9241075" lon="136.5974313"><ele>1.0575440234428655</ele><time>2026-09-21T23:58:10Z</time></trkpt><trkpt lat="34.923917" lon="136.597376"><ele>0.6564399849538253</ele><time>2026-09-21T23:58:25Z</time></trkpt><trkpt lat="34.9237132" lon="136.5973343"><ele>0.9219578015388308</ele><time>2026-09-21T23:58:39Z</time></trkpt><trkpt lat="34.9235279" lon="136.5972847"><ele>0.6874847615001206</ele><time>2026-09-21T23:58:54Z</time></trkpt><trkpt lat="34.9233209" lon="136.5972889"><ele>0.8862966349286671</ele><time>2026-09-21T23:59:08Z</time></trkpt><trkpt lat="34.9231062" lon="136.5972748"><ele>1.7850795218687405</ele><time>2026-09-21T23:59:23Z</time></trkpt><trkpt lat="34.9229097" lon="136.5972779"><ele>3.683826208343729</ele><time>2026-09-21T23:59:39Z</time></trkpt><trkpt lat="34.9227062" lon="136.5972295"><ele>4.049260476538795</ele><time>2026-09-21T23:59:51Z</time></trkpt><trkpt lat="34.9224993" lon="136.5971654"><ele>3.8147239428088136</ele><time>2026-09-22T00:00:18Z</time></trkpt><trkpt lat="34.9223015" lon="136.5971784"><ele>4.080182283792236</ele><time>2026-09-22T00:00:33Z</time></trkpt><trkpt lat="34.9221095" lon="136.597121"><ele>5.012333391259212</ele><time>2026-09-22T00:00:51Z</time></trkpt><trkpt lat="34.9219155" lon="136.5970849"><ele>5.711170259131005</ele><time>2026-09-22T00:01:10Z</time></trkpt><trkpt lat="34.9217107" lon="136.5970133"><ele>5.710015823002084</ele><time>2026-09-22T00:01:28Z</time></trkpt><trkpt lat="34.9215279" lon="136.5969836"><ele>5.875539672937362</ele><time>2026-09-22T00:01:44Z</time></trkpt><trkpt lat="34.921324" lon="136.5969359"><ele>5.14104695880516</ele><time>2026-09-22T00:02:01Z</time></trkpt><trkpt lat="34.921116" lon="136.5968652"><ele>4.706548041343102</ele><time>2026-09-22T00:02:20Z</time></trkpt><trkpt lat="34.92091" lon="136.5968245"><ele>5.238672124219067</ele><time>2026-09-22T00:02:35Z</time></trkpt><trkpt lat="34.9207179" lon="136.5967674"><ele>6.604156509711515</ele><time>2026-09-22T00:02:51Z</time></trkpt><trkpt lat="34.9205039" lon="136.5967045"><ele>8.236293799158924</ele><time>2026-09-22T00:03:07Z</time></trkpt><trkpt lat="34.9203156" lon="136.5966844"><ele>8.701794929301537</ele><time>2026-09-22T00:03:25Z</time></trkpt><trkpt lat="34.9201188" lon="136.5967371"><ele>7.700589403632958</ele><time>2026-09-22T00:03:39Z</time></trkpt><trkpt lat="34.9200129" lon="136.5969353"><ele>5.632862810420019</ele><time>2026-09-22T00:03:56Z</time></trkpt><trkpt lat="34.9199159" lon="136.5971291"><ele>5.198593884325926</ele><time>2026-09-22T00:04:11Z</time></trkpt><trkpt lat="34.9197263" lon="136.5971959"><ele>6.6643347701075415</ele><time>2026-09-22T00:04:45Z</time></trkpt><trkpt lat="34.9194927" lon="136.5972477"><ele>8.363190590799874</ele><time>2026-09-22T00:05:00Z</time></trkpt><trkpt lat="34.9192542" lon="136.5972567"><ele>7.76181120839594</ele><time>2026-09-22T00:05:15Z</time></trkpt><trkpt lat="34.9190576" lon="136.597249"><ele>7.460438664394419</ele><time>2026-09-22T00:05:41Z</time></trkpt><trkpt lat="34.9189429" lon="136.5970599"><ele>7.0927104038998054</ele><time>2026-09-22T00:06:06Z</time></trkpt><trkpt lat="34.9189803" lon="136.5968371"><ele>8.025609322256761</ele><time>2026-09-22T00:06:18Z</time></trkpt><trkpt lat="34.9190139" lon="136.5966165"><ele>8.025703771044954</ele><time>2026-09-22T00:06:36Z</time></trkpt><trkpt lat="34.9190441" lon="136.5963462"><ele>8.326115580451487</ele><time>2026-09-22T00:06:51Z</time></trkpt><trkpt lat="34.9188047" lon="136.5962486"><ele>7.6592642905348525</ele><time>2026-09-22T00:07:50Z</time></trkpt><trkpt lat="34.9186031" lon="136.5961964"><ele>7.5252218443962064</ele><time>2026-09-22T00:08:17Z</time></trkpt><trkpt lat="34.9184084" lon="136.5961135"><ele>7.957337312875471</ele><time>2026-09-22T00:08:31Z</time></trkpt><trkpt lat="34.9182309" lon="136.5960639"><ele>9.656231231503801</ele><time>2026-09-22T00:08:44Z</time></trkpt><trkpt lat="34.9180416" lon="136.5959876"><ele>10.788490979902265</ele><time>2026-09-22T00:08:58Z</time></trkpt><trkpt lat="34.9178504" lon="136.5959163"><ele>10.320754976411514</ele><time>2026-09-22T00:09:15Z</time></trkpt><trkpt lat="34.9176457" lon="136.5959112"><ele>7.952951158190214</ele><time>2026-09-22T00:09:35Z</time></trkpt><trkpt lat="34.9174482" lon="136.5958458"><ele>5.951794700118967</ele><time>2026-09-22T00:09:50Z</time></trkpt><trkpt lat="34.9172681" lon="136.5957723"><ele>5.483995159350068</ele><time>2026-09-22T00:10:06Z</time></trkpt><trkpt lat="34.917373" lon="136.595572"><ele>5.483546518795542</ele><time>2026-09-22T00:12:12Z</time></trkpt><trkpt lat="34.9173609" lon="136.5953484"><ele>4.650186882770197</ele><time>2026-09-22T00:12:24Z</time></trkpt><trkpt lat="34.917362" lon="136.5951074"><ele>3.5839103580067637</ele><time>2026-09-22T00:12:38Z</time></trkpt><trkpt lat="34.9173987" lon="136.5948571"><ele>4.984177640698692</ele><time>2026-09-22T00:12:55Z</time></trkpt><trkpt lat="34.9173897" lon="136.5946289"><ele>6.317785898205957</ele><time>2026-09-22T00:13:24Z</time></trkpt><trkpt lat="34.9173745" lon="136.5949097"><ele>6.684537353892658</ele><time>2026-09-22T00:14:29Z</time></trkpt><trkpt lat="34.9173498" lon="136.5951669"><ele>5.38434547509124</ele><time>2026-09-22T00:14:44Z</time></trkpt><trkpt lat="34.9173379" lon="136.5954081"><ele>3.950672830176636</ele><time>2026-09-22T00:14:59Z</time></trkpt><trkpt lat="34.9173046" lon="136.5956685"><ele>2.416969617472342</ele><time>2026-09-22T00:15:17Z</time></trkpt><trkpt lat="34.9171526" lon="136.5958117"><ele>2.38304350498908</ele><time>2026-09-22T00:15:34Z</time></trkpt><trkpt lat="34.9169615" lon="136.5957223"><ele>3.9821887874047426</ele><time>2026-09-22T00:15:54Z</time></trkpt><trkpt lat="34.9167485" lon="136.5956619"><ele>5.181068338152049</ele><time>2026-09-22T00:16:09Z</time></trkpt><trkpt lat="34.9165692" lon="136.5956254"><ele>5.246600363949497</ele><time>2026-09-22T00:16:21Z</time></trkpt><trkpt lat="34.9163676" lon="136.5955726"><ele>4.5787388627713055</ele><time>2026-09-22T00:16:36Z</time></trkpt><trkpt lat="34.9161902" lon="136.5955174"><ele>4.51092317227855</ele><time>2026-09-22T00:16:50Z</time></trkpt><trkpt lat="34.9160072" lon="136.5954728"><ele>3.843090961077787</ele><time>2026-09-22T00:17:04Z</time></trkpt><trkpt lat="34.9158255" lon="136.5955016"><ele>3.475276568137557</ele><time>2026-09-22T00:17:18Z</time></trkpt><trkpt lat="34.9156308" lon="136.5955224"><ele>5.1407345261600215</ele><time>2026-09-22T00:17:34Z</time></trkpt><trkpt lat="34.9154236" lon="136.5955482"><ele>7.472784725358141</ele><time>2026-09-22T00:17:52Z</time></trkpt><trkpt lat="34.9152224" lon="136.5955857"><ele>10.204789742403392</ele><time>2026-09-22T00:18:10Z</time></trkpt><trkpt lat="34.9150327" lon="136.5956561"><ele>11.070122593914283</ele><time>2026-09-22T00:18:27Z</time></trkpt><trkpt lat="34.9148525" lon="136.5957363"><ele>9.868829007308074</ele><time>2026-09-22T00:18:41Z</time></trkpt><trkpt lat="34.9146638" lon="136.5958136"><ele>6.034215519688125</ele><time>2026-09-22T00:18:58Z</time></trkpt><trkpt lat="34.9144655" lon="136.5959086"><ele>3.766241220652615</ele><time>2026-09-22T00:19:15Z</time></trkpt><trkpt lat="34.9144414" lon="136.5956727"><ele>4.198707456032807</ele><time>2026-09-22T00:19:42Z</time></trkpt><trkpt lat="34.9143622" lon="136.5954493"><ele>6.964842403178935</ele><time>2026-09-22T00:20:00Z</time></trkpt><trkpt lat="34.9142933" lon="136.5952187"><ele>9.431364499318406</ele><time>2026-09-22T00:21:02Z</time></trkpt><trkpt lat="34.9142876" lon="136.5949588"><ele>11.797934689030024</ele><time>2026-09-22T00:21:35Z</time></trkpt><trkpt lat="34.9143591" lon="136.5951621"><ele>12.298022088979108</ele><time>2026-09-22T00:25:56Z</time></trkpt><trkpt lat="34.914347" lon="136.5953908"><ele>11.79808059567032</ele><time>2026-09-22T00:26:36Z</time></trkpt><trkpt lat="34.9144053" lon="136.5956009"><ele>10.464788891975893</ele><time>2026-09-22T00:26:49Z</time></trkpt><trkpt lat="34.9144685" lon="136.5958353"><ele>10.46480357350682</ele><time>2026-09-22T00:27:03Z</time></trkpt><trkpt lat="34.9143511" lon="136.5960179"><ele>10.464605816502713</ele><time>2026-09-22T00:27:24Z</time></trkpt><trkpt lat="34.9141707" lon="136.5960869"><ele>10.463938406155068</ele><time>2026-09-22T00:27:38Z</time></trkpt><trkpt lat="34.9139968" lon="136.5961516"><ele>10.46281374498841</ele><time>2026-09-22T00:27:53Z</time></trkpt><trkpt lat="34.9137935" lon="136.5962764"><ele>10.461521177075982</ele><time>2026-09-22T00:28:29Z</time></trkpt><trkpt lat="34.9136183" lon="136.5963506"><ele>10.460237284458744</ele><time>2026-09-22T00:28:43Z</time></trkpt><trkpt lat="34.9134387" lon="136.5964039"><ele>10.458944096679078</ele><time>2026-09-22T00:28:56Z</time></trkpt><trkpt lat="34.9132444" lon="136.5964089"><ele>7.124377177634443</ele><time>2026-09-22T00:29:10Z</time></trkpt><trkpt lat="34.9130678" lon="136.59636"><ele>3.55651537155448</ele><time>2026-09-22T00:29:24Z</time></trkpt><trkpt lat="34.9128855" lon="136.5963246"><ele>0.488677911597712</ele><time>2026-09-22T00:29:38Z</time></trkpt><trkpt lat="34.9126845" lon="136.5962859"><ele>1.5541740030241253</ele><time>2026-09-22T00:29:52Z</time></trkpt><trkpt lat="34.9124832" lon="136.5962572"><ele>3.019610076587154</ele><time>2026-09-22T00:30:07Z</time></trkpt><trkpt lat="34.9122994" lon="136.5962437"><ele>4.5183689671644105</ele><time>2026-09-22T00:30:19Z</time></trkpt><trkpt lat="34.9121193" lon="136.5962306"><ele>5.250497819442788</ele><time>2026-09-22T00:30:30Z</time></trkpt><trkpt lat="34.9119256" lon="136.5962135"><ele>5.782639293541202</ele><time>2026-09-22T00:30:45Z</time></trkpt><trkpt lat="34.911724" lon="136.5961937"><ele>6.081411295796731</ele><time>2026-09-22T00:30:59Z</time></trkpt><trkpt lat="34.9115388" lon="136.5961707"><ele>7.0135092911751995</ele><time>2026-09-22T00:31:13Z</time></trkpt><trkpt lat="34.9113406" lon="136.596119"><ele>8.312276850386688</ele><time>2026-09-22T00:31:39Z</time></trkpt><trkpt lat="34.9112536" lon="136.5963102"><ele>9.543626267437034</ele><time>2026-09-22T00:45:27Z</time></trkpt><trkpt lat="34.9111524" lon="136.59612"><ele>9.543400487823114</ele><time>2026-09-22T00:45:46Z</time></trkpt><trkpt lat="34.9109769" lon="136.5960441"><ele>9.54297300283779</ele><time>2026-09-22T00:46:01Z</time></trkpt><trkpt lat="34.9107835" lon="136.5959802"><ele>9.542075214674385</ele><time>2026-09-22T00:46:19Z</time></trkpt><trkpt lat="34.910604" lon="136.5959435"><ele>9.540953231411295</ele><time>2026-09-22T00:46:34Z</time></trkpt><trkpt lat="34.9104074" lon="136.5958786"><ele>9.539782307474468</ele><time>2026-09-22T00:46:51Z</time></trkpt><trkpt lat="34.9102096" lon="136.595819"><ele>9.53860095711003</ele><time>2026-09-22T00:47:05Z</time></trkpt><trkpt lat="34.9100153" lon="136.5957619"><ele>9.537395714522098</ele><time>2026-09-22T00:47:20Z</time></trkpt><trkpt lat="34.9098381" lon="136.5957191"><ele>9.53622483427437</ele><time>2026-09-22T00:47:32Z</time></trkpt><trkpt lat="34.9096292" lon="136.5957008"><ele>9.535015104927007</ele><time>2026-09-22T00:47:47Z</time></trkpt><trkpt lat="34.9094181" lon="136.5956435"><ele>9.533769729820714</ele><time>2026-09-22T00:48:01Z</time></trkpt><trkpt lat="34.9092544" lon="136.5957489"><ele>9.532497698051756</ele><time>2026-09-22T00:48:23Z</time></trkpt><trkpt lat="34.9090572" lon="136.595735"><ele>8.831249048901228</ele><time>2026-09-22T00:48:41Z</time></trkpt><trkpt lat="34.908876" lon="136.595751"><ele>7.79670378814198</ele><time>2026-09-22T00:48:56Z</time></trkpt><trkpt lat="34.9086853" lon="136.59569"><ele>6.295496870026002</ele><time>2026-09-22T00:49:10Z</time></trkpt><trkpt lat="34.9084828" lon="136.5956921"><ele>5.694272758120181</ele><time>2026-09-22T00:49:45Z</time></trkpt><trkpt lat="34.9083129" lon="136.5957683"><ele>6.293049627809535</ele><time>2026-09-22T00:49:59Z</time></trkpt><trkpt lat="34.9080836" lon="136.5957807"><ele>7.1250480611298626</ele><time>2026-09-22T00:50:24Z</time></trkpt><trkpt lat="34.9078822" lon="136.5958142"><ele>7.123703000984851</ele><time>2026-09-22T00:50:40Z</time></trkpt><trkpt lat="34.9076903" lon="136.5958119"><ele>5.822340739060631</ele><time>2026-09-22T00:50:56Z</time></trkpt><trkpt lat="34.9074879" lon="136.5957945"><ele>4.887714928144395</ele><time>2026-09-22T00:51:17Z</time></trkpt><trkpt lat="34.9072911" lon="136.5958339"><ele>4.553096480230455</ele><time>2026-09-22T00:51:32Z</time></trkpt><trkpt lat="34.9071462" lon="136.5959872"><ele>5.1851839472019705</ele><time>2026-09-22T00:51:56Z</time></trkpt><trkpt lat="34.9069472" lon="136.5959935"><ele>5.817268975510079</ele><time>2026-09-22T00:52:19Z</time></trkpt><trkpt lat="34.9067769" lon="136.5958405"><ele>5.882821786828553</ele><time>2026-09-22T00:52:34Z</time></trkpt><trkpt lat="34.9065873" lon="136.5957527"><ele>5.148374995664123</ele><time>2026-09-22T00:52:49Z</time></trkpt><trkpt lat="34.906409" lon="136.5956114"><ele>4.314033508671012</ele><time>2026-09-22T00:53:07Z</time></trkpt><trkpt lat="34.9062206" lon="136.5955171"><ele>4.179630389865733</ele><time>2026-09-22T00:53:21Z</time></trkpt><trkpt lat="34.9060499" lon="136.5954252"><ele>4.445270808448349</ele><time>2026-09-22T00:53:36Z</time></trkpt><trkpt lat="34.9058644" lon="136.5953144"><ele>4.277551099900523</ele><time>2026-09-22T00:53:53Z</time></trkpt><trkpt lat="34.9056799" lon="136.595219"><ele>4.243174641242805</ele><time>2026-09-22T00:56:24Z</time></trkpt><trkpt lat="34.9054831" lon="136.5951238"><ele>3.6754109933500154</ele><time>2026-09-22T00:56:39Z</time></trkpt><trkpt lat="34.9053105" lon="136.5950224"><ele>2.941005686611696</ele><time>2026-09-22T00:57:03Z</time></trkpt><trkpt lat="34.905139" lon="136.594917"><ele>3.00663360801029</ele><time>2026-09-22T00:57:27Z</time></trkpt><trkpt lat="34.9049469" lon="136.5948366"><ele>3.3722664854122235</ele><time>2026-09-22T00:57:48Z</time></trkpt><trkpt lat="34.9047532" lon="136.594804"><ele>3.2378258525080787</ele><time>2026-09-22T00:58:03Z</time></trkpt><trkpt lat="34.9047228" lon="136.594553"><ele>2.2370846037974963</ele><time>2026-09-22T00:58:48Z</time></trkpt><trkpt lat="34.9045323" lon="136.5944778"><ele>1.7363455930324794</ele><time>2026-09-22T00:59:00Z</time></trkpt><trkpt lat="34.904346" lon="136.5943874"><ele>2.1356480221989926</ele><time>2026-09-22T01:00:58Z</time></trkpt><trkpt lat="34.9041758" lon="136.594264"><ele>3.46793032759453</ele><time>2026-09-22T01:01:18Z</time></trkpt><trkpt lat="34.9040074" lon="136.59414"><ele>5.333615357507298</ele><time>2026-09-22T01:01:40Z</time></trkpt><trkpt lat="34.9038872" lon="136.5939602"><ele>7.499481813552525</ele><time>2026-09-22T01:01:55Z</time></trkpt><trkpt lat="34.9036966" lon="136.5937346"><ele>9.665350243190355</ele><time>2026-09-22T01:02:26Z</time></trkpt><trkpt lat="34.9035941" lon="136.5935369"><ele>10.264726518326121</ele><time>2026-09-22T01:02:41Z</time></trkpt><trkpt lat="34.9034969" lon="136.5933444"><ele>10.797492254391116</ele><time>2026-09-22T01:02:52Z</time></trkpt><trkpt lat="34.9033929" lon="136.5931056"><ele>10.630450613349716</ele><time>2026-09-22T01:03:09Z</time></trkpt><trkpt lat="34.9033263" lon="136.5928879"><ele>10.463495502716611</ele><time>2026-09-22T01:03:23Z</time></trkpt><trkpt lat="34.9032231" lon="136.5926654"><ele>10.029875241222806</ele><time>2026-09-22T01:03:50Z</time></trkpt><trkpt lat="34.9031926" lon="136.5924453"><ele>9.82973780690827</ele><time>2026-09-22T01:04:11Z</time></trkpt><trkpt lat="34.9031173" lon="136.592242"><ele>10.69624307314885</ele><time>2026-09-22T01:04:29Z</time></trkpt><trkpt lat="34.9028929" lon="136.5922441"><ele>12.329059436513363</ele><time>2026-09-22T01:04:56Z</time></trkpt><trkpt lat="34.9027461" lon="136.5923826"><ele>12.494803918751947</ele><time>2026-09-22T01:05:10Z</time></trkpt><trkpt lat="34.9025403" lon="136.5923532"><ele>12.726861187009973</ele><time>2026-09-22T01:06:02Z</time></trkpt><trkpt lat="34.9023525" lon="136.592401"><ele>12.525642252902776</ele><time>2026-09-22T01:06:10Z</time></trkpt><trkpt lat="34.9021586" lon="136.5924252"><ele>13.457706801876085</ele><time>2026-09-22T01:06:24Z</time></trkpt><trkpt lat="34.9019227" lon="136.5924788"><ele>13.856336578225978</ele><time>2026-09-22T01:06:58Z</time></trkpt><trkpt lat="34.9017169" lon="136.5925079"><ele>14.188269338548984</ele><time>2026-09-22T01:07:10Z</time></trkpt><trkpt lat="34.9015276" lon="136.5925482"><ele>13.920204199003344</ele><time>2026-09-22T01:07:24Z</time></trkpt><trkpt lat="34.9013397" lon="136.5925914"><ele>13.518912067321311</ele><time>2026-09-22T01:07:38Z</time></trkpt><trkpt lat="34.9011177" lon="136.5926104"><ele>13.817589687280785</ele><time>2026-09-22T01:07:57Z</time></trkpt><trkpt lat="34.9009437" lon="136.5925237"><ele>13.449691391523503</ele><time>2026-09-22T01:08:23Z</time></trkpt><trkpt lat="34.9009229" lon="136.5922685"><ele>12.248953028806861</ele><time>2026-09-22T01:08:40Z</time></trkpt><trkpt lat="34.9009323" lon="136.5920112"><ele>10.182168118960037</ele><time>2026-09-22T01:08:58Z</time></trkpt><trkpt lat="34.9009159" lon="136.5917722"><ele>9.582455881656161</ele><time>2026-09-22T01:09:11Z</time></trkpt><trkpt lat="34.9008908" lon="136.5915534"><ele>9.982717945102975</ele><time>2026-09-22T01:09:26Z</time></trkpt><trkpt lat="34.9008664" lon="136.5913244"><ele>10.782895412326695</ele><time>2026-09-22T01:09:43Z</time></trkpt><trkpt lat="34.9008587" lon="136.5910718"><ele>11.283097825755362</ele><time>2026-09-22T01:09:57Z</time></trkpt><trkpt lat="34.9008691" lon="136.5908449"><ele>11.65004592088865</ele><time>2026-09-22T01:10:13Z</time></trkpt><trkpt lat="34.9008508" lon="136.5906197"><ele>11.217005347236425</ele><time>2026-09-22T01:10:27Z</time></trkpt><trkpt lat="34.9008321" lon="136.5903889"><ele>10.417264937713556</ele><time>2026-09-22T01:10:41Z</time></trkpt><trkpt lat="34.9008432" lon="136.5901401"><ele>9.984202783891424</ele><time>2026-09-22T01:10:55Z</time></trkpt><trkpt lat="34.9008543" lon="136.5899125"><ele>10.651203745023368</ele><time>2026-09-22T01:11:10Z</time></trkpt><trkpt lat="34.9008297" lon="136.5896914"><ele>11.251521282636125</ele><time>2026-09-22T01:11:26Z</time></trkpt><trkpt lat="34.9007888" lon="136.5894359"><ele>10.551732749413901</ele><time>2026-09-22T01:11:41Z</time></trkpt><trkpt lat="34.9007316" lon="136.5891986"><ele>8.985138946279148</ele><time>2026-09-22T01:14:32Z</time></trkpt><trkpt lat="34.9007253" lon="136.5889647"><ele>7.518589827839665</ele><time>2026-09-22T01:14:47Z</time></trkpt><trkpt lat="34.9007156" lon="136.5887387"><ele>6.518759490097541</ele><time>2026-09-22T01:15:01Z</time></trkpt><trkpt lat="34.900579" lon="136.5885682"><ele>6.385399467424553</ele><time>2026-09-22T01:15:19Z</time></trkpt><trkpt lat="34.900394" lon="136.5884586"><ele>6.284942162084815</ele><time>2026-09-22T01:15:43Z</time></trkpt><trkpt lat="34.9002228" lon="136.5883603"><ele>6.15075556158757</ele><time>2026-09-22T01:16:01Z</time></trkpt><trkpt lat="34.9000274" lon="136.588302"><ele>4.783061540299646</ele><time>2026-09-22T01:16:20Z</time></trkpt><trkpt lat="34.8998372" lon="136.5882204"><ele>3.2820030553995685</ele><time>2026-09-22T01:16:38Z</time></trkpt><trkpt lat="34.8996502" lon="136.5881308"><ele>2.1808990906853674</ele><time>2026-09-22T01:16:56Z</time></trkpt><trkpt lat="34.899457" lon="136.5880303"><ele>2.4131442428634577</ele><time>2026-09-22T01:17:14Z</time></trkpt><trkpt lat="34.8992614" lon="136.5879259"><ele>3.7787217013434478</ele><time>2026-09-22T01:17:32Z</time></trkpt><trkpt lat="34.8990593" lon="136.5878946"><ele>5.577573365333715</ele><time>2026-09-22T01:17:49Z</time></trkpt><trkpt lat="34.8988732" lon="136.5878049"><ele>6.7097693295468614</ele><time>2026-09-22T01:18:04Z</time></trkpt><trkpt lat="34.8986982" lon="136.5877044"><ele>6.54200833980796</ele><time>2026-09-22T01:18:21Z</time></trkpt><trkpt lat="34.8985035" lon="136.5876231"><ele>6.274288000835019</ele><time>2026-09-22T01:18:35Z</time></trkpt><trkpt lat="34.8983231" lon="136.5876413"><ele>6.206528221430072</ele><time>2026-09-22T01:18:51Z</time></trkpt><trkpt lat="34.8981598" lon="136.5875328"><ele>6.138798091940321</ele><time>2026-09-22T01:19:08Z</time></trkpt><trkpt lat="34.8979445" lon="136.5874318"><ele>5.371034544944827</ele><time>2026-09-22T01:19:35Z</time></trkpt><trkpt lat="34.8977578" lon="136.5873583"><ele>3.8366363444887477</ele><time>2026-09-22T01:19:46Z</time></trkpt><trkpt lat="34.8975578" lon="136.5872588"><ele>2.7021567060873246</ele><time>2026-09-22T01:20:03Z</time></trkpt><trkpt lat="34.8973796" lon="136.5871671"><ele>2.7677524904378856</ele><time>2026-09-22T01:20:17Z</time></trkpt><trkpt lat="34.8971765" lon="136.5870777"><ele>3.533322244971226</ele><time>2026-09-22T01:20:35Z</time></trkpt><trkpt lat="34.8969879" lon="136.5869577"><ele>4.532260922531944</ele><time>2026-09-22T01:20:52Z</time></trkpt><trkpt lat="34.8968061" lon="136.5868887"><ele>5.097848269481716</ele><time>2026-09-22T01:21:28Z</time></trkpt><trkpt lat="34.8966197" lon="136.5867988"><ele>5.2968057017737875</ele><time>2026-09-22T01:21:42Z</time></trkpt><trkpt lat="34.8964408" lon="136.5867372"><ele>5.562422016460412</ele><time>2026-09-22T01:21:56Z</time></trkpt><trkpt lat="34.8962517" lon="136.5866611"><ele>5.294693885382242</ele><time>2026-09-22T01:22:10Z</time></trkpt><trkpt lat="34.8960688" lon="136.5865842"><ele>4.826967460159985</ele><time>2026-09-22T01:22:24Z</time></trkpt><trkpt lat="34.8958889" lon="136.5865094"><ele>4.192579707372649</ele><time>2026-09-22T01:22:39Z</time></trkpt><trkpt lat="34.8957079" lon="136.5864372"><ele>4.324874617971531</ele><time>2026-09-22T01:22:52Z</time></trkpt><trkpt lat="34.8955113" lon="136.5863623"><ele>5.090473633025674</ele><time>2026-09-22T01:23:06Z</time></trkpt><trkpt lat="34.8953377" lon="136.5862734"><ele>5.489427405362754</ele><time>2026-09-22T01:23:20Z</time></trkpt><trkpt lat="34.8951342" lon="136.5861844"><ele>5.7550097529203414</ele><time>2026-09-22T01:23:36Z</time></trkpt><trkpt lat="34.8949518" lon="136.5861214"><ele>5.320616857807579</ele><time>2026-09-22T01:23:50Z</time></trkpt><trkpt lat="34.8947679" lon="136.5860441"><ele>4.952863693397724</ele><time>2026-09-22T01:24:04Z</time></trkpt><trkpt lat="34.8945902" lon="136.5859663"><ele>4.85182682214533</ele><time>2026-09-22T01:24:18Z</time></trkpt><trkpt lat="34.894411" lon="136.5859236"><ele>5.384120104487948</ele><time>2026-09-22T01:24:32Z</time></trkpt><trkpt lat="34.8942269" lon="136.5858446"><ele>6.049747963608065</ele><time>2026-09-22T01:24:47Z</time></trkpt><trkpt lat="34.894039" lon="136.5857699"><ele>6.782020069654588</ele><time>2026-09-22T01:25:02Z</time></trkpt><trkpt lat="34.8938429" lon="136.5856847"><ele>7.047612979890782</ele><time>2026-09-22T01:25:20Z</time></trkpt><trkpt lat="34.8936789" lon="136.5855767"><ele>7.6465979692165815</ele><time>2026-09-22T01:25:35Z</time></trkpt><trkpt lat="34.8934951" lon="136.5854894"><ele>7.7455992418748565</ele><time>2026-09-22T01:25:50Z</time></trkpt><trkpt lat="34.8933113" lon="136.5854172"><ele>8.211287137203641</ele><time>2026-09-22T01:26:04Z</time></trkpt><trkpt lat="34.8931415" lon="136.5853266"><ele>8.476954442103578</ele><time>2026-09-22T01:26:19Z</time></trkpt><trkpt lat="34.892974" lon="136.5852332"><ele>9.34266029387326</ele><time>2026-09-22T01:26:37Z</time></trkpt><trkpt lat="34.8927699" lon="136.5851492"><ele>9.941663954439969</ele><time>2026-09-22T01:26:58Z</time></trkpt><trkpt lat="34.8925945" lon="136.5850435"><ele>9.407331631652971</ele><time>2026-09-22T01:27:12Z</time></trkpt><trkpt lat="34.8924163" lon="136.5849485"><ele>8.039645305500008</ele><time>2026-09-22T01:27:27Z</time></trkpt><trkpt lat="34.8922044" lon="136.5848805"><ele>6.705268183502383</ele><time>2026-09-22T01:28:40Z</time></trkpt><trkpt lat="34.8920137" lon="136.5847827"><ele>6.93752227759482</ele><time>2026-09-22T01:28:54Z</time></trkpt><trkpt lat="34.8918098" lon="136.5847437"><ele>7.203025830697882</ele><time>2026-09-22T01:29:10Z</time></trkpt><trkpt lat="34.8916387" lon="136.5846708"><ele>7.435285322054303</ele><time>2026-09-22T01:29:25Z</time></trkpt><trkpt lat="34.891451" lon="136.5845626"><ele>7.734224488378217</ele><time>2026-09-22T01:29:42Z</time></trkpt><trkpt lat="34.8912758" lon="136.5844756"><ele>8.166584619935541</ele><time>2026-09-22T01:29:56Z</time></trkpt><trkpt lat="34.8911036" lon="136.5843657"><ele>7.965630597889683</ele><time>2026-09-22T01:30:10Z</time></trkpt><trkpt lat="34.8909938" lon="136.5841795"><ele>6.498218030447276</ele><time>2026-09-22T01:30:24Z</time></trkpt><trkpt lat="34.8908693" lon="136.5839876"><ele>4.897638219650562</ele><time>2026-09-22T01:30:39Z</time></trkpt><trkpt lat="34.890739" lon="136.5838303"><ele>4.063840682725551</ele><time>2026-09-22T01:30:53Z</time></trkpt><trkpt lat="34.8906288" lon="136.5836446"><ele>3.796709941090709</ele><time>2026-09-22T01:31:07Z</time></trkpt><trkpt lat="34.8905136" lon="136.5834664"><ele>3.3629255796600717</ele><time>2026-09-22T01:31:20Z</time></trkpt><trkpt lat="34.8903812" lon="136.5832738"><ele>2.8624913417277185</ele><time>2026-09-22T01:31:35Z</time></trkpt><trkpt lat="34.8902343" lon="136.5831184"><ele>2.661964647147471</ele><time>2026-09-22T01:31:49Z</time></trkpt><trkpt lat="34.8900773" lon="136.5829576"><ele>1.6946755689104975</ele><time>2026-09-22T01:32:06Z</time></trkpt><trkpt lat="34.8899319" lon="136.5827869"><ele>0.6940150985476711</ele><time>2026-09-22T01:32:20Z</time></trkpt><trkpt lat="34.8897661" lon="136.5826349"><ele>0.526648077043113</ele><time>2026-09-22T01:32:34Z</time></trkpt><trkpt lat="34.8895889" lon="136.5824806"><ele>0.8925701446019142</ele><time>2026-09-22T01:32:51Z</time></trkpt><trkpt lat="34.8894403" lon="136.5823208"><ele>1.4584808027494323</ele><time>2026-09-22T01:33:05Z</time></trkpt><trkpt lat="34.8892947" lon="136.5821781"><ele>1.391096212533628</ele><time>2026-09-22T01:33:21Z</time></trkpt><trkpt lat="34.8891026" lon="136.5822345"><ele>2.4902271190983996</ele><time>2026-09-22T01:33:44Z</time></trkpt><trkpt lat="34.888921" lon="136.5822531"><ele>4.322520572596574</ele><time>2026-09-22T01:34:10Z</time></trkpt><trkpt lat="34.8887148" lon="136.5823388"><ele>7.554556185456161</ele><time>2026-09-22T01:35:11Z</time></trkpt><trkpt lat="34.8885042" lon="136.5823687"><ele>10.153234852475682</ele><time>2026-09-22T01:35:39Z</time></trkpt><trkpt lat="34.8883216" lon="136.5823576"><ele>12.585261816597095</ele><time>2026-09-22T01:36:07Z</time></trkpt><trkpt lat="34.8881257" lon="136.5822903"><ele>12.650732701743157</ele><time>2026-09-22T01:36:55Z</time></trkpt><trkpt lat="34.8879049" lon="136.5823047"><ele>12.682858124904136</ele><time>2026-09-22T01:37:08Z</time></trkpt><trkpt lat="34.8877237" lon="136.5823063"><ele>12.614979125782549</ele><time>2026-09-22T01:37:36Z</time></trkpt><trkpt lat="34.8875385" lon="136.5822433"><ele>13.880453630073738</ele><time>2026-09-22T01:37:51Z</time></trkpt><trkpt lat="34.8873466" lon="136.5821862"><ele>15.146030745685083</ele><time>2026-09-22T01:38:03Z</time></trkpt><trkpt lat="34.8871565" lon="136.5821644"><ele>14.244936885140492</ele><time>2026-09-22T01:38:17Z</time></trkpt><trkpt lat="34.8869556" lon="136.5820847"><ele>11.477154380554294</ele><time>2026-09-22T01:38:34Z</time></trkpt><trkpt lat="34.8867806" lon="136.5819753"><ele>7.576105658683725</ele><time>2026-09-22T01:38:48Z</time></trkpt><trkpt lat="34.8865993" lon="136.581827"><ele>4.308485260972591</ele><time>2026-09-22T01:39:06Z</time></trkpt><trkpt lat="34.8864067" lon="136.5817542"><ele>3.774212330903777</ele><time>2026-09-22T01:39:44Z</time></trkpt><trkpt lat="34.8862224" lon="136.5816135"><ele>4.5066069388895995</ele><time>2026-09-22T01:40:04Z</time></trkpt><trkpt lat="34.8860359" lon="136.5815227"><ele>6.7389572806569005</ele><time>2026-09-22T01:40:35Z</time></trkpt><trkpt lat="34.8858529" lon="136.5814872"><ele>7.971305721299683</ele><time>2026-09-22T01:40:43Z</time></trkpt><trkpt lat="34.8856817" lon="136.5813591"><ele>9.637008137262086</ele><time>2026-09-22T01:40:58Z</time></trkpt><trkpt lat="34.8855114" lon="136.5812532"><ele>10.769420926114135</ele><time>2026-09-22T01:41:12Z</time></trkpt><trkpt lat="34.8853379" lon="136.5811442"><ele>10.335232553259688</ele><time>2026-09-22T01:41:26Z</time></trkpt><trkpt lat="34.8851619" lon="136.5810199"><ele>9.067699817740015</ele><time>2026-09-22T01:42:08Z</time></trkpt><trkpt lat="34.8849852" lon="136.5809283"><ele>8.133479471493528</ele><time>2026-09-22T01:42:53Z</time></trkpt><trkpt lat="34.8848102" lon="136.5807899"><ele>8.49927538136589</ele><time>2026-09-22T01:43:17Z</time></trkpt><trkpt lat="34.8846112" lon="136.5807139"><ele>10.031661749627707</ele><time>2026-09-22T01:43:44Z</time></trkpt><trkpt lat="34.8844658" lon="136.5805803"><ele>10.630806520374692</ele><time>2026-09-22T01:44:04Z</time></trkpt><trkpt lat="34.884321" lon="136.5804494"><ele>9.830010108974049</ele><time>2026-09-22T01:44:19Z</time></trkpt><trkpt lat="34.88448" lon="136.5802717"><ele>12.597339479317995</ele><time>2026-09-22T01:52:50Z</time></trkpt><trkpt lat="34.8843083" lon="136.5803513"><ele>12.596734840275293</ele><time>2026-09-22T01:53:09Z</time></trkpt><trkpt lat="34.8841104" lon="136.5802565"><ele>12.596185327275927</ele><time>2026-09-22T01:53:24Z</time></trkpt><trkpt lat="34.8839129" lon="136.5802837"><ele>12.595010759633423</ele><time>2026-09-22T01:53:52Z</time></trkpt><trkpt lat="34.8837321" lon="136.5803982"><ele>12.59379497975243</ele><time>2026-09-22T01:55:13Z</time></trkpt><trkpt lat="34.8835684" lon="136.5805454"><ele>12.592497006407983</ele><time>2026-09-22T01:55:28Z</time></trkpt><trkpt lat="34.8834099" lon="136.5806597"><ele>11.224557581519674</ele><time>2026-09-22T01:55:56Z</time></trkpt><trkpt lat="34.8831949" lon="136.580625"><ele>9.189965215658134</ele><time>2026-09-22T01:56:26Z</time></trkpt><trkpt lat="34.8829988" lon="136.5806774"><ele>8.022018771724532</ele><time>2026-09-22T01:58:11Z</time></trkpt><trkpt lat="34.8827774" lon="136.5806661"><ele>8.054006361864618</ele><time>2026-09-22T01:58:25Z</time></trkpt><trkpt lat="34.8825889" lon="136.5807137"><ele>8.91932600912056</ele><time>2026-09-22T01:58:38Z</time></trkpt><trkpt lat="34.8823585" lon="136.5806647"><ele>7.01797062728973</ele><time>2026-09-22T01:58:54Z</time></trkpt><trkpt lat="34.8822125" lon="136.5808347"><ele>6.2833260554797645</ele><time>2026-09-22T01:59:30Z</time></trkpt><trkpt lat="34.8820302" lon="136.5807989"><ele>5.815414641445893</ele><time>2026-09-22T02:00:32Z</time></trkpt><trkpt lat="34.8818455" lon="136.5808667"><ele>7.547525284639853</ele><time>2026-09-22T02:01:14Z</time></trkpt><trkpt lat="34.8816574" lon="136.580847"><ele>9.313001300093106</ele><time>2026-09-22T02:01:28Z</time></trkpt><trkpt lat="34.8814442" lon="136.5809322"><ele>10.044999888520708</ele><time>2026-09-22T02:02:26Z</time></trkpt><trkpt lat="34.8812554" lon="136.5809758"><ele>9.54367166443769</ele><time>2026-09-22T02:02:43Z</time></trkpt><trkpt lat="34.8810721" lon="136.5810436"><ele>8.008963365656983</ele><time>2026-09-22T02:03:01Z</time></trkpt><trkpt lat="34.8809448" lon="136.5812139"><ele>7.007715531738984</ele><time>2026-09-22T02:03:15Z</time></trkpt><trkpt lat="34.880791" lon="136.5813375"><ele>6.106489661530195</ele><time>2026-09-22T02:03:37Z</time></trkpt><trkpt lat="34.8805909" lon="136.5813196"><ele>5.671949943157098</ele><time>2026-09-22T02:03:49Z</time></trkpt><trkpt lat="34.8803852" lon="136.581248"><ele>6.937400501995117</ele><time>2026-09-22T02:04:03Z</time></trkpt><trkpt lat="34.8801695" lon="136.5812479"><ele>11.7027996590687</ele><time>2026-09-22T02:04:20Z</time></trkpt><trkpt lat="34.8799813" lon="136.5811385"><ele>14.70161794539255</ele><time>2026-09-22T02:04:35Z</time></trkpt><trkpt lat="34.8797895" lon="136.5810536"><ele>15.067141868492916</ele><time>2026-09-22T02:04:53Z</time></trkpt><trkpt lat="34.8796833" lon="136.5812711"><ele>11.532755920921025</ele><time>2026-09-22T02:05:20Z</time></trkpt><trkpt lat="34.8796582" lon="136.5815495"><ele>9.165128810203493</ele><time>2026-09-22T02:05:31Z</time></trkpt><trkpt lat="34.879584" lon="136.5817537"><ele>7.830894724032272</ele><time>2026-09-22T02:06:00Z</time></trkpt><trkpt lat="34.8795773" lon="136.5820021"><ele>6.330185506336048</ele><time>2026-09-22T02:06:18Z</time></trkpt><trkpt lat="34.8794896" lon="136.5822"><ele>5.396061860360175</ele><time>2026-09-22T02:06:32Z</time></trkpt><trkpt lat="34.8794215" lon="136.582422"><ele>4.328605587149082</ele><time>2026-09-22T02:06:47Z</time></trkpt><trkpt lat="34.8793849" lon="136.5826389"><ele>4.6944391055803605</ele><time>2026-09-22T02:06:58Z</time></trkpt><trkpt lat="34.8793036" lon="136.5828776"><ele>5.460258656672451</ele><time>2026-09-22T02:07:13Z</time></trkpt><trkpt lat="34.8791979" lon="136.583089"><ele>6.29267059480222</ele><time>2026-09-22T02:07:27Z</time></trkpt><trkpt lat="34.8791018" lon="136.5832946"><ele>6.891628402033487</ele><time>2026-09-22T02:07:42Z</time></trkpt><trkpt lat="34.8789834" lon="136.5834652"><ele>5.990550908038851</ele><time>2026-09-22T02:08:46Z</time></trkpt><trkpt lat="34.8788959" lon="136.5836794"><ele>6.322843117511262</ele><time>2026-09-22T02:09:07Z</time></trkpt><trkpt lat="34.8788138" lon="136.5838948"><ele>6.721824764355733</ele><time>2026-09-22T02:09:25Z</time></trkpt><trkpt lat="34.8787001" lon="136.5840675"><ele>7.42081429366073</ele><time>2026-09-22T02:09:40Z</time></trkpt><trkpt lat="34.878645" lon="136.5842925"><ele>6.786532302726807</ele><time>2026-09-22T02:10:15Z</time></trkpt><trkpt lat="34.8785829" lon="136.5845273"><ele>5.552279754856308</ele><time>2026-09-22T02:11:39Z</time></trkpt><trkpt lat="34.8784924" lon="136.5847501"><ele>3.6847096650466944</ele><time>2026-09-22T02:12:09Z</time></trkpt><trkpt lat="34.8784158" lon="136.5849835"><ele>1.8504202751652272</ele><time>2026-09-22T02:12:24Z</time></trkpt><trkpt lat="34.8783739" lon="136.5851997"><ele>1.0161863135016584</ele><time>2026-09-22T02:12:39Z</time></trkpt><trkpt lat="34.8783775" lon="136.5854354"><ele>1.7821464671289153</ele><time>2026-09-22T02:14:28Z</time></trkpt><trkpt lat="34.878257" lon="136.5856559"><ele>3.2813530342661608</ele><time>2026-09-22T02:14:43Z</time></trkpt><trkpt lat="34.8783385" lon="136.5858777"><ele>4.71415599453749</ele><time>2026-09-22T02:15:50Z</time></trkpt><trkpt lat="34.878518" lon="136.5859268"><ele>4.980798166439695</ele><time>2026-09-22T02:16:04Z</time></trkpt><trkpt lat="34.8785884" lon="136.5861029"><ele>10.948308572436567</ele><time>2026-09-22T02:18:27Z</time></trkpt><trkpt lat="34.8785278" lon="136.5858811"><ele>10.998333085346527</ele><time>2026-09-22T02:19:28Z</time></trkpt><trkpt lat="34.8783441" lon="136.5857403"><ele>11.014704328286689</ele><time>2026-09-22T02:19:42Z</time></trkpt><trkpt lat="34.878146" lon="136.5857245"><ele>11.047332169569637</ele><time>2026-09-22T02:20:02Z</time></trkpt><trkpt lat="34.8780333" lon="136.5859228"><ele>11.046233211030868</ele><time>2026-09-22T02:20:15Z</time></trkpt><trkpt lat="34.8779033" lon="136.5861064"><ele>11.045032800638472</ele><time>2026-09-22T02:20:28Z</time></trkpt><trkpt lat="34.8777658" lon="136.586285"><ele>11.043832353492753</ele><time>2026-09-22T02:20:43Z</time></trkpt><trkpt lat="34.8776055" lon="136.5864533"><ele>11.042547889555712</ele><time>2026-09-22T02:21:00Z</time></trkpt><trkpt lat="34.8775079" lon="136.5866373"><ele>11.04133246903828</ele><time>2026-09-22T02:21:11Z</time></trkpt><trkpt lat="34.8773937" lon="136.5868243"><ele>11.04016098365137</ele><time>2026-09-22T02:21:25Z</time></trkpt><trkpt lat="34.8772776" lon="136.5870141"><ele>11.039069976502118</ele><time>2026-09-22T02:21:40Z</time></trkpt><trkpt lat="34.8772023" lon="136.5872517"><ele>10.337991126311893</ele><time>2026-09-22T02:24:09Z</time></trkpt><trkpt lat="34.8770998" lon="136.5874452"><ele>9.003599115268878</ele><time>2026-09-22T02:24:27Z</time></trkpt><trkpt lat="34.877009" lon="136.5876526"><ele>7.235916037959306</ele><time>2026-09-22T02:24:42Z</time></trkpt><trkpt lat="34.8768361" lon="136.5877536"><ele>5.334778217922995</ele><time>2026-09-22T02:25:06Z</time></trkpt><trkpt lat="34.8766187" lon="136.5877678"><ele>5.1668445602456785</ele><time>2026-09-22T02:25:58Z</time></trkpt><trkpt lat="34.8766118" lon="136.5879871"><ele>5.0657514894449704</ele><time>2026-09-22T02:26:13Z</time></trkpt><trkpt lat="34.8766428" lon="136.5882576"><ele>6.331653659505882</ele><time>2026-09-22T02:26:37Z</time></trkpt><trkpt lat="34.8766064" lon="136.5885055"><ele>5.831124127167364</ele><time>2026-09-22T02:26:55Z</time></trkpt><trkpt lat="34.8764702" lon="136.5886547"><ele>5.630359790924523</ele><time>2026-09-22T02:27:13Z</time></trkpt><trkpt lat="34.8763103" lon="136.5888314"><ele>3.929241965930236</ele><time>2026-09-22T02:27:38Z</time></trkpt><trkpt lat="34.8761375" lon="136.5889356"><ele>3.627923378305096</ele><time>2026-09-22T02:27:56Z</time></trkpt><trkpt lat="34.8759531" lon="136.5890553"><ele>3.5265186709651886</ele><time>2026-09-22T02:28:14Z</time></trkpt><trkpt lat="34.8757576" lon="136.5891751"><ele>4.8584073975406765</ele><time>2026-09-22T02:28:28Z</time></trkpt><trkpt lat="34.8755793" lon="136.5892338"><ele>5.956981267852257</ele><time>2026-09-22T02:28:42Z</time></trkpt><trkpt lat="34.8753735" lon="136.5893252"><ele>6.6555269554351115</ele><time>2026-09-22T02:28:59Z</time></trkpt><trkpt lat="34.8751946" lon="136.5894392"><ele>6.720778831690542</ele><time>2026-09-22T02:29:13Z</time></trkpt><trkpt lat="34.8750225" lon="136.5895591"><ele>6.786001352188833</ele><time>2026-09-22T02:29:27Z</time></trkpt><trkpt lat="34.8750793" lon="136.5897794"><ele>6.851709449603265</ele><time>2026-09-22T02:29:51Z</time></trkpt><trkpt lat="34.8750056" lon="136.5900074"><ele>6.850901894648179</ele><time>2026-09-22T02:30:05Z</time></trkpt><trkpt lat="34.8751057" lon="136.5897931"><ele>5.517588968229238</ele><time>2026-09-22T02:31:23Z</time></trkpt><trkpt lat="34.875011" lon="136.5895706"><ele>4.250917141723018</ele><time>2026-09-22T02:31:38Z</time></trkpt><trkpt lat="34.8748091" lon="136.5897021"><ele>3.4840311421102492</ele><time>2026-09-22T02:31:52Z</time></trkpt><trkpt lat="34.8746345" lon="136.5898138"><ele>4.449650095177918</ele><time>2026-09-22T02:32:07Z</time></trkpt><trkpt lat="34.8744474" lon="136.5898819"><ele>5.048198191303392</ele><time>2026-09-22T02:32:25Z</time></trkpt><trkpt lat="34.8741957" lon="136.5900185"><ele>5.146632487239387</ele><time>2026-09-22T02:33:16Z</time></trkpt><trkpt lat="34.8739818" lon="136.590041"><ele>5.711708730935378</ele><time>2026-09-22T02:33:55Z</time></trkpt><trkpt lat="34.8738137" lon="136.5899523"><ele>6.310269315540215</ele><time>2026-09-22T02:34:07Z</time></trkpt><trkpt lat="34.8736042" lon="136.5899158"><ele>7.375710053018696</ele><time>2026-09-22T02:34:22Z</time></trkpt><trkpt lat="34.8734243" lon="136.5898032"><ele>7.407987173319327</ele><time>2026-09-22T02:34:37Z</time></trkpt><trkpt lat="34.8732398" lon="136.589711"><ele>7.940231427653906</ele><time>2026-09-22T02:34:52Z</time></trkpt><trkpt lat="34.8730667" lon="136.5896398"><ele>8.139247142438078</ele><time>2026-09-22T02:35:07Z</time></trkpt><trkpt lat="34.8729088" lon="136.5895282"><ele>7.404977787889663</ele><time>2026-09-22T02:35:20Z</time></trkpt><trkpt lat="34.8727125" lon="136.5894352"><ele>5.904017169880436</ele><time>2026-09-22T02:35:35Z</time></trkpt><trkpt lat="34.8725109" lon="136.589325"><ele>3.636355754184592</ele><time>2026-09-22T02:35:50Z</time></trkpt><trkpt lat="34.8723053" lon="136.5892791"><ele>1.9685439640128404</ele><time>2026-09-22T02:36:04Z</time></trkpt><trkpt lat="34.8721186" lon="136.5891993"><ele>1.4007445087454329</ele><time>2026-09-22T02:36:19Z</time></trkpt><trkpt lat="34.871933" lon="136.589118"><ele>1.932960213981192</ele><time>2026-09-22T02:36:33Z</time></trkpt><trkpt lat="34.8717338" lon="136.5890444"><ele>2.698543552772094</ele><time>2026-09-22T02:36:48Z</time></trkpt><trkpt lat="34.8715445" lon="136.5890228"><ele>3.197413447658976</ele><time>2026-09-22T02:37:02Z</time></trkpt><trkpt lat="34.8713656" lon="136.589074"><ele>3.796203418540692</ele><time>2026-09-22T02:37:13Z</time></trkpt><trkpt lat="34.8711737" lon="136.5891378"><ele>4.4949108779058</ele><time>2026-09-22T02:37:27Z</time></trkpt><trkpt lat="34.8709679" lon="136.5891893"><ele>5.326862840276881</ele><time>2026-09-22T02:37:45Z</time></trkpt><trkpt lat="34.8707868" lon="136.5893239"><ele>5.892082693130784</ele><time>2026-09-22T02:37:57Z</time></trkpt><trkpt lat="34.8706165" lon="136.5893961"><ele>5.690676520842925</ele><time>2026-09-22T02:38:09Z</time></trkpt><trkpt lat="34.8704328" lon="136.5894977"><ele>5.389281894959308</ele><time>2026-09-22T02:38:23Z</time></trkpt><trkpt lat="34.8702534" lon="136.5896397"><ele>5.554551401654668</ele><time>2026-09-22T02:38:38Z</time></trkpt><trkpt lat="34.8700951" lon="136.5897633"><ele>6.253142550302168</ele><time>2026-09-22T02:38:52Z</time></trkpt><trkpt lat="34.8699339" lon="136.5898833"><ele>7.251768819756298</ele><time>2026-09-22T02:39:06Z</time></trkpt><trkpt lat="34.8697912" lon="136.5900774"><ele>7.25043667888302</ele><time>2026-09-22T02:39:23Z</time></trkpt><trkpt lat="34.8696529" lon="136.5902241"><ele>6.282464047182756</ele><time>2026-09-22T02:39:37Z</time></trkpt><trkpt lat="34.869531" lon="136.5903911"><ele>5.314542518849959</ele><time>2026-09-22T02:39:52Z</time></trkpt><trkpt lat="34.8696248" lon="136.5906149"><ele>4.413784864093091</ele><time>2026-09-22T02:40:13Z</time></trkpt><trkpt lat="34.8694376" lon="136.590653"><ele>3.7129983846636065</ele><time>2026-09-22T02:40:59Z</time></trkpt><trkpt lat="34.8692279" lon="136.5906059"><ele>2.478841689499409</ele><time>2026-09-22T02:41:15Z</time></trkpt><trkpt lat="34.8690225" lon="136.5905487"><ele>2.110899366725434</ele><time>2026-09-22T02:41:31Z</time></trkpt><trkpt lat="34.8688581" lon="136.5904491"><ele>2.1097750291413413</ele><time>2026-09-22T02:41:47Z</time></trkpt><trkpt lat="34.8686788" lon="136.5903365"><ele>2.2420995586465438</ele><time>2026-09-22T02:42:04Z</time></trkpt><trkpt lat="34.8685056" lon="136.5902714"><ele>2.341167909980873</ele><time>2026-09-22T02:42:18Z</time></trkpt><trkpt lat="34.8683126" lon="136.5902082"><ele>2.9068139022813924</ele><time>2026-09-22T02:42:32Z</time></trkpt><trkpt lat="34.868143" lon="136.5901333"><ele>3.572454002092821</ele><time>2026-09-22T02:42:46Z</time></trkpt><trkpt lat="34.8679522" lon="136.5900528"><ele>4.10473404897548</ele><time>2026-09-22T02:43:01Z</time></trkpt><trkpt lat="34.8677759" lon="136.5899722"><ele>4.303730872129559</ele><time>2026-09-22T02:43:15Z</time></trkpt><trkpt lat="34.8675766" lon="136.5899016"><ele>3.935993233894145</ele><time>2026-09-22T02:43:32Z</time></trkpt><trkpt lat="34.8674099" lon="136.5897721"><ele>3.5350122715845793</ele><time>2026-09-22T02:43:49Z</time></trkpt><trkpt lat="34.8672867" lon="136.5896617"><ele>8.96685698648973</ele><time>2026-09-22T02:49:15Z</time></trkpt><trkpt lat="34.8671103" lon="136.5897315"><ele>8.966198699749341</ele><time>2026-09-22T02:50:33Z</time></trkpt><trkpt lat="34.866896" lon="136.5896326"><ele>8.965583494464257</ele><time>2026-09-22T02:50:50Z</time></trkpt><trkpt lat="34.8666759" lon="136.589561"><ele>8.96432017877632</ele><time>2026-09-22T02:51:05Z</time></trkpt><trkpt lat="34.8665015" lon="136.5894847"><ele>8.963183854982246</ele><time>2026-09-22T02:51:17Z</time></trkpt><trkpt lat="34.8663269" lon="136.5894"><ele>8.962138161285013</ele><time>2026-09-22T02:51:29Z</time></trkpt><trkpt lat="34.866134" lon="136.5893624"><ele>8.961142016872541</ele><time>2026-09-22T02:51:44Z</time></trkpt><trkpt lat="34.8659383" lon="136.5894023"><ele>8.960014358607145</ele><time>2026-09-22T02:51:58Z</time></trkpt><trkpt lat="34.8657293" lon="136.5894232"><ele>8.958734644117719</ele><time>2026-09-22T02:52:14Z</time></trkpt><trkpt lat="34.8655506" lon="136.5893621"><ele>8.957502728245801</ele><time>2026-09-22T02:52:32Z</time></trkpt><trkpt lat="34.8654183" lon="136.5891905"><ele>8.956564394228101</ele><time>2026-09-22T02:52:54Z</time></trkpt><trkpt lat="34.8652361" lon="136.5890493"><ele>8.95580532723332</ele><time>2026-09-22T02:53:08Z</time></trkpt><trkpt lat="34.8650581" lon="136.5889881"><ele>8.955048177860656</ele><time>2026-09-22T02:53:20Z</time></trkpt><trkpt lat="34.8648541" lon="136.5889132"><ele>8.954067000383148</ele><time>2026-09-22T02:53:34Z</time></trkpt><trkpt lat="34.8646699" lon="136.5887887"><ele>7.586403527609711</ele><time>2026-09-22T02:53:48Z</time></trkpt><trkpt lat="34.8644952" lon="136.5887122"><ele>5.952092264724338</ele><time>2026-09-22T02:54:01Z</time></trkpt><trkpt lat="34.8643262" lon="136.5886223"><ele>4.217866588662456</ele><time>2026-09-22T02:54:13Z</time></trkpt><trkpt lat="34.8641366" lon="136.5884875"><ele>4.583637040848427</ele><time>2026-09-22T02:54:28Z</time></trkpt><trkpt lat="34.8639493" lon="136.5884262"><ele>5.782703046020198</ele><time>2026-09-22T02:54:43Z</time></trkpt><trkpt lat="34.8637805" lon="136.5883208"><ele>6.981781642623123</ele><time>2026-09-22T02:55:01Z</time></trkpt><trkpt lat="34.8635819" lon="136.5883233"><ele>6.780737103498947</ele><time>2026-09-22T02:55:29Z</time></trkpt><trkpt lat="34.8634016" lon="136.5883876"><ele>6.479611737239165</ele><time>2026-09-22T02:56:08Z</time></trkpt><trkpt lat="34.8635901" lon="136.5882605"><ele>6.045922987035645</ele><time>2026-09-22T02:56:55Z</time></trkpt><trkpt lat="34.8637728" lon="136.5883789"><ele>7.212949747107025</ele><time>2026-09-22T02:57:10Z</time></trkpt><trkpt lat="34.8638826" lon="136.5881553"><ele>5.680807335655658</ele><time>2026-09-22T02:58:21Z</time></trkpt><trkpt lat="34.8637679" lon="136.5879252"><ele>4.8147707994941555</ele><time>2026-09-22T02:58:39Z</time></trkpt><trkpt lat="34.8636084" lon="136.5877992"><ele>3.7815326883589435</ele><time>2026-09-22T02:58:54Z</time></trkpt><trkpt lat="34.863409" lon="136.587737"><ele>5.580853720993514</ele><time>2026-09-22T02:59:11Z</time></trkpt><trkpt lat="34.8632319" lon="136.587648"><ele>6.24660291549024</ele><time>2026-09-22T02:59:26Z</time></trkpt><trkpt lat="34.8630387" lon="136.587574"><ele>5.945575178203676</ele><time>2026-09-22T02:59:39Z</time></trkpt><trkpt lat="34.8628627" lon="136.587498"><ele>5.377940890948092</ele><time>2026-09-22T02:59:53Z</time></trkpt><trkpt lat="34.8626563" lon="136.5874297"><ele>5.743562761579237</ele><time>2026-09-22T03:00:08Z</time></trkpt><trkpt lat="34.8624626" lon="136.5873201"><ele>6.009211185189609</ele><time>2026-09-22T03:00:28Z</time></trkpt><trkpt lat="34.8622805" lon="136.5872575"><ele>5.908170160223885</ele><time>2026-09-22T03:00:39Z</time></trkpt><trkpt lat="34.8621093" lon="136.5871743"><ele>5.607214966535423</ele><time>2026-09-22T03:00:53Z</time></trkpt><trkpt lat="34.8619378" lon="136.5871013"><ele>5.139612087104595</ele><time>2026-09-22T03:01:07Z</time></trkpt><trkpt lat="34.8617506" lon="136.5870239"><ele>4.472010137792424</ele><time>2026-09-22T03:01:21Z</time></trkpt><trkpt lat="34.8615332" lon="136.5869649"><ele>4.204292717540412</ele><time>2026-09-22T03:01:38Z</time></trkpt><trkpt lat="34.8613586" lon="136.5868614"><ele>4.903259242762947</ele><time>2026-09-22T03:01:53Z</time></trkpt><trkpt lat="34.8611873" lon="136.5867414"><ele>5.535625721496487</ele><time>2026-09-22T03:02:08Z</time></trkpt><trkpt lat="34.8610734" lon="136.5869762"><ele>5.201316714089676</ele><time>2026-09-22T03:02:45Z</time></trkpt><trkpt lat="34.8609994" lon="136.5871881"><ele>4.033642589486021</ele><time>2026-09-22T03:02:57Z</time></trkpt><trkpt lat="34.8609052" lon="136.5874201"><ele>3.5658587267407427</ele><time>2026-09-22T03:03:12Z</time></trkpt><trkpt lat="34.8608017" lon="136.5876311"><ele>3.931447946382621</ele><time>2026-09-22T03:03:27Z</time></trkpt><trkpt lat="34.8606617" lon="136.5878082"><ele>4.9635913278154336</ele><time>2026-09-22T03:03:41Z</time></trkpt><trkpt lat="34.8605801" lon="136.5880181"><ele>5.5624445057931995</ele><time>2026-09-22T03:03:55Z</time></trkpt><trkpt lat="34.8604758" lon="136.5882114"><ele>5.361309205753372</ele><time>2026-09-22T03:04:10Z</time></trkpt><trkpt lat="34.8603659" lon="136.5883987"><ele>4.59356227917132</ele><time>2026-09-22T03:04:23Z</time></trkpt><trkpt lat="34.8602466" lon="136.5885938"><ele>3.6924135561128892</ele><time>2026-09-22T03:04:38Z</time></trkpt><trkpt lat="34.8601362" lon="136.5887961"><ele>3.091244517880959</ele><time>2026-09-22T03:04:57Z</time></trkpt><trkpt lat="34.8600796" lon="136.589008"><ele>2.123501750315576</ele><time>2026-09-22T03:05:12Z</time></trkpt><trkpt lat="34.8601471" lon="136.5892474"><ele>0.6894519024666627</ele><time>2026-09-22T03:05:37Z</time></trkpt><trkpt lat="34.8601931" lon="136.589471"><ele>-0.44428443148533603</ele><time>2026-09-22T03:05:51Z</time></trkpt><trkpt lat="34.8601927" lon="136.5897224"><ele>0.5887339523606675</ele><time>2026-09-22T03:06:19Z</time></trkpt><trkpt lat="34.8602" lon="136.5894857"><ele>4.988660976373782</ele><time>2026-09-22T03:09:01Z</time></trkpt><trkpt lat="34.8601608" lon="136.5892302"><ele>9.28877939649685</ele><time>2026-09-22T03:09:18Z</time></trkpt><trkpt lat="34.8600882" lon="136.5890198"><ele>12.02243668134014</ele><time>2026-09-22T03:09:34Z</time></trkpt><trkpt lat="34.8599133" lon="136.5889441"><ele>12.02225135100205</ele><time>2026-09-22T03:09:58Z</time></trkpt><trkpt lat="34.8597362" lon="136.5889926"><ele>12.021539355657248</ele><time>2026-09-22T03:10:10Z</time></trkpt><trkpt lat="34.8595199" lon="136.5890001"><ele>12.020355154145086</ele><time>2026-09-22T03:10:28Z</time></trkpt><trkpt lat="34.8593269" lon="136.5890899"><ele>12.019004127182164</ele><time>2026-09-22T03:10:43Z</time></trkpt><trkpt lat="34.8591222" lon="136.5891534"><ele>12.017582942661216</ele><time>2026-09-22T03:11:00Z</time></trkpt><trkpt lat="34.8589292" lon="136.5891692"><ele>12.016204330052673</ele><time>2026-09-22T03:11:16Z</time></trkpt><trkpt lat="34.8587152" lon="136.5891108"><ele>12.014896731004013</ele><time>2026-09-22T03:11:39Z</time></trkpt><trkpt lat="34.8585226" lon="136.5892005"><ele>12.013594046738682</ele><time>2026-09-22T03:12:04Z</time></trkpt><trkpt lat="34.8583662" lon="136.5893351"><ele>12.012275684944276</ele><time>2026-09-22T03:12:31Z</time></trkpt><trkpt lat="34.8581815" lon="136.5893963"><ele>12.01092559004253</ele><time>2026-09-22T03:12:52Z</time></trkpt><trkpt lat="34.857984" lon="136.5895187"><ele>9.20953914294518</ele><time>2026-09-22T03:13:06Z</time></trkpt><trkpt lat="34.8577916" lon="136.5896214"><ele>4.808101175449541</ele><time>2026-09-22T03:13:23Z</time></trkpt><trkpt lat="34.8576272" lon="136.5897283"><ele>0.20666991626141376</ele><time>2026-09-22T03:13:37Z</time></trkpt><trkpt lat="34.8574462" lon="136.5898318"><ele>-1.661378790058097</ele><time>2026-09-22T03:13:51Z</time></trkpt><trkpt lat="34.8572659" lon="136.5898986"><ele>-1.996040798074425</ele><time>2026-09-22T03:14:04Z</time></trkpt><trkpt lat="34.8570994" lon="136.589984"><ele>-1.9306907162744906</ele><time>2026-09-22T03:14:18Z</time></trkpt><trkpt lat="34.8569112" lon="136.5900939"><ele>-0.798694612296733</ele><time>2026-09-22T03:14:33Z</time></trkpt><trkpt lat="34.8567197" lon="136.5901832"><ele>1.633259760060407</ele><time>2026-09-22T03:14:48Z</time></trkpt><trkpt lat="34.8565354" lon="136.5902562"><ele>4.76518590518954</ele><time>2026-09-22T03:15:03Z</time></trkpt><trkpt lat="34.8563455" lon="136.5903646"><ele>5.697109212034206</ele><time>2026-09-22T03:15:19Z</time></trkpt><trkpt lat="34.856162" lon="136.5904638"><ele>4.762374573581002</ele><time>2026-09-22T03:15:33Z</time></trkpt><trkpt lat="34.8559829" lon="136.5905359"><ele>3.1609846380662083</ele><time>2026-09-22T03:15:47Z</time></trkpt><trkpt lat="34.8557821" lon="136.5906175"><ele>1.8262590856320624</ele><time>2026-09-22T03:16:04Z</time></trkpt><trkpt lat="34.8556011" lon="136.5906798"><ele>1.8582343428480048</ele><time>2026-09-22T03:16:18Z</time></trkpt><trkpt lat="34.855421" lon="136.5907806"><ele>1.3901844276454725</ele><time>2026-09-22T03:16:33Z</time></trkpt><trkpt lat="34.8552415" lon="136.5908851"><ele>1.9221610870452277</ele><time>2026-09-22T03:16:48Z</time></trkpt><trkpt lat="34.8550653" lon="136.59094"><ele>1.154153481641103</ele><time>2026-09-22T03:17:03Z</time></trkpt><trkpt lat="34.8548839" lon="136.5909155"><ele>0.7862423528804735</ele><time>2026-09-22T03:17:18Z</time></trkpt><trkpt lat="34.8548195" lon="136.5907084"><ele>0.7521558523040213</ele><time>2026-09-22T03:17:45Z</time></trkpt><trkpt lat="34.8549258" lon="136.5905075"><ele>1.3522041567859115</ele><time>2026-09-22T03:18:00Z</time></trkpt><trkpt lat="34.8550388" lon="136.5902951"><ele>2.6196917151928503</ele><time>2026-09-22T03:18:17Z</time></trkpt><trkpt lat="34.8551361" lon="136.5900766"><ele>4.587530307035419</ele><time>2026-09-22T03:18:32Z</time></trkpt><trkpt lat="34.8549707" lon="136.5899767"><ele>6.521380459377461</ele><time>2026-09-22T03:18:49Z</time></trkpt><trkpt lat="34.8547585" lon="136.5899548"><ele>12.486591979050267</ele><time>2026-09-22T03:26:10Z</time></trkpt><trkpt lat="34.8548083" lon="136.5889267"><ele>12.487976313184216</ele><time>2026-09-22T03:26:31Z</time></trkpt><trkpt lat="34.8548567" lon="136.5892833"><ele>12.488256376806497</ele><time>2026-09-22T03:26:38Z</time></trkpt><trkpt lat="34.8549121" lon="136.5895309"><ele>12.4889180653225</ele><time>2026-09-22T03:26:52Z</time></trkpt><trkpt lat="34.8550808" lon="136.5896899"><ele>12.488886983645592</ele><time>2026-09-22T03:27:01Z</time></trkpt><trkpt lat="34.8550989" lon="136.5899674"><ele>12.488855152785803</ele><time>2026-09-22T03:27:10Z</time></trkpt><trkpt lat="34.8550707" lon="136.5902017"><ele>12.488657422244694</ele><time>2026-09-22T03:27:22Z</time></trkpt><trkpt lat="34.8549713" lon="136.5903967"><ele>12.487864370686852</ele><time>2026-09-22T03:27:40Z</time></trkpt><trkpt lat="34.8548596" lon="136.5906163"><ele>12.486842508862388</ele><time>2026-09-22T03:27:59Z</time></trkpt><trkpt lat="34.8547377" lon="136.590799"><ele>12.485662997271922</ele><time>2026-09-22T03:28:17Z</time></trkpt><trkpt lat="34.8545628" lon="136.5909045"><ele>12.484394356771721</ele><time>2026-09-22T03:28:32Z</time></trkpt><trkpt lat="34.8543926" lon="136.5910175"><ele>12.483086166754704</ele><time>2026-09-22T03:28:51Z</time></trkpt><trkpt lat="34.8542067" lon="136.5911276"><ele>12.481699761299225</ele><time>2026-09-22T03:29:08Z</time></trkpt><trkpt lat="34.8540355" lon="136.5912585"><ele>8.51363382961936</ele><time>2026-09-22T03:29:25Z</time></trkpt><trkpt lat="34.8538752" lon="136.5913641"><ele>5.412261008479746</ele><time>2026-09-22T03:29:40Z</time></trkpt><trkpt lat="34.8536976" lon="136.5914896"><ele>1.277559681847097</ele><time>2026-09-22T03:29:57Z</time></trkpt><trkpt lat="34.8535508" lon="136.5916382"><ele>0.5762287852971563</ele><time>2026-09-22T03:30:14Z</time></trkpt><trkpt lat="34.8534049" lon="136.5917881"><ele>-1.1584407876379548</ele><time>2026-09-22T03:30:28Z</time></trkpt><trkpt lat="34.8532413" lon="136.5919297"><ele>-2.026427395088028</ele><time>2026-09-22T03:30:44Z</time></trkpt><trkpt lat="34.853084" lon="136.5920957"><ele>-2.8611174005607602</ele><time>2026-09-22T03:31:01Z</time></trkpt><trkpt lat="34.8529277" lon="136.592232"><ele>-3.6291524193931815</ele><time>2026-09-22T03:31:18Z</time></trkpt><trkpt lat="34.8528146" lon="136.5924026"><ele>-4.463770683883571</ele><time>2026-09-22T03:31:33Z</time></trkpt><trkpt lat="34.8526379" lon="136.5924663"><ele>-5.365015178452407</ele><time>2026-09-22T03:31:47Z</time></trkpt><trkpt lat="34.8524385" lon="136.5925264"><ele>-6.632957061172417</ele><time>2026-09-22T03:32:03Z</time></trkpt><trkpt lat="34.8522371" lon="136.5925759"><ele>-6.400989503799134</ele><time>2026-09-22T03:32:17Z</time></trkpt><trkpt lat="34.8520324" lon="136.5926156"><ele>-5.769062344384007</ele><time>2026-09-22T03:32:34Z</time></trkpt><trkpt lat="34.8518248" lon="136.5926263"><ele>-4.903779681256975</ele><time>2026-09-22T03:32:51Z</time></trkpt><trkpt lat="34.8516309" lon="136.5926441"><ele>-4.871789019601796</ele><time>2026-09-22T03:33:05Z</time></trkpt><trkpt lat="34.8514697" lon="136.5927868"><ele>-3.2397892897125353</ele><time>2026-09-22T03:33:20Z</time></trkpt><trkpt lat="34.851276" lon="136.5928433"><ele>-0.20779721065714796</ele><time>2026-09-22T03:33:41Z</time></trkpt><trkpt lat="34.8510623" lon="136.5928644"><ele>2.357483257852446</ele><time>2026-09-22T03:33:59Z</time></trkpt><trkpt lat="34.8508634" lon="136.5928659"><ele>2.3227975328869044</ele><time>2026-09-22T03:34:16Z</time></trkpt><trkpt lat="34.850664" lon="136.5929032"><ele>-0.4118849251388473</ele><time>2026-09-22T03:34:33Z</time></trkpt><trkpt lat="34.8504468" lon="136.5929326"><ele>-3.1799149887886813</ele><time>2026-09-22T03:34:50Z</time></trkpt><trkpt lat="34.850266" lon="136.5929672"><ele>-3.6812668581525188</ele><time>2026-09-22T03:35:05Z</time></trkpt><trkpt lat="34.8500695" lon="136.5930165"><ele>-2.015955812926007</ele><time>2026-09-22T03:35:19Z</time></trkpt><trkpt lat="34.8498607" lon="136.593058"><ele>-0.7839647708194851</ele><time>2026-09-22T03:35:36Z</time></trkpt><trkpt lat="34.8496515" lon="136.5930883"><ele>-0.452022543223175</ele><time>2026-09-22T03:35:53Z</time></trkpt><trkpt lat="34.8494559" lon="136.5931116"><ele>-1.4867163877996792</ele><time>2026-09-22T03:36:10Z</time></trkpt><trkpt lat="34.8492752" lon="136.5931763"><ele>-1.954701319699718</ele><time>2026-09-22T03:36:24Z</time></trkpt><trkpt lat="34.8490895" lon="136.5931718"><ele>-2.589275610968104</ele><time>2026-09-22T03:36:38Z</time></trkpt><trkpt lat="34.8489148" lon="136.5932324"><ele>-2.2238369145907364</ele><time>2026-09-22T03:36:53Z</time></trkpt><trkpt lat="34.8487389" lon="136.5932959"><ele>-0.9250541230729254</ele><time>2026-09-22T03:37:23Z</time></trkpt><trkpt lat="34.84853" lon="136.5933257"><ele>-0.05968129123189906</ele><time>2026-09-22T03:37:38Z</time></trkpt><trkpt lat="34.8483463" lon="136.5934381"><ele>-0.06103666930902799</ele><time>2026-09-22T03:37:56Z</time></trkpt><trkpt lat="34.8483043" lon="136.5936822"><ele>0.0710724360221467</ele><time>2026-09-22T03:38:21Z</time></trkpt><trkpt lat="34.8484199" lon="136.5938655"><ele>1.5703999263552244</ele><time>2026-09-22T03:38:34Z</time></trkpt><trkpt lat="34.8485627" lon="136.5940101"><ele>5.370383095454128</ele><time>2026-09-22T03:38:52Z</time></trkpt><trkpt lat="34.8484133" lon="136.5938455"><ele>10.0704761407285</ele><time>2026-09-22T03:41:13Z</time></trkpt><trkpt lat="34.8483131" lon="136.5936333"><ele>13.80377601702056</ele><time>2026-09-22T03:41:34Z</time></trkpt><trkpt lat="34.848164" lon="136.5934915"><ele>15.836700895849466</ele><time>2026-09-22T03:41:54Z</time></trkpt><trkpt lat="34.8479583" lon="136.5935177"><ele>15.83601943747919</ele><time>2026-09-22T03:42:08Z</time></trkpt><trkpt lat="34.8477732" lon="136.5935623"><ele>15.834950000598559</ele><time>2026-09-22T03:42:21Z</time></trkpt><trkpt lat="34.8475817" lon="136.5935832"><ele>15.83365840005159</ele><time>2026-09-22T03:42:36Z</time></trkpt><trkpt lat="34.8473821" lon="136.5936123"><ele>15.83237700629744</ele><time>2026-09-22T03:42:51Z</time></trkpt><trkpt lat="34.8472081" lon="136.5937206"><ele>15.831066055013538</ele><time>2026-09-22T03:43:05Z</time></trkpt><trkpt lat="34.8470182" lon="136.593798"><ele>15.829711600608478</ele><time>2026-09-22T03:43:19Z</time></trkpt><trkpt lat="34.84684" lon="136.593874"><ele>15.828362843467866</ele><time>2026-09-22T03:43:33Z</time></trkpt><trkpt lat="34.846627" lon="136.5939031"><ele>12.193665093700849</ele><time>2026-09-22T03:43:50Z</time></trkpt><trkpt lat="34.8464443" lon="136.5939577"><ele>8.725667612126136</ele><time>2026-09-22T03:44:04Z</time></trkpt><trkpt lat="34.846256" lon="136.5940158"><ele>5.52433021834247</ele><time>2026-09-22T03:44:18Z</time></trkpt><trkpt lat="34.8460629" lon="136.5940782"><ele>6.289672494212806</ele><time>2026-09-22T03:44:32Z</time></trkpt><trkpt lat="34.8458608" lon="136.594144"><ele>7.588297963500939</ele><time>2026-09-22T03:44:47Z</time></trkpt><trkpt lat="34.8456814" lon="136.5942267"><ele>7.886921295470107</ele><time>2026-09-22T03:45:02Z</time></trkpt><trkpt lat="34.8454971" lon="136.5943479"><ele>7.91884709716205</ele><time>2026-09-22T03:45:17Z</time></trkpt><trkpt lat="34.8453388" lon="136.5944766"><ele>7.017478418126956</ele><time>2026-09-22T03:45:32Z</time></trkpt><trkpt lat="34.8451667" lon="136.5945904"><ele>6.749431982787293</ele><time>2026-09-22T03:45:47Z</time></trkpt><trkpt lat="34.8450137" lon="136.5947081"><ele>6.01478678170519</ele><time>2026-09-22T03:46:02Z</time></trkpt><trkpt lat="34.8448738" lon="136.5948527"><ele>5.346832995740722</ele><time>2026-09-22T03:46:16Z</time></trkpt><trkpt lat="34.8446973" lon="136.5949621"><ele>4.378873172065274</ele><time>2026-09-22T03:46:31Z</time></trkpt><trkpt lat="34.8445341" lon="136.5950876"><ele>3.4442183111613667</ele><time>2026-09-22T03:46:46Z</time></trkpt><trkpt lat="34.8443633" lon="136.5951915"><ele>2.5428655800746207</ele><time>2026-09-22T03:47:01Z</time></trkpt><trkpt lat="34.8442104" lon="136.5953109"><ele>2.274886780555273</ele><time>2026-09-22T03:47:16Z</time></trkpt><trkpt lat="34.8440361" lon="136.5954686"><ele>1.7068572041968342</ele><time>2026-09-22T03:47:30Z</time></trkpt><trkpt lat="34.8438658" lon="136.5956257"><ele>1.40545019480214</ele><time>2026-09-22T03:47:48Z</time></trkpt><trkpt lat="34.8436761" lon="136.5957023"><ele>0.5373347387662832</ele><time>2026-09-22T03:48:02Z</time></trkpt><trkpt lat="34.8435145" lon="136.5958979"><ele>0.1692134189567156</ele><time>2026-09-22T03:48:40Z</time></trkpt><trkpt lat="34.8433334" lon="136.5959556"><ele>-0.6321809087502052</ele><time>2026-09-22T03:48:55Z</time></trkpt><trkpt lat="34.8431693" lon="136.596103"><ele>-0.9669149036556467</ele><time>2026-09-22T03:49:09Z</time></trkpt><trkpt lat="34.8429812" lon="136.5961943"><ele>-1.0016173169319107</ele><time>2026-09-22T03:49:24Z</time></trkpt><trkpt lat="34.8428011" lon="136.5962951"><ele>-0.4030210250544665</ele><time>2026-09-22T03:49:38Z</time></trkpt><trkpt lat="34.8426254" lon="136.5964122"><ele>0.06224258539793226</ele><time>2026-09-22T03:49:53Z</time></trkpt><trkpt lat="34.8424252" lon="136.5964871"><ele>-0.10583915346141026</ele><time>2026-09-22T03:50:08Z</time></trkpt><trkpt lat="34.8422549" lon="136.5965867"><ele>-0.7405664097790137</ele><time>2026-09-22T03:50:22Z</time></trkpt><trkpt lat="34.8420497" lon="136.5966658"><ele>-3.1086573099454213</ele><time>2026-09-22T03:50:39Z</time></trkpt><trkpt lat="34.8418621" lon="136.5967399"><ele>-4.610054775795919</ele><time>2026-09-22T03:50:53Z</time></trkpt><trkpt lat="34.8416546" lon="136.5967608"><ele>-4.611464084593099</ele><time>2026-09-22T03:51:10Z</time></trkpt><trkpt lat="34.8414458" lon="136.5967802"><ele>-3.1794972609199945</ele><time>2026-09-22T03:51:27Z</time></trkpt><trkpt lat="34.8412648" lon="136.5967546"><ele>-2.5807653917947797</ele><time>2026-09-22T03:51:45Z</time></trkpt><trkpt lat="34.8410647" lon="136.5967462"><ele>-4.015326423921354</ele><time>2026-09-22T03:51:59Z</time></trkpt><trkpt lat="34.8408622" lon="136.5967815"><ele>-5.483221128609716</ele><time>2026-09-22T03:52:13Z</time></trkpt><trkpt lat="34.8406639" lon="136.5967909"><ele>-6.517848658598819</ele><time>2026-09-22T03:52:27Z</time></trkpt><trkpt lat="34.8404678" lon="136.5968491"><ele>-7.2858579816269335</ele><time>2026-09-22T03:52:43Z</time></trkpt><trkpt lat="34.8402986" lon="136.5967411"><ele>-6.120341680949007</ele><time>2026-09-22T03:53:12Z</time></trkpt><trkpt lat="34.8401984" lon="136.5969244"><ele>-4.554767806515163</ele><time>2026-09-22T03:53:36Z</time></trkpt><trkpt lat="34.8401861" lon="136.5971637"><ele>-2.8556290857221547</ele><time>2026-09-22T03:53:57Z</time></trkpt><trkpt lat="34.8400646" lon="136.5970001"><ele>-2.0896758936974607</ele><time>2026-09-22T03:56:30Z</time></trkpt><trkpt lat="34.8398834" lon="136.596924"><ele>-1.2570046501016776</ele><time>2026-09-22T03:56:49Z</time></trkpt><trkpt lat="34.8396886" lon="136.5968583"><ele>-0.8244562996864957</ele><time>2026-09-22T03:57:04Z</time></trkpt><trkpt lat="34.8394751" lon="136.5967751"><ele>-1.4921698094084992</ele><time>2026-09-22T03:57:25Z</time></trkpt><trkpt lat="34.8393" lon="136.5966561"><ele>-2.526499962211801</ele><time>2026-09-22T03:57:43Z</time></trkpt><trkpt lat="34.8391057" lon="136.5965736"><ele>-2.927480907098252</ele><time>2026-09-22T03:58:01Z</time></trkpt><trkpt lat="34.8389211" lon="136.5964737"><ele>-2.828386299145327</ele><time>2026-09-22T03:58:19Z</time></trkpt><trkpt lat="34.8387682" lon="136.5963296"><ele>-1.9292229458246293</ele><time>2026-09-22T03:58:34Z</time></trkpt><trkpt lat="34.838585" lon="136.5962232"><ele>-0.6633485644418329</ele><time>2026-09-22T03:58:48Z</time></trkpt><trkpt lat="34.8384234" lon="136.5961214"><ele>0.03590957362843502</ele><time>2026-09-22T03:59:02Z</time></trkpt><trkpt lat="34.8382449" lon="136.5960322"><ele>1.0684004562482368</ele><time>2026-09-22T03:59:16Z</time></trkpt><trkpt lat="34.8380751" lon="136.5959473"><ele>1.834234688471324</ele><time>2026-09-22T03:59:32Z</time></trkpt><trkpt lat="34.8379063" lon="136.5961102"><ele>2.8331586923562853</ele><time>2026-09-22T03:59:50Z</time></trkpt><trkpt lat="34.8377257" lon="136.5959809"><ele>1.598779860377152</ele><time>2026-09-22T04:00:14Z</time></trkpt><trkpt lat="34.8375246" lon="136.5960717"><ele>-1.0024832970259656</ele><time>2026-09-22T04:00:29Z</time></trkpt><trkpt lat="34.8373949" lon="136.5958869"><ele>-3.6700300999581024</ele><time>2026-09-22T04:01:04Z</time></trkpt><trkpt lat="34.8372312" lon="136.5957582"><ele>-5.037541515610994</ele><time>2026-09-22T04:01:19Z</time></trkpt><trkpt lat="34.8370245" lon="136.5956649"><ele>-4.104904819658446</ele><time>2026-09-22T04:01:33Z</time></trkpt><trkpt lat="34.8368053" lon="136.5955673"><ele>-3.3058643093792077</ele><time>2026-09-22T04:02:12Z</time></trkpt><trkpt lat="34.8366254" lon="136.5954939"><ele>-1.9402386680542396</ele><time>2026-09-22T04:02:26Z</time></trkpt><trkpt lat="34.8364436" lon="136.5954097"><ele>-1.3079016103580656</ele><time>2026-09-22T04:02:41Z</time></trkpt><trkpt lat="34.8362221" lon="136.5953242"><ele>-0.2422461110315884</ele><time>2026-09-22T04:02:55Z</time></trkpt><trkpt lat="34.8360256" lon="136.5952855"><ele>1.2900113518690783</ele><time>2026-09-22T04:03:10Z</time></trkpt><trkpt lat="34.8358341" lon="136.5951518"><ele>1.0556254281778834</ele><time>2026-09-22T04:03:30Z</time></trkpt><trkpt lat="34.8356458" lon="136.5950684"><ele>1.987974355201769</ele><time>2026-09-22T04:03:44Z</time></trkpt><trkpt lat="34.8354633" lon="136.5949419"><ele>2.9204297411479367</ele><time>2026-09-22T04:03:59Z</time></trkpt><trkpt lat="34.8352593" lon="136.5948583"><ele>3.85281567073163</ele><time>2026-09-22T04:04:23Z</time></trkpt><trkpt lat="34.8350789" lon="136.5948054"><ele>3.618525176351914</ele><time>2026-09-22T04:04:35Z</time></trkpt><trkpt lat="34.8348919" lon="136.594771"><ele>2.317478294630533</ele><time>2026-09-22T04:04:47Z</time></trkpt><trkpt lat="34.8347092" lon="136.5946828"><ele>1.649813727178459</ele><time>2026-09-22T04:05:26Z</time></trkpt><trkpt lat="34.8345245" lon="136.5946105"><ele>1.4821574680779293</ele><time>2026-09-22T04:05:38Z</time></trkpt><trkpt lat="34.8343571" lon="136.5945111"><ele>0.9812663117410357</ele><time>2026-09-22T04:05:50Z</time></trkpt><trkpt lat="34.8343921" lon="136.5945106"><ele>4.347305011039623</ele><time>2026-09-22T04:52:56Z</time></trkpt><trkpt lat="34.8342275" lon="136.5944072"><ele>4.3469248376254725</ele><time>2026-09-22T04:53:23Z</time></trkpt><trkpt lat="34.8340549" lon="136.5943058"><ele>4.346526311871879</ele><time>2026-09-22T04:53:45Z</time></trkpt><trkpt lat="34.8338817" lon="136.5942012"><ele>4.345730975282367</ele><time>2026-09-22T04:54:03Z</time></trkpt><trkpt lat="34.8337066" lon="136.5940747"><ele>4.3449345069986025</ele><time>2026-09-22T04:54:21Z</time></trkpt><trkpt lat="34.8335517" lon="136.5939587"><ele>4.344188399790416</ele><time>2026-09-22T04:54:37Z</time></trkpt><trkpt lat="34.8333839" lon="136.5938122"><ele>4.343491086952565</ele><time>2026-09-22T04:54:58Z</time></trkpt><trkpt lat="34.8332039" lon="136.5937183"><ele>4.342766691896429</ele><time>2026-09-22T04:55:31Z</time></trkpt><trkpt lat="34.8330567" lon="136.5935432"><ele>4.342123952756656</ele><time>2026-09-22T04:56:03Z</time></trkpt><trkpt lat="34.8329032" lon="136.5934236"><ele>4.341501038580958</ele><time>2026-09-22T04:56:17Z</time></trkpt><trkpt lat="34.8327306" lon="136.5933436"><ele>0.5408850844740188</ele><time>2026-09-22T04:56:50Z</time></trkpt><trkpt lat="34.8325682" lon="136.5931963"><ele>-1.6597859203203253</ele><time>2026-09-22T04:57:25Z</time></trkpt><trkpt lat="34.8324235" lon="136.5930561"><ele>-3.893754499003832</ele><time>2026-09-22T04:57:40Z</time></trkpt><trkpt lat="34.8322626" lon="136.5929498"><ele>-1.594343141491836</ele><time>2026-09-22T04:57:58Z</time></trkpt><trkpt lat="34.8321264" lon="136.5927644"><ele>-2.228179084656766</ele><time>2026-09-22T04:58:16Z</time></trkpt><trkpt lat="34.831929" lon="136.5926724"><ele>-3.0621631450386766</ele><time>2026-09-22T04:58:37Z</time></trkpt><trkpt lat="34.8318437" lon="136.5924562"><ele>-5.12923220203898</ele><time>2026-09-22T04:58:57Z</time></trkpt><trkpt lat="34.8320124" lon="136.5923294"><ele>-4.295742772448567</ele><time>2026-09-22T04:59:21Z</time></trkpt><trkpt lat="34.831855" lon="136.5922025"><ele>-4.695475826565979</ele><time>2026-09-22T04:59:56Z</time></trkpt><trkpt lat="34.8317384" lon="136.5920016"><ele>-5.128618412220369</ele><time>2026-09-22T05:00:33Z</time></trkpt><trkpt lat="34.8316287" lon="136.5918127"><ele>-6.662263450870455</ele><time>2026-09-22T05:00:48Z</time></trkpt><trkpt lat="34.83151" lon="136.5916423"><ele>-6.1957926589568</ele><time>2026-09-22T05:01:03Z</time></trkpt><trkpt lat="34.8313705" lon="136.5914546"><ele>-4.896046102971764</ele><time>2026-09-22T05:01:21Z</time></trkpt><trkpt lat="34.831246" lon="136.5912766"><ele>-3.2296721996086717</ele><time>2026-09-22T05:01:50Z</time></trkpt><trkpt lat="34.8311232" lon="136.5911022"><ele>-2.963303035638674</ele><time>2026-09-22T05:02:05Z</time></trkpt><trkpt lat="34.8309808" lon="136.5909241"><ele>-3.1969482250894408</ele><time>2026-09-22T05:02:23Z</time></trkpt><trkpt lat="34.8308497" lon="136.5907494"><ele>-4.930609608921132</ele><time>2026-09-22T05:02:36Z</time></trkpt><trkpt lat="34.8307372" lon="136.590554"><ele>-5.197565226508318</ele><time>2026-09-22T05:02:51Z</time></trkpt><trkpt lat="34.8306132" lon="136.5903868"><ele>-5.064493687732654</ele><time>2026-09-22T05:03:05Z</time></trkpt><trkpt lat="34.8304914" lon="136.5902192"><ele>-3.964743188548527</ele><time>2026-09-22T05:03:19Z</time></trkpt><trkpt lat="34.830365" lon="136.5900249"><ele>-3.565021561194795</ele><time>2026-09-22T05:03:34Z</time></trkpt><trkpt lat="34.8302547" lon="136.5898414"><ele>-3.498591504129178</ele><time>2026-09-22T05:03:48Z</time></trkpt><trkpt lat="34.8301215" lon="136.5896783"><ele>-3.965521645891158</ele><time>2026-09-22T05:04:02Z</time></trkpt><trkpt lat="34.8299931" lon="136.5894687"><ele>-5.299109027061667</ele><time>2026-09-22T05:04:19Z</time></trkpt><trkpt lat="34.8298512" lon="136.5892963"><ele>-5.999436230272528</ele><time>2026-09-22T05:04:34Z</time></trkpt><trkpt lat="34.829705" lon="136.5891019"><ele>-6.699761927045035</ele><time>2026-09-22T05:04:52Z</time></trkpt><trkpt lat="34.8296263" lon="136.5888829"><ele>-6.333313176119629</ele><time>2026-09-22T05:05:32Z</time></trkpt><trkpt lat="34.8297258" lon="136.5886691"><ele>-6.166344344199632</ele><time>2026-09-22T05:05:55Z</time></trkpt><trkpt lat="34.8295672" lon="136.5885134"><ele>-5.999434552634234</ele><time>2026-09-22T05:06:06Z</time></trkpt><trkpt lat="34.8294382" lon="136.5883331"><ele>-5.965993051582906</ele><time>2026-09-22T05:06:20Z</time></trkpt><trkpt lat="34.8292837" lon="136.5881625"><ele>-5.333098588898442</ele><time>2026-09-22T05:06:39Z</time></trkpt><trkpt lat="34.8294297" lon="136.5880175"><ele>-4.399603292270359</ele><time>2026-09-22T05:07:00Z</time></trkpt><trkpt lat="34.8295075" lon="136.5877698"><ele>-3.1656341866933766</ele><time>2026-09-22T05:08:37Z</time></trkpt><trkpt lat="34.8296349" lon="136.5875127"><ele>-2.497690557264434</ele><time>2026-09-22T05:09:30Z</time></trkpt><trkpt lat="34.8295452" lon="136.5877299"><ele>-2.7972054084988565</ele><time>2026-09-22T05:10:09Z</time></trkpt><trkpt lat="34.8293935" lon="136.587863"><ele>-0.6641827289496831</ele><time>2026-09-22T05:10:23Z</time></trkpt><trkpt lat="34.8293769" lon="136.5880846"><ele>1.3014624337781602</ele><time>2026-09-22T05:10:42Z</time></trkpt><trkpt lat="34.82957" lon="136.5880116"><ele>3.96792952003153</ele><time>2026-09-22T05:12:26Z</time></trkpt><trkpt lat="34.8294117" lon="136.5880514"><ele>1.134213941439583</ele><time>2026-09-22T05:21:42Z</time></trkpt><trkpt lat="34.8292273" lon="136.5879951"><ele>0.38373419560570454</ele><time>2026-09-22T05:22:31Z</time></trkpt><trkpt lat="34.8290819" lon="136.5878143"><ele>-1.6665576084746216</ele><time>2026-09-22T05:22:49Z</time></trkpt><trkpt lat="34.828922" lon="136.5876392"><ele>-4.433841992340184</ele><time>2026-09-22T05:23:03Z</time></trkpt><trkpt lat="34.8289038" lon="136.5873892"><ele>-4.000622548777753</ele><time>2026-09-22T05:23:30Z</time></trkpt><trkpt lat="34.8290337" lon="136.5872357"><ele>-0.8668755127013602</ele><time>2026-09-22T05:23:45Z</time></trkpt><trkpt lat="34.8291465" lon="136.5870575"><ele>4.567420757400953</ele><time>2026-09-22T05:24:10Z</time></trkpt><trkpt lat="34.8289766" lon="136.5869046"><ele>4.80132735879504</ele><time>2026-09-22T05:24:51Z</time></trkpt><trkpt lat="34.8287994" lon="136.5867552"><ele>3.934614841497769</ele><time>2026-09-22T05:25:06Z</time></trkpt><trkpt lat="34.8286341" lon="136.5866015"><ele>1.100656625162479</ele><time>2026-09-22T05:25:21Z</time></trkpt><trkpt lat="34.8284468" lon="136.5864866"><ele>1.066629952782506</ele><time>2026-09-22T05:25:33Z</time></trkpt><trkpt lat="34.8282575" lon="136.586364"><ele>1.6992219924647383</ele><time>2026-09-22T05:25:48Z</time></trkpt><trkpt lat="34.8281094" lon="136.5861991"><ele>2.2318583132922947</ele><time>2026-09-22T05:26:03Z</time></trkpt><trkpt lat="34.8279288" lon="136.5860757"><ele>3.064515492306924</ele><time>2026-09-22T05:26:18Z</time></trkpt><trkpt lat="34.8277415" lon="136.5860091"><ele>3.697127259295781</ele><time>2026-09-22T05:26:30Z</time></trkpt><trkpt lat="34.827596" lon="136.5858744"><ele>2.996384225714555</ele><time>2026-09-22T05:26:42Z</time></trkpt><trkpt lat="34.8274264" lon="136.5857337"><ele>1.4623450976262664</ele><time>2026-09-22T05:26:57Z</time></trkpt><trkpt lat="34.8272701" lon="136.5855943"><ele>1.4284322173300101</ele><time>2026-09-22T05:27:11Z</time></trkpt><trkpt lat="34.8271103" lon="136.5854365"><ele>1.8945109577789836</ele><time>2026-09-22T05:27:35Z</time></trkpt><trkpt lat="34.8269656" lon="136.5852907"><ele>2.5606440485335304</ele><time>2026-09-22T05:28:02Z</time></trkpt><trkpt lat="34.826809" lon="136.5851786"><ele>1.426752425976036</ele><time>2026-09-22T05:28:11Z</time></trkpt><trkpt lat="34.8266389" lon="136.5850008"><ele>1.2261910322167466</ele><time>2026-09-22T05:28:26Z</time></trkpt><trkpt lat="34.8264532" lon="136.5849077"><ele>2.3588342797246136</ele><time>2026-09-22T05:28:38Z</time></trkpt><trkpt lat="34.8262647" lon="136.5847915"><ele>4.0247504456844325</ele><time>2026-09-22T05:28:53Z</time></trkpt><trkpt lat="34.8260937" lon="136.5846442"><ele>5.757304539393547</ele><time>2026-09-22T05:29:08Z</time></trkpt><trkpt lat="34.8259392" lon="136.5844567"><ele>5.456670927139302</ele><time>2026-09-22T05:29:22Z</time></trkpt><trkpt lat="34.8257852" lon="136.5843087"><ele>3.2894677650496433</ele><time>2026-09-22T05:29:40Z</time></trkpt><trkpt lat="34.8256117" lon="136.5841636"><ele>1.388924245443614</ele><time>2026-09-22T05:29:58Z</time></trkpt><trkpt lat="34.8254541" lon="136.584043"><ele>-0.07835112407601248</ele><time>2026-09-22T05:30:13Z</time></trkpt><trkpt lat="34.8253186" lon="136.5838797"><ele>-0.7789093196189754</ele><time>2026-09-22T05:30:28Z</time></trkpt><trkpt lat="34.8251568" lon="136.5837094"><ele>-2.279421937543676</ele><time>2026-09-22T05:30:46Z</time></trkpt><trkpt lat="34.8250088" lon="136.58356"><ele>-3.079890015616494</ele><time>2026-09-22T05:31:01Z</time></trkpt><trkpt lat="34.8248335" lon="136.5834004"><ele>-3.0471079199684206</ele><time>2026-09-22T05:31:15Z</time></trkpt><trkpt lat="34.824703" lon="136.5832396"><ele>-1.8142714704934448</ele><time>2026-09-22T05:31:27Z</time></trkpt><trkpt lat="34.8245197" lon="136.5831053"><ele>-0.6481858540410386</ele><time>2026-09-22T05:31:42Z</time></trkpt><trkpt lat="34.8243247" lon="136.5830106"><ele>1.6511364071869135</ele><time>2026-09-22T05:31:57Z</time></trkpt><trkpt lat="34.824153" lon="136.5829094"><ele>3.116990190861882</ele><time>2026-09-22T05:32:09Z</time></trkpt><trkpt lat="34.823977" lon="136.5827967"><ele>2.9495062250584994</ele><time>2026-09-22T05:32:27Z</time></trkpt><trkpt lat="34.8237778" lon="136.5827336"><ele>0.7819859897667433</ele><time>2026-09-22T05:32:41Z</time></trkpt><trkpt lat="34.8236087" lon="136.5826497"><ele>-1.1522109575589898</ele><time>2026-09-22T05:32:53Z</time></trkpt><trkpt lat="34.8234345" lon="136.5825336"><ele>-1.4530680220021897</ele><time>2026-09-22T05:33:07Z</time></trkpt><trkpt lat="34.8232464" lon="136.5823984"><ele>-1.4538394695245767</ele><time>2026-09-22T05:33:22Z</time></trkpt><trkpt lat="34.8230785" lon="136.5822838"><ele>-1.0545815701834205</ele><time>2026-09-22T05:33:36Z</time></trkpt><trkpt lat="34.8229092" lon="136.5821695"><ele>-0.9219821477029745</ele><time>2026-09-22T05:33:50Z</time></trkpt><trkpt lat="34.8227341" lon="136.582046"><ele>-0.6560336560216816</ele><time>2026-09-22T05:34:06Z</time></trkpt><trkpt lat="34.8226135" lon="136.5818577"><ele>-0.7232588670502599</ele><time>2026-09-22T05:34:21Z</time></trkpt><trkpt lat="34.8224501" lon="136.5817217"><ele>-1.5571198955409333</ele><time>2026-09-22T05:34:35Z</time></trkpt><trkpt lat="34.8222786" lon="136.581603"><ele>-2.1909779820153354</ele><time>2026-09-22T05:34:51Z</time></trkpt><trkpt lat="34.8221124" lon="136.5814413"><ele>-2.324951022030189</ele><time>2026-09-22T05:35:05Z</time></trkpt><trkpt lat="34.8219653" lon="136.5812881"><ele>-1.9588763028030673</ele><time>2026-09-22T05:35:19Z</time></trkpt><trkpt lat="34.8218204" lon="136.5811087"><ele>-1.7593616029702563</ele><time>2026-09-22T05:35:34Z</time></trkpt><trkpt lat="34.8216997" lon="136.5809315"><ele>-2.259742037571094</ele><time>2026-09-22T05:35:48Z</time></trkpt><trkpt lat="34.8215711" lon="136.580773"><ele>-3.0267474162173023</ele><time>2026-09-22T05:36:02Z</time></trkpt><trkpt lat="34.821481" lon="136.5805491"><ele>-3.8269371122683444</ele><time>2026-09-22T05:36:17Z</time></trkpt><trkpt lat="34.821379" lon="136.5803354"><ele>-4.493723940933125</ele><time>2026-09-22T05:36:34Z</time></trkpt><trkpt lat="34.8213296" lon="136.580101"><ele>-4.260285177317878</ele><time>2026-09-22T05:36:56Z</time></trkpt><trkpt lat="34.8212999" lon="136.5798524"><ele>-3.326703513985</ele><time>2026-09-22T05:37:11Z</time></trkpt><trkpt lat="34.8212667" lon="136.5796329"><ele>-3.0596453415876987</ele><time>2026-09-22T05:37:25Z</time></trkpt><trkpt lat="34.8211658" lon="136.5794404"><ele>-2.6927273996388053</ele><time>2026-09-22T05:37:54Z</time></trkpt><trkpt lat="34.821105" lon="136.5792117"><ele>-2.7258894098731354</ele><time>2026-09-22T05:38:24Z</time></trkpt><trkpt lat="34.8210323" lon="136.5789728"><ele>-1.7924470684407676</ele><time>2026-09-22T05:38:42Z</time></trkpt><trkpt lat="34.8209704" lon="136.5787669"><ele>-1.9589146953225267</ele><time>2026-09-22T05:39:52Z</time></trkpt><trkpt lat="34.8207894" lon="136.5786133"><ele>-2.1923563640529076</ele><time>2026-09-22T05:40:24Z</time></trkpt><trkpt lat="34.8205973" lon="136.5785368"><ele>-2.9261804592626413</ele><time>2026-09-22T05:40:39Z</time></trkpt><trkpt lat="34.8204169" lon="136.5785237"><ele>-2.7270785124854178</ele><time>2026-09-22T05:41:06Z</time></trkpt><trkpt lat="34.8204805" lon="136.5782836"><ele>-2.1940761116388523</ele><time>2026-09-22T05:42:44Z</time></trkpt><trkpt lat="34.8205516" lon="136.5780518"><ele>-0.7937421266431315</ele><time>2026-09-22T05:42:58Z</time></trkpt><trkpt lat="34.8205935" lon="136.5778258"><ele>0.007225216517632305</ele><time>2026-09-22T05:43:12Z</time></trkpt><trkpt lat="34.8206558" lon="136.5776047"><ele>-0.12516002376409574</ele><time>2026-09-22T05:43:26Z</time></trkpt><trkpt lat="34.8207066" lon="136.5773875"><ele>-1.4575988191620415</ele><time>2026-09-22T05:43:41Z</time></trkpt><trkpt lat="34.8207648" lon="136.5771674"><ele>-2.65667668496936</ele><time>2026-09-22T05:43:56Z</time></trkpt><trkpt lat="34.8208193" lon="136.5769299"><ele>-3.089089117865013</ele><time>2026-09-22T05:44:10Z</time></trkpt><trkpt lat="34.8208859" lon="136.576691"><ele>-2.288117385768748</ele><time>2026-09-22T05:44:25Z</time></trkpt><trkpt lat="34.8209239" lon="136.5764697"><ele>-1.5538518160249903</ele><time>2026-09-22T05:44:40Z</time></trkpt><trkpt lat="34.8209581" lon="136.5762528"><ele>-1.5863117555857968</ele><time>2026-09-22T05:45:07Z</time></trkpt><trkpt lat="34.8209636" lon="136.5760027"><ele>-2.5188846045486435</ele><time>2026-09-22T05:45:19Z</time></trkpt><trkpt lat="34.8209877" lon="136.5757359"><ele>-3.418112080785098</ele><time>2026-09-22T05:45:34Z</time></trkpt><trkpt lat="34.8210036" lon="136.5754995"><ele>-3.550692527513893</ele><time>2026-09-22T05:45:48Z</time></trkpt><trkpt lat="34.821031" lon="136.5752485"><ele>-3.116561493461399</ele><time>2026-09-22T05:46:03Z</time></trkpt><trkpt lat="34.8210591" lon="136.5750086"><ele>-2.6824460231327714</ele><time>2026-09-22T05:46:18Z</time></trkpt><trkpt lat="34.8211495" lon="136.5748175"><ele>-2.081525340750531</ele><time>2026-09-22T05:47:01Z</time></trkpt><trkpt lat="34.8212173" lon="136.5745716"><ele>-2.113822920979679</ele><time>2026-09-22T05:47:13Z</time></trkpt><trkpt lat="34.821254" lon="136.5743464"><ele>-2.012747746500897</ele><time>2026-09-22T05:47:27Z</time></trkpt><trkpt lat="34.8213684" lon="136.5741729"><ele>-0.911641799847518</ele><time>2026-09-22T05:47:44Z</time></trkpt><trkpt lat="34.8211955" lon="136.5740162"><ele>0.022222266926974044</ele><time>2026-09-22T05:48:05Z</time></trkpt><trkpt lat="34.8212995" lon="136.5741971"><ele>-0.6775320859552684</ele><time>2026-09-22T05:48:49Z</time></trkpt><trkpt lat="34.8211157" lon="136.574112"><ele>-2.2446425388094036</ele><time>2026-09-22T05:49:03Z</time></trkpt><trkpt lat="34.8209458" lon="136.5739745"><ele>-2.37843326247035</ele><time>2026-09-22T05:49:21Z</time></trkpt><trkpt lat="34.8207855" lon="136.5738373"><ele>-1.3790912254675003</ele><time>2026-09-22T05:49:39Z</time></trkpt><trkpt lat="34.8206913" lon="136.5736508"><ele>-1.3461306080816773</ele><time>2026-09-22T05:50:07Z</time></trkpt><trkpt lat="34.820677" lon="136.5734154"><ele>-2.8127562027780946</ele><time>2026-09-22T05:50:16Z</time></trkpt><trkpt lat="34.8206043" lon="136.5731585"><ele>-4.112414989152427</ele><time>2026-09-22T05:50:32Z</time></trkpt><trkpt lat="34.8205159" lon="136.5729193"><ele>-4.745340285604837</ele><time>2026-09-22T05:50:47Z</time></trkpt><trkpt lat="34.8204198" lon="136.5726754"><ele>-5.211753212849359</ele><time>2026-09-22T05:51:02Z</time></trkpt><trkpt lat="34.8202902" lon="136.5724575"><ele>-4.811652943130028</ele><time>2026-09-22T05:51:17Z</time></trkpt><trkpt lat="34.8202172" lon="136.572231"><ele>-4.044867750869415</ele><time>2026-09-22T05:51:32Z</time></trkpt><trkpt lat="34.8201072" lon="136.5720393"><ele>-3.5114971612030623</ele><time>2026-09-22T05:51:44Z</time></trkpt><trkpt lat="34.8200197" lon="136.5718438"><ele>-3.644731839058302</ele><time>2026-09-22T05:52:00Z</time></trkpt><trkpt lat="34.8199207" lon="136.5716389"><ele>-5.078040227435184</ele><time>2026-09-22T05:52:14Z</time></trkpt><trkpt lat="34.8197814" lon="136.5714885"><ele>-5.778115997190144</ele><time>2026-09-22T05:52:26Z</time></trkpt><trkpt lat="34.8196211" lon="136.5713553"><ele>-6.311734350418192</ele><time>2026-09-22T05:52:41Z</time></trkpt><trkpt lat="34.8194208" lon="136.571267"><ele>-4.379008582050379</ele><time>2026-09-22T05:52:59Z</time></trkpt><trkpt lat="34.8192515" lon="136.5711881"><ele>-3.0130831792839032</ele><time>2026-09-22T05:53:13Z</time></trkpt><trkpt lat="34.8190713" lon="136.5711705"><ele>-2.5806509435387377</ele><time>2026-09-22T05:53:28Z</time></trkpt><trkpt lat="34.818889" lon="136.5712533"><ele>-3.3816948802734004</ele><time>2026-09-22T05:53:46Z</time></trkpt><trkpt lat="34.8187557" lon="136.5710634"><ele>-3.5492173554214097</ele><time>2026-09-22T05:54:03Z</time></trkpt><trkpt lat="34.8185669" lon="136.5709806"><ele>-2.450021739425599</ele><time>2026-09-22T05:54:17Z</time></trkpt><trkpt lat="34.8183843" lon="136.5708842"><ele>-1.283972028473966</ele><time>2026-09-22T05:54:36Z</time></trkpt><trkpt lat="34.8182094" lon="136.5707352"><ele>-0.05138049061689524</ele><time>2026-09-22T05:55:01Z</time></trkpt><trkpt lat="34.8180054" lon="136.5706004"><ele>0.5812361015629648</ele><time>2026-09-22T05:55:16Z</time></trkpt><trkpt lat="34.8178202" lon="136.5705132"><ele>0.18050517646015862</ele><time>2026-09-22T05:55:30Z</time></trkpt><trkpt lat="34.8176248" lon="136.5704141"><ele>-1.9536515504828056</ele><time>2026-09-22T05:55:47Z</time></trkpt><trkpt lat="34.8174565" lon="136.5703133"><ele>-3.287772500975161</ele><time>2026-09-22T05:56:02Z</time></trkpt><trkpt lat="34.8172909" lon="136.5701782"><ele>-3.955136798914886</ele><time>2026-09-22T05:56:19Z</time></trkpt><trkpt lat="34.8171011" lon="136.5700777"><ele>-3.222487877675327</ele><time>2026-09-22T05:56:33Z</time></trkpt><trkpt lat="34.816928" lon="136.5699366"><ele>-2.823138614306972</ele><time>2026-09-22T05:56:48Z</time></trkpt><trkpt lat="34.816743" lon="136.5698326"><ele>-2.12385999911587</ele><time>2026-09-22T05:57:02Z</time></trkpt><trkpt lat="34.8165561" lon="136.5697099"><ele>-0.5578407789216371</ele><time>2026-09-22T05:57:18Z</time></trkpt><trkpt lat="34.8163737" lon="136.5695787"><ele>1.5748891276146537</ele><time>2026-09-22T05:57:33Z</time></trkpt><trkpt lat="34.8161803" lon="136.569467"><ele>3.3076873178305135</ele><time>2026-09-22T05:57:48Z</time></trkpt><trkpt lat="34.816026" lon="136.5693482"><ele>2.4405627283067397</ele><time>2026-09-22T05:58:05Z</time></trkpt><trkpt lat="34.8158529" lon="136.5692428"><ele>0.10675818960081784</ele><time>2026-09-22T05:58:23Z</time></trkpt><trkpt lat="34.8156619" lon="136.569163"><ele>-2.1604102205387883</ele><time>2026-09-22T05:58:39Z</time></trkpt><trkpt lat="34.815498" lon="136.5690079"><ele>-2.460889729549374</ele><time>2026-09-22T05:58:53Z</time></trkpt><trkpt lat="34.8153176" lon="136.5688821"><ele>-1.3946934693410664</ele><time>2026-09-22T05:59:08Z</time></trkpt><trkpt lat="34.8151578" lon="136.5687515"><ele>-0.7950617032554254</ele><time>2026-09-22T05:59:23Z</time></trkpt><trkpt lat="34.8149909" lon="136.5685974"><ele>-0.6954366770442633</ele><time>2026-09-22T05:59:40Z</time></trkpt><trkpt lat="34.814841" lon="136.5684576"><ele>-2.0624159954824868</ele><time>2026-09-22T05:59:54Z</time></trkpt><trkpt lat="34.8146845" lon="136.5683165"><ele>-2.6960465640515587</ele><time>2026-09-22T06:00:09Z</time></trkpt><trkpt lat="34.8145227" lon="136.5681645"><ele>-2.6296721217703976</ele><time>2026-09-22T06:00:25Z</time></trkpt><trkpt lat="34.8143466" lon="136.5680416"><ele>-2.730024578606115</ele><time>2026-09-22T06:00:42Z</time></trkpt><trkpt lat="34.8141842" lon="136.5679003"><ele>-2.897053755578611</ele><time>2026-09-22T06:00:57Z</time></trkpt><trkpt lat="34.8140098" lon="136.5677905"><ele>-3.1974812466925258</ele><time>2026-09-22T06:01:11Z</time></trkpt><trkpt lat="34.8138692" lon="136.5676437"><ele>-2.764494669422104</ele><time>2026-09-22T06:01:26Z</time></trkpt><trkpt lat="34.8136873" lon="136.5675346"><ele>-2.564906891960528</ele><time>2026-09-22T06:01:40Z</time></trkpt><trkpt lat="34.8135249" lon="136.5673922"><ele>-2.3986001559945245</ele><time>2026-09-22T06:01:55Z</time></trkpt><trkpt lat="34.8133629" lon="136.5672723"><ele>-2.265689692427351</ele><time>2026-09-22T06:02:09Z</time></trkpt><trkpt lat="34.813331" lon="136.5670511"><ele>-2.565757095664528</ele><time>2026-09-22T06:02:44Z</time></trkpt><trkpt lat="34.8134913" lon="136.5669055"><ele>-2.9986386387127624</ele><time>2026-09-22T06:03:20Z</time></trkpt><trkpt lat="34.8135003" lon="136.567131"><ele>-2.9982721962414396</ele><time>2026-09-22T06:03:32Z</time></trkpt><trkpt lat="34.8133176" lon="136.56711"><ele>-2.798354748201208</ele><time>2026-09-22T06:03:44Z</time></trkpt><trkpt lat="34.8132855" lon="136.5667207"><ele>3.5019426343167197</ele><time>2026-09-22T06:16:27Z</time></trkpt><trkpt lat="34.8132403" lon="136.5670002"><ele>3.5013992293764815</ele><time>2026-09-22T06:16:46Z</time></trkpt><trkpt lat="34.813135" lon="136.567187"><ele>3.500855966029088</ele><time>2026-09-22T06:16:58Z</time></trkpt><trkpt lat="34.8129237" lon="136.5670765"><ele>3.499907987824841</ele><time>2026-09-22T06:17:15Z</time></trkpt><trkpt lat="34.8127946" lon="136.5668704"><ele>3.5326616820408816</ele><time>2026-09-22T06:17:23Z</time></trkpt><trkpt lat="34.8126404" lon="136.5667082"><ele>3.565698160362613</ele><time>2026-09-22T06:17:35Z</time></trkpt><trkpt lat="34.8124939" lon="136.5665434"><ele>3.598893588529291</ele><time>2026-09-22T06:17:49Z</time></trkpt><trkpt lat="34.8123353" lon="136.5664351"><ele>3.8652734090695233</ele><time>2026-09-22T06:18:28Z</time></trkpt><trkpt lat="34.8122217" lon="136.5662476"><ele>4.131743577398808</ele><time>2026-09-22T06:18:39Z</time></trkpt><trkpt lat="34.812056" lon="136.5660872"><ele>4.398177511208009</ele><time>2026-09-22T06:18:54Z</time></trkpt><trkpt lat="34.8119111" lon="136.5659231"><ele>4.3980236882712544</ele><time>2026-09-22T06:19:08Z</time></trkpt><trkpt lat="34.8117626" lon="136.5657386"><ele>4.397809773616973</ele><time>2026-09-22T06:19:23Z</time></trkpt><trkpt lat="34.8116312" lon="136.565585"><ele>4.397643085414162</ele><time>2026-09-22T06:19:35Z</time></trkpt><trkpt lat="34.8114781" lon="136.5654114"><ele>4.3974720361319966</ele><time>2026-09-22T06:19:50Z</time></trkpt><trkpt lat="34.8113151" lon="136.5652863"><ele>4.397215755327882</ele><time>2026-09-22T06:20:06Z</time></trkpt><trkpt lat="34.8111251" lon="136.5652158"><ele>4.396779115312792</ele><time>2026-09-22T06:20:19Z</time></trkpt><trkpt lat="34.8109646" lon="136.5650683"><ele>4.396302936455001</ele><time>2026-09-22T06:20:34Z</time></trkpt><trkpt lat="34.8107877" lon="136.5649615"><ele>4.395784876027797</ele><time>2026-09-22T06:20:48Z</time></trkpt><trkpt lat="34.810604" lon="136.5648178"><ele>4.395351047757285</ele><time>2026-09-22T06:21:04Z</time></trkpt><trkpt lat="34.8104462" lon="136.5646835"><ele>4.394907235804276</ele><time>2026-09-22T06:21:19Z</time></trkpt><trkpt lat="34.8102528" lon="136.5645749"><ele>4.394437814428365</ele><time>2026-09-22T06:21:37Z</time></trkpt><trkpt lat="34.8100707" lon="136.5644833"><ele>4.393917060633886</ele><time>2026-09-22T06:21:55Z</time></trkpt><trkpt lat="34.8098884" lon="136.5644003"><ele>2.1266376263729874</ele><time>2026-09-22T06:22:10Z</time></trkpt><trkpt lat="34.8096905" lon="136.56435"><ele>0.05929103371272978</ele><time>2026-09-22T06:22:25Z</time></trkpt><trkpt lat="34.8094913" lon="136.5643832"><ele>-1.8748769379637291</ele><time>2026-09-22T06:22:42Z</time></trkpt><trkpt lat="34.8093109" lon="136.5645247"><ele>-1.2426033313861897</ele><time>2026-09-22T06:23:00Z</time></trkpt><trkpt lat="34.8091169" lon="136.5645089"><ele>-0.7103583262169243</ele><time>2026-09-22T06:23:36Z</time></trkpt><trkpt lat="34.8089893" lon="136.56434"><ele>-0.14445980453994167</ele><time>2026-09-22T06:23:48Z</time></trkpt><trkpt lat="34.808776" lon="136.5642259"><ele>1.3549771167349032</ele><time>2026-09-22T06:24:10Z</time></trkpt><trkpt lat="34.8086314" lon="136.5640651"><ele>2.6546397000854682</ele><time>2026-09-22T06:24:24Z</time></trkpt><trkpt lat="34.808469" lon="136.5639132"><ele>3.6208945752607753</ele><time>2026-09-22T06:24:41Z</time></trkpt><trkpt lat="34.808326" lon="136.5637711"><ele>3.3872906081085765</ele><time>2026-09-22T06:24:56Z</time></trkpt><trkpt lat="34.808172" lon="136.5636525"><ele>2.520294777867806</ele><time>2026-09-22T06:25:10Z</time></trkpt><trkpt lat="34.8079949" lon="136.5634992"><ele>1.2532756351852068</ele><time>2026-09-22T06:25:27Z</time></trkpt><trkpt lat="34.8078451" lon="136.5633575"><ele>-0.41375574896097805</ele><time>2026-09-22T06:25:41Z</time></trkpt><trkpt lat="34.8076908" lon="136.563211"><ele>-1.114093762644328</ele><time>2026-09-22T06:25:56Z</time></trkpt><trkpt lat="34.8074997" lon="136.5630979"><ele>-1.4478290560915923</ele><time>2026-09-22T06:26:13Z</time></trkpt><trkpt lat="34.807337" lon="136.5629789"><ele>-1.0816088431063662</ele><time>2026-09-22T06:26:29Z</time></trkpt><trkpt lat="34.8071537" lon="136.5628547"><ele>-1.282125584053998</ele><time>2026-09-22T06:26:47Z</time></trkpt><trkpt lat="34.8069875" lon="136.5627417"><ele>-1.1492693815746524</ele><time>2026-09-22T06:27:02Z</time></trkpt><trkpt lat="34.8067986" lon="136.5626699"><ele>-2.316503615444077</ele><time>2026-09-22T06:27:16Z</time></trkpt><trkpt lat="34.8066114" lon="136.5625827"><ele>-3.11711513454028</ele><time>2026-09-22T06:27:31Z</time></trkpt><trkpt lat="34.8064157" lon="136.5624508"><ele>-4.117756603436476</ele><time>2026-09-22T06:27:46Z</time></trkpt><trkpt lat="34.8062206" lon="136.5623692"><ele>-4.2183990556877005</ele><time>2026-09-22T06:28:02Z</time></trkpt><trkpt lat="34.8060768" lon="136.5622369"><ele>-3.58559336309249</ele><time>2026-09-22T06:28:17Z</time></trkpt><trkpt lat="34.8058905" lon="136.5621418"><ele>-3.1861429937606616</ele><time>2026-09-22T06:28:32Z</time></trkpt><trkpt lat="34.8056973" lon="136.5620363"><ele>-2.9199998640074085</ele><time>2026-09-22T06:28:51Z</time></trkpt><trkpt lat="34.8055937" lon="136.5622354"><ele>-3.0207861541739427</ele><time>2026-09-22T06:31:43Z</time></trkpt><trkpt lat="34.8053937" lon="136.5621927"><ele>-2.221646825796919</ele><time>2026-09-22T06:32:05Z</time></trkpt><trkpt lat="34.8052231" lon="136.5620958"><ele>-1.6891460413743953</ele><time>2026-09-22T06:32:19Z</time></trkpt><trkpt lat="34.8050108" lon="136.5620036"><ele>-1.5898682368733528</ele><time>2026-09-22T06:32:45Z</time></trkpt><trkpt lat="34.8048657" lon="136.5621548"><ele>-1.5240254108497784</ele><time>2026-09-22T06:33:37Z</time></trkpt><trkpt lat="34.8046834" lon="136.5622152"><ele>-1.1916899896349331</ele><time>2026-09-22T06:33:46Z</time></trkpt><trkpt lat="34.8045235" lon="136.5623178"><ele>-1.2594605166288488</ele><time>2026-09-22T06:34:01Z</time></trkpt><trkpt lat="34.804331" lon="136.5623575"><ele>-1.2938648317527683</ele><time>2026-09-22T06:34:16Z</time></trkpt><trkpt lat="34.804147" lon="136.5623827"><ele>-1.1949036661859793</ele><time>2026-09-22T06:34:33Z</time></trkpt><trkpt lat="34.8039821" lon="136.5622804"><ele>-1.3290829676359077</ele><time>2026-09-22T06:35:17Z</time></trkpt><trkpt lat="34.803808" lon="136.5622101"><ele>-2.063124670238762</ele><time>2026-09-22T06:35:46Z</time></trkpt><trkpt lat="34.8036523" lon="136.5620867"><ele>-2.430308550847028</ele><time>2026-09-22T06:36:00Z</time></trkpt><trkpt lat="34.8034931" lon="136.5619729"><ele>-2.56413920535924</ele><time>2026-09-22T06:36:13Z</time></trkpt><trkpt lat="34.803317" lon="136.5618314"><ele>-3.0979043110989957</ele><time>2026-09-22T06:36:28Z</time></trkpt><trkpt lat="34.8031345" lon="136.5616874"><ele>-3.8650272503392955</ele><time>2026-09-22T06:36:43Z</time></trkpt><trkpt lat="34.8029465" lon="136.5615725"><ele>-3.7655303117451644</ele><time>2026-09-22T06:36:57Z</time></trkpt><trkpt lat="34.8027934" lon="136.5614438"><ele>-2.1660091138421813</ele><time>2026-09-22T06:37:14Z</time></trkpt><trkpt lat="34.8025988" lon="136.5612733"><ele>-0.6998162769495787</ele><time>2026-09-22T06:38:03Z</time></trkpt><trkpt lat="34.8024652" lon="136.561093"><ele>0.23319479137345192</ele><time>2026-09-22T06:38:18Z</time></trkpt><trkpt lat="34.8022835" lon="136.5609266"><ele>-1.1338053779839303</ele><time>2026-09-22T06:38:45Z</time></trkpt><trkpt lat="34.8021506" lon="136.5607646"><ele>-2.467380429085859</ele><time>2026-09-22T06:39:00Z</time></trkpt><trkpt lat="34.8020421" lon="136.5605828"><ele>-3.0342471126146577</ele><time>2026-09-22T06:39:15Z</time></trkpt><trkpt lat="34.801866" lon="136.5604295"><ele>-2.3344516073279635</ele><time>2026-09-22T06:39:30Z</time></trkpt><trkpt lat="34.8017149" lon="136.5602666"><ele>-2.0013526505260586</ele><time>2026-09-22T06:39:44Z</time></trkpt><trkpt lat="34.8015654" lon="136.560068"><ele>-1.6683057684402793</ele><time>2026-09-22T06:40:22Z</time></trkpt><trkpt lat="34.8014073" lon="136.5599056"><ele>-0.9685548821154697</ele><time>2026-09-22T06:40:36Z</time></trkpt><trkpt lat="34.8012882" lon="136.5597302"><ele>0.031259735736336815</ele><time>2026-09-22T06:40:50Z</time></trkpt><trkpt lat="34.8011873" lon="136.5595388"><ele>0.16447980765900874</ele><time>2026-09-22T06:41:04Z</time></trkpt><trkpt lat="34.8010384" lon="136.5593461"><ele>-0.9022567839924042</ele><time>2026-09-22T06:41:21Z</time></trkpt><trkpt lat="34.8008796" lon="136.5592251"><ele>-1.6024452094370432</ele><time>2026-09-22T06:41:37Z</time></trkpt><trkpt lat="34.8007634" lon="136.559045"><ele>-1.5360038706363663</ele><time>2026-09-22T06:41:52Z</time></trkpt><trkpt lat="34.8005366" lon="136.5589182"><ele>-1.103088589230057</ele><time>2026-09-22T06:43:54Z</time></trkpt><trkpt lat="34.8003817" lon="136.5587732"><ele>-1.303478072077996</ele><time>2026-09-22T06:44:09Z</time></trkpt><trkpt lat="34.8002134" lon="136.5586012"><ele>-1.6039623437769375</ele><time>2026-09-22T06:44:27Z</time></trkpt><trkpt lat="34.8000692" lon="136.5584416"><ele>-1.5042797517947146</ele><time>2026-09-22T06:44:42Z</time></trkpt><trkpt lat="34.7998982" lon="136.5583318"><ele>-1.0712949814340529</ele><time>2026-09-22T06:44:59Z</time></trkpt><trkpt lat="34.7997462" lon="136.5581548"><ele>-0.8049014155276643</ele><time>2026-09-22T06:45:13Z</time></trkpt><trkpt lat="34.7995812" lon="136.5580346"><ele>-0.4718654643104472</ele><time>2026-09-22T06:45:30Z</time></trkpt><trkpt lat="34.7993936" lon="136.5579792"><ele>0.1944491141801521</ele><time>2026-09-22T06:45:45Z</time></trkpt><trkpt lat="34.7993306" lon="136.5576285"><ele>-0.40561750976217087</ele><time>2026-09-22T06:46:23Z</time></trkpt><trkpt lat="34.7992454" lon="136.5573951"><ele>-0.838801866080793</ele><time>2026-09-22T06:46:38Z</time></trkpt><trkpt lat="34.7991823" lon="136.5571767"><ele>-0.6049955771591561</ele><time>2026-09-22T06:46:53Z</time></trkpt><trkpt lat="34.7990967" lon="136.5569328"><ele>1.0620110844599726</ele><time>2026-09-22T06:47:12Z</time></trkpt><trkpt lat="34.7992784" lon="136.5568091"><ele>2.9292789457328987</ele><time>2026-09-22T06:49:08Z</time></trkpt><trkpt lat="34.799374" lon="136.5566215"><ele>3.8300684389617508</ele><time>2026-09-22T06:49:26Z</time></trkpt><trkpt lat="34.7994482" lon="136.5564213"><ele>4.264369188015682</ele><time>2026-09-22T06:49:43Z</time></trkpt><trkpt lat="34.7996142" lon="136.5562818"><ele>4.2653308915193975</ele><time>2026-09-22T06:50:02Z</time></trkpt><trkpt lat="34.7996956" lon="136.556059"><ele>4.266307252467044</ele><time>2026-09-22T06:50:13Z</time></trkpt><trkpt lat="34.799738" lon="136.5558463"><ele>4.267252386553847</ele><time>2026-09-22T06:50:28Z</time></trkpt><trkpt lat="34.7998188" lon="136.5556492"><ele>4.268135849129426</ele><time>2026-09-22T06:50:42Z</time></trkpt><trkpt lat="34.7999231" lon="136.5554559"><ele>4.269023371673356</ele><time>2026-09-22T06:50:56Z</time></trkpt><trkpt lat="34.7999031" lon="136.555227"><ele>4.269840658782161</ele><time>2026-09-22T06:51:22Z</time></trkpt><trkpt lat="34.7997695" lon="136.5550567"><ele>4.270336760142773</ele><time>2026-09-22T06:51:56Z</time></trkpt><trkpt lat="34.7995928" lon="136.5549586"><ele>4.270354194675363</ele><time>2026-09-22T06:52:08Z</time></trkpt><trkpt lat="34.7994324" lon="136.5548193"><ele>4.270091792220723</ele><time>2026-09-22T06:52:26Z</time></trkpt><trkpt lat="34.7992629" lon="136.5546644"><ele>4.2697642828515185</ele><time>2026-09-22T06:52:41Z</time></trkpt><trkpt lat="34.7991202" lon="136.5544587"><ele>2.7362517836753355</ele><time>2026-09-22T06:53:23Z</time></trkpt><trkpt lat="34.7989699" lon="136.5543039"><ele>1.3694337389259321</ele><time>2026-09-22T06:53:37Z</time></trkpt><trkpt lat="34.7988239" lon="136.5541274"><ele>-0.030665579150190563</ele><time>2026-09-22T06:53:53Z</time></trkpt><trkpt lat="34.7987192" lon="136.5538948"><ele>0.10264560627894544</ele><time>2026-09-22T06:54:11Z</time></trkpt><trkpt lat="34.7986286" lon="136.5537033"><ele>0.2694068525156581</ele><time>2026-09-22T06:54:26Z</time></trkpt><trkpt lat="34.7985224" lon="136.5535159"><ele>1.2028995036032153</ele><time>2026-09-22T06:55:02Z</time></trkpt><trkpt lat="34.7983388" lon="136.5534133"><ele>1.7361588869584068</ele><time>2026-09-22T06:55:27Z</time></trkpt><trkpt lat="34.7981379" lon="136.5533556"><ele>1.7358046046818103</ele><time>2026-09-22T06:56:01Z</time></trkpt><trkpt lat="34.7979653" lon="136.5532591"><ele>1.1686048608924935</ele><time>2026-09-22T06:56:20Z</time></trkpt><trkpt lat="34.7979439" lon="136.5529685"><ele>0.7018072729145359</ele><time>2026-09-22T06:56:49Z</time></trkpt><trkpt lat="34.7978113" lon="136.5527613"><ele>0.30191143449741514</ele><time>2026-09-22T06:57:14Z</time></trkpt><trkpt lat="34.7976454" lon="136.5526363"><ele>-0.6312824386973617</ele><time>2026-09-22T06:57:28Z</time></trkpt><trkpt lat="34.7974819" lon="136.5525009"><ele>-1.5314878246113963</ele><time>2026-09-22T06:57:44Z</time></trkpt><trkpt lat="34.7973281" lon="136.5523563"><ele>-1.498449136662875</ele><time>2026-09-22T06:57:59Z</time></trkpt><trkpt lat="34.7971733" lon="136.552221"><ele>-0.7653860595304091</ele><time>2026-09-22T06:58:14Z</time></trkpt><trkpt lat="34.7970455" lon="136.5520615"><ele>0.06774871423719493</ele><time>2026-09-22T06:58:29Z</time></trkpt><trkpt lat="34.7968928" lon="136.5519353"><ele>-0.5991329598936824</ele><time>2026-09-22T06:58:43Z</time></trkpt><trkpt lat="34.7967295" lon="136.5517756"><ele>-1.2326711878458287</ele><time>2026-09-22T06:58:57Z</time></trkpt><trkpt lat="34.796578" lon="136.5516083"><ele>-1.9329028167419935</ele><time>2026-09-22T06:59:14Z</time></trkpt><trkpt lat="34.7964429" lon="136.5514591"><ele>-2.6330891032619164</ele><time>2026-09-22T06:59:28Z</time></trkpt><trkpt lat="34.7963099" lon="136.5512927"><ele>-3.266560851526357</ele><time>2026-09-22T06:59:42Z</time></trkpt><trkpt lat="34.7961715" lon="136.5511398"><ele>-3.5666951233197395</ele><time>2026-09-22T06:59:56Z</time></trkpt><trkpt lat="34.7960218" lon="136.5509842"><ele>-3.4001780627597142</ele><time>2026-09-22T07:00:14Z</time></trkpt><trkpt lat="34.7958797" lon="136.5508283"><ele>-3.03368436316755</ele><time>2026-09-22T07:00:28Z</time></trkpt><trkpt lat="34.795755" lon="136.5506676"><ele>-2.2671649314556768</ele><time>2026-09-22T07:00:42Z</time></trkpt><trkpt lat="34.7956124" lon="136.5505257"><ele>-0.6339823489903912</ele><time>2026-09-22T07:00:56Z</time></trkpt><trkpt lat="34.7954643" lon="136.5503384"><ele>0.1658867261908791</ele><time>2026-09-22T07:01:13Z</time></trkpt><trkpt lat="34.7953327" lon="136.5501332"><ele>0.46578644927616136</ele><time>2026-09-22T07:01:59Z</time></trkpt><trkpt lat="34.7952094" lon="136.5499726"><ele>1.1657335755649403</ele><time>2026-09-22T07:02:14Z</time></trkpt><trkpt lat="34.7950429" lon="136.5498396"><ele>3.465621743498436</ele><time>2026-09-22T07:02:32Z</time></trkpt><trkpt lat="34.7948783" lon="136.5496845"><ele>4.99877093393313</ele><time>2026-09-22T07:02:51Z</time></trkpt><trkpt lat="34.794744" lon="136.5494965"><ele>4.965284965960059</ele><time>2026-09-22T07:03:09Z</time></trkpt><trkpt lat="34.7945861" lon="136.5493421"><ele>3.165167317716578</ele><time>2026-09-22T07:03:23Z</time></trkpt><trkpt lat="34.7944607" lon="136.5491835"><ele>1.9984422081804496</ele><time>2026-09-22T07:03:38Z</time></trkpt><trkpt lat="34.7943302" lon="136.5490281"><ele>1.7650214074796082</ele><time>2026-09-22T07:03:52Z</time></trkpt><trkpt lat="34.7942165" lon="136.5488502"><ele>2.331688039289112</ele><time>2026-09-22T07:04:18Z</time></trkpt><trkpt lat="34.7941752" lon="136.5488573"><ele>5.66485875197786</ele><time>2026-09-22T07:08:36Z</time></trkpt><trkpt lat="34.7940387" lon="136.5487055"><ele>5.6648113986048685</ele><time>2026-09-22T07:08:57Z</time></trkpt><trkpt lat="34.7938704" lon="136.5485673"><ele>5.664704823183965</ele><time>2026-09-22T07:09:22Z</time></trkpt><trkpt lat="34.7937497" lon="136.5483546"><ele>5.6646378817442224</ele><time>2026-09-22T07:09:45Z</time></trkpt><trkpt lat="34.7935621" lon="136.5482972"><ele>5.664398893208149</ele><time>2026-09-22T07:10:00Z</time></trkpt><trkpt lat="34.7936191" lon="136.5482949"><ele>22.36429779186132</ele><time>2026-09-22T07:12:54Z</time></trkpt><trkpt lat="34.7935045" lon="136.5480939"><ele>17.864375350861245</ele><time>2026-09-22T07:13:15Z</time></trkpt><trkpt lat="34.7933658" lon="136.5479224"><ele>13.997721022030857</ele><time>2026-09-22T07:13:30Z</time></trkpt><trkpt lat="34.7932427" lon="136.5477625"><ele>8.09775542716091</ele><time>2026-09-22T07:14:02Z</time></trkpt><trkpt lat="34.793073" lon="136.5476625"><ele>5.830938463442185</ele><time>2026-09-22T07:14:36Z</time></trkpt><trkpt lat="34.7929228" lon="136.5474991"><ele>4.9640968561621905</ele><time>2026-09-22T07:15:17Z</time></trkpt><trkpt lat="34.7927866" lon="136.5473557"><ele>5.063886084884042</ele><time>2026-09-22T07:15:26Z</time></trkpt><trkpt lat="34.7925998" lon="136.5472962"><ele>4.9969416759752745</ele><time>2026-09-22T07:15:38Z</time></trkpt><trkpt lat="34.7924378" lon="136.5471952"><ele>5.629914510615511</ele><time>2026-09-22T07:15:53Z</time></trkpt><trkpt lat="34.7922599" lon="136.5470931"><ele>6.12945152591251</ele><time>2026-09-22T07:16:11Z</time></trkpt><trkpt lat="34.7921108" lon="136.5469635"><ele>5.662449571519903</ele><time>2026-09-22T07:16:31Z</time></trkpt><trkpt lat="34.7919637" lon="136.5467663"><ele>5.728904315482931</ele><time>2026-09-22T07:16:45Z</time></trkpt><trkpt lat="34.7918857" lon="136.546532"><ele>4.628973739251123</ele><time>2026-09-22T07:17:01Z</time></trkpt><trkpt lat="34.791785" lon="136.5463086"><ele>3.66254451413869</ele><time>2026-09-22T07:17:19Z</time></trkpt><trkpt lat="34.7916469" lon="136.5461587"><ele>2.529411184274359</ele><time>2026-09-22T07:17:33Z</time></trkpt><trkpt lat="34.7915017" lon="136.5459596"><ele>2.1294793396410654</ele><time>2026-09-22T07:17:48Z</time></trkpt><trkpt lat="34.7913275" lon="136.5458131"><ele>1.4626957928881719</ele><time>2026-09-22T07:18:03Z</time></trkpt><trkpt lat="34.791177" lon="136.5456699"><ele>2.362554504672618</ele><time>2026-09-22T07:19:44Z</time></trkpt><trkpt lat="34.7911164" lon="136.5454279"><ele>4.129244721284124</ele><time>2026-09-22T07:22:11Z</time></trkpt><trkpt lat="34.7909919" lon="136.545239"><ele>5.062716798092737</ele><time>2026-09-22T07:22:32Z</time></trkpt><trkpt lat="34.7908845" lon="136.5450591"><ele>3.929622031921388</ele><time>2026-09-22T07:22:44Z</time></trkpt><trkpt lat="34.7907307" lon="136.544879"><ele>2.1629971531746555</ele><time>2026-09-22T07:22:59Z</time></trkpt><trkpt lat="34.790585" lon="136.5447254"><ele>1.5296383963952067</ele><time>2026-09-22T07:23:14Z</time></trkpt><trkpt lat="34.7904483" lon="136.5444923"><ele>1.2962952609441818</ele><time>2026-09-22T07:23:42Z</time></trkpt><trkpt lat="34.7902938" lon="136.5443335"><ele>0.6962619899939355</ele><time>2026-09-22T07:23:59Z</time></trkpt><trkpt lat="34.7901266" lon="136.5442225"><ele>0.8628199770453501</ele><time>2026-09-22T07:24:14Z</time></trkpt><trkpt lat="34.7899261" lon="136.5440466"><ele>0.8958942739151562</ele><time>2026-09-22T07:25:21Z</time></trkpt><trkpt lat="34.7897775" lon="136.5438413"><ele>0.6956932575359573</ele><time>2026-09-22T07:25:36Z</time></trkpt><trkpt lat="34.7896231" lon="136.5437225"><ele>0.7288520324414449</ele><time>2026-09-22T07:25:51Z</time></trkpt><trkpt lat="34.7894959" lon="136.5435584"><ele>0.6954347211466066</ele><time>2026-09-22T07:26:03Z</time></trkpt><trkpt lat="34.7893599" lon="136.5433726"><ele>0.628681171278861</ele><time>2026-09-22T07:26:18Z</time></trkpt><trkpt lat="34.7892315" lon="136.5432172"><ele>-0.0046633724106636505</ele><time>2026-09-22T07:26:34Z</time></trkpt><trkpt lat="34.7891847" lon="136.5430014"><ele>-1.9711731123130534</ele><time>2026-09-22T07:27:15Z</time></trkpt><trkpt lat="34.7889767" lon="136.5429191"><ele>-2.9045607909562534</ele><time>2026-09-22T07:27:27Z</time></trkpt><trkpt lat="34.7888416" lon="136.5427475"><ele>-2.9046071162325524</ele><time>2026-09-22T07:27:39Z</time></trkpt><trkpt lat="34.7887185" lon="136.5425684"><ele>-1.3381328534683472</ele><time>2026-09-22T07:27:53Z</time></trkpt><trkpt lat="34.7885842" lon="136.5424143"><ele>-0.6714784237960837</ele><time>2026-09-22T07:28:07Z</time></trkpt><trkpt lat="34.7884868" lon="136.5422256"><ele>-1.1047527017514558</ele><time>2026-09-22T07:28:21Z</time></trkpt><trkpt lat="34.7883465" lon="136.5420652"><ele>-1.7380709074357792</ele><time>2026-09-22T07:28:35Z</time></trkpt><trkpt lat="34.7882083" lon="136.5419195"><ele>-1.738070065705119</ele><time>2026-09-22T07:28:49Z</time></trkpt><trkpt lat="34.7880342" lon="136.5417673"><ele>-1.9048822577616373</ele><time>2026-09-22T07:29:08Z</time></trkpt><trkpt lat="34.7878697" lon="136.5416641"><ele>-0.905122628830469</ele><time>2026-09-22T07:29:26Z</time></trkpt><trkpt lat="34.7877181" lon="136.5415081"><ele>0.7946293667045955</ele><time>2026-09-22T07:29:40Z</time></trkpt><trkpt lat="34.7875734" lon="136.5413257"><ele>1.927788339895616</ele><time>2026-09-22T07:29:55Z</time></trkpt><trkpt lat="34.7874213" lon="136.5411756"><ele>2.161014944777276</ele><time>2026-09-22T07:30:12Z</time></trkpt><trkpt lat="34.7872962" lon="136.5409967"><ele>2.4276366586577183</ele><time>2026-09-22T07:30:27Z</time></trkpt><trkpt lat="34.787146" lon="136.5408364"><ele>3.2275605620873384</ele><time>2026-09-22T07:30:41Z</time></trkpt><trkpt lat="34.7870062" lon="136.5406707"><ele>3.5608518705143575</ele><time>2026-09-22T07:31:06Z</time></trkpt><trkpt lat="34.786868" lon="136.5405207"><ele>1.9940940993684204</ele><time>2026-09-22T07:31:21Z</time></trkpt><trkpt lat="34.7867241" lon="136.5403409"><ele>0.8940328364326362</ele><time>2026-09-22T07:31:39Z</time></trkpt><trkpt lat="34.7866259" lon="136.5401511"><ele>0.49405576137079993</ele><time>2026-09-22T07:31:57Z</time></trkpt><trkpt lat="34.7864731" lon="136.5400127"><ele>1.6940459939530566</ele><time>2026-09-22T07:32:37Z</time></trkpt><trkpt lat="34.7863265" lon="136.5398717"><ele>3.2606577806969526</ele><time>2026-09-22T07:32:49Z</time></trkpt><trkpt lat="34.7861933" lon="136.5396758"><ele>4.9938939197140115</ele><time>2026-09-22T07:33:03Z</time></trkpt><trkpt lat="34.7860247" lon="136.5395889"><ele>6.127052996158954</ele><time>2026-09-22T07:33:16Z</time></trkpt><trkpt lat="34.7859423" lon="136.539343"><ele>5.527080991410901</ele><time>2026-09-22T07:33:30Z</time></trkpt><trkpt lat="34.7857738" lon="136.5391875"><ele>3.3936831999306656</ele><time>2026-09-22T07:33:45Z</time></trkpt><trkpt lat="34.7856237" lon="136.5390209"><ele>0.2937300899714188</ele><time>2026-09-22T07:33:59Z</time></trkpt><trkpt lat="34.7854647" lon="136.5389162"><ele>-1.973147833089487</ele><time>2026-09-22T07:34:14Z</time></trkpt><trkpt lat="34.7852608" lon="136.5389307"><ele>-3.340257161549291</ele><time>2026-09-22T07:34:28Z</time></trkpt><trkpt lat="34.7852707" lon="136.5389013"><ele>4.559166328155435</ele><time>2026-09-22T07:48:44Z</time></trkpt><trkpt lat="34.7851782" lon="136.538673"><ele>4.559339065959481</ele><time>2026-09-22T07:49:27Z</time></trkpt><trkpt lat="34.7850102" lon="136.5385126"><ele>4.559333552654074</ele><time>2026-09-22T07:49:42Z</time></trkpt><trkpt lat="34.78487" lon="136.53836"><ele>4.559353098129098</ele><time>2026-09-22T07:49:57Z</time></trkpt><trkpt lat="34.7847036" lon="136.5382333"><ele>4.559160635541292</ele><time>2026-09-22T07:50:12Z</time></trkpt><trkpt lat="34.7845482" lon="136.5380691"><ele>4.558990036937135</ele><time>2026-09-22T07:50:29Z</time></trkpt><trkpt lat="34.7844223" lon="136.5379073"><ele>4.5588494444405</ele><time>2026-09-22T07:50:43Z</time></trkpt><trkpt lat="34.7843027" lon="136.537728"><ele>4.55883080191271</ele><time>2026-09-22T07:50:57Z</time></trkpt><trkpt lat="34.7841481" lon="136.5376019"><ele>4.558772593518969</ele><time>2026-09-22T07:51:09Z</time></trkpt><trkpt lat="34.7839449" lon="136.5377231"><ele>4.558303005204254</ele><time>2026-09-22T07:51:42Z</time></trkpt><trkpt lat="34.7837401" lon="136.5377574"><ele>2.0574856117407614</ele><time>2026-09-22T07:52:06Z</time></trkpt><trkpt lat="34.7836024" lon="136.5375753"><ele>0.05675199850378476</ele><time>2026-09-22T07:52:17Z</time></trkpt><trkpt lat="34.7835097" lon="136.5373825"><ele>-0.4434903328460725</ele><time>2026-09-22T07:52:32Z</time></trkpt><trkpt lat="34.7833865" lon="136.5371665"><ele>0.8566497737011906</ele><time>2026-09-22T07:52:53Z</time></trkpt><trkpt lat="34.7832574" lon="136.5370048"><ele>1.1234622931625087</ele><time>2026-09-22T07:53:08Z</time></trkpt><trkpt lat="34.7830738" lon="136.5368674"><ele>-0.043207416464146796</ele><time>2026-09-22T07:53:26Z</time></trkpt><trkpt lat="34.7828917" lon="136.5367336"><ele>0.22332291046696184</ele><time>2026-09-22T07:53:43Z</time></trkpt><trkpt lat="34.7827162" lon="136.536583"><ele>0.9897968688572641</ele><time>2026-09-22T07:53:57Z</time></trkpt><trkpt lat="34.7825553" lon="136.5364783"><ele>1.0229295179849534</ele><time>2026-09-22T07:54:12Z</time></trkpt><trkpt lat="34.7824016" lon="136.5363214"><ele>0.38945422722086437</ele><time>2026-09-22T07:54:26Z</time></trkpt><trkpt lat="34.7822492" lon="136.5361716"><ele>0.28933901525479894</ele><time>2026-09-22T07:54:43Z</time></trkpt><trkpt lat="34.7820865" lon="136.5359958"><ele>1.6226313857494858</ele><time>2026-09-22T07:54:57Z</time></trkpt><trkpt lat="34.7819263" lon="136.535834"><ele>2.6559213272401343</ele><time>2026-09-22T07:55:11Z</time></trkpt><trkpt lat="34.78176" lon="136.5356651"><ele>2.022548600338775</ele><time>2026-09-22T07:55:29Z</time></trkpt><trkpt lat="34.7815684" lon="136.5355421"><ele>1.589084777069291</ele><time>2026-09-22T07:55:47Z</time></trkpt><trkpt lat="34.7813944" lon="136.5354046"><ele>1.055578463858647</ele><time>2026-09-22T07:56:07Z</time></trkpt><trkpt lat="34.7811995" lon="136.5351949"><ele>2.222081948074601</ele><time>2026-09-22T07:56:34Z</time></trkpt><trkpt lat="34.7810582" lon="136.5350146"><ele>2.2553736757626077</ele><time>2026-09-22T07:56:49Z</time></trkpt><trkpt lat="34.7809462" lon="136.5348327"><ele>2.2554537342398553</ele><time>2026-09-22T07:57:03Z</time></trkpt><trkpt lat="34.7808282" lon="136.5346129"><ele>1.655636378888327</ele><time>2026-09-22T07:57:20Z</time></trkpt><trkpt lat="34.7807262" lon="136.5344296"><ele>1.4225358096853118</ele><time>2026-09-22T07:57:35Z</time></trkpt><trkpt lat="34.7806289" lon="136.5342442"><ele>2.0894565692759905</ele><time>2026-09-22T07:57:52Z</time></trkpt><trkpt lat="34.7805036" lon="136.5340552"><ele>3.6896689255939683</ele><time>2026-09-22T07:58:09Z</time></trkpt><trkpt lat="34.7803119" lon="136.5338665"><ele>3.923113582401664</ele><time>2026-09-22T07:58:38Z</time></trkpt><trkpt lat="34.7801585" lon="136.5336998"><ele>2.689804688498024</ele><time>2026-09-22T07:58:58Z</time></trkpt><trkpt lat="34.7800138" lon="136.5335457"><ele>0.7897685718574863</ele><time>2026-09-22T07:59:12Z</time></trkpt><trkpt lat="34.7798593" lon="136.5333784"><ele>0.4230871834699054</ele><time>2026-09-22T07:59:26Z</time></trkpt><trkpt lat="34.7797095" lon="136.5332269"><ele>0.7230604738034808</ele><time>2026-09-22T07:59:40Z</time></trkpt><trkpt lat="34.7795493" lon="136.5331032"><ele>0.3229826797863116</ele><time>2026-09-22T07:59:54Z</time></trkpt><trkpt lat="34.7793994" lon="136.5329685"><ele>-0.14379128502977542</ele><time>2026-09-22T08:00:09Z</time></trkpt><trkpt lat="34.7792107" lon="136.5327871"><ele>-1.34391272360723</ele><time>2026-09-22T08:00:56Z</time></trkpt><trkpt lat="34.7790147" lon="136.5326869"><ele>-0.9774353467233515</ele><time>2026-09-22T08:01:15Z</time></trkpt><trkpt lat="34.7788435" lon="136.5325396"><ele>1.0556969284767963</ele><time>2026-09-22T08:01:30Z</time></trkpt><trkpt lat="34.7786806" lon="136.5324284"><ele>3.655451190740981</ele><time>2026-09-22T08:01:43Z</time></trkpt><trkpt lat="34.7784894" lon="136.5323071"><ele>3.9885672403932304</ele><time>2026-09-22T08:01:58Z</time></trkpt><trkpt lat="34.7783312" lon="136.5321663"><ele>1.9216918385636153</ele><time>2026-09-22T08:02:12Z</time></trkpt><trkpt lat="34.7781671" lon="136.5320126"><ele>0.45486075935149256</ele><time>2026-09-22T08:02:26Z</time></trkpt><trkpt lat="34.778001" lon="136.5318734"><ele>-0.21192112431036966</ele><time>2026-09-22T08:02:42Z</time></trkpt><trkpt lat="34.777844" lon="136.5317655"><ele>0.08792975757100881</ele><time>2026-09-22T08:02:54Z</time></trkpt><trkpt lat="34.7776903" lon="136.5316422"><ele>0.12109371379977556</ele><time>2026-09-22T08:03:06Z</time></trkpt><trkpt lat="34.7775099" lon="136.5315479"><ele>0.5208590650000957</ele><time>2026-09-22T08:03:24Z</time></trkpt><trkpt lat="34.7773386" lon="136.5313844"><ele>0.2206672432570921</ele><time>2026-09-22T08:03:42Z</time></trkpt><trkpt lat="34.7771815" lon="136.5312701"><ele>-0.34620492665792807</ele><time>2026-09-22T08:03:56Z</time></trkpt><trkpt lat="34.7769929" lon="136.5311473"><ele>-0.6797228167726009</ele><time>2026-09-22T08:04:11Z</time></trkpt><trkpt lat="34.7768325" lon="136.5310321"><ele>-1.7799463045997683</ele><time>2026-09-22T08:04:27Z</time></trkpt><trkpt lat="34.7767054" lon="136.5308429"><ele>-1.980053444896375</ele><time>2026-09-22T08:04:47Z</time></trkpt><trkpt lat="34.7767325" lon="136.530557"><ele>-1.8130616264770463</ele><time>2026-09-22T08:06:20Z</time></trkpt><trkpt lat="34.7765749" lon="136.5304228"><ele>0.0872873523407544</ele><time>2026-09-22T08:06:32Z</time></trkpt><trkpt lat="34.7764131" lon="136.5303225"><ele>2.5541660866379936</ele><time>2026-09-22T08:06:44Z</time></trkpt><trkpt lat="34.7762267" lon="136.5302067"><ele>4.553941056393863</ele><time>2026-09-22T08:06:58Z</time></trkpt><trkpt lat="34.7760304" lon="136.530098"><ele>4.820309243438442</ele><time>2026-09-22T08:07:13Z</time></trkpt><trkpt lat="34.7758461" lon="136.5299803"><ele>3.7866694264812844</ele><time>2026-09-22T08:07:28Z</time></trkpt><trkpt lat="34.7756637" lon="136.5298699"><ele>2.6863619418521316</ele><time>2026-09-22T08:07:43Z</time></trkpt><trkpt lat="34.7754856" lon="136.5297683"><ele>2.552735188121723</ele><time>2026-09-22T08:07:57Z</time></trkpt><trkpt lat="34.7753114" lon="136.5296504"><ele>2.3524540505761373</ele><time>2026-09-22T08:08:12Z</time></trkpt><trkpt lat="34.7751358" lon="136.5295469"><ele>2.118840289502669</ele><time>2026-09-22T08:08:26Z</time></trkpt><trkpt lat="34.7749464" lon="136.5294164"><ele>2.685244244687117</ele><time>2026-09-22T08:08:42Z</time></trkpt><trkpt lat="34.7747708" lon="136.5293099"><ele>3.3516343091683516</ele><time>2026-09-22T08:08:56Z</time></trkpt><trkpt lat="34.7746079" lon="136.5291892"><ele>4.151391383613306</ele><time>2026-09-22T08:09:11Z</time></trkpt><trkpt lat="34.7744157" lon="136.5290713"><ele>3.4511316128233602</ele><time>2026-09-22T08:09:28Z</time></trkpt><trkpt lat="34.7742635" lon="136.5289517"><ele>2.650913833384171</ele><time>2026-09-22T08:09:42Z</time></trkpt><trkpt lat="34.774073" lon="136.5288709"><ele>1.9839536302219187</ele><time>2026-09-22T08:09:57Z</time></trkpt><trkpt lat="34.7739404" lon="136.5287071"><ele>1.7837804761489007</ele><time>2026-09-22T08:10:12Z</time></trkpt><trkpt lat="34.7737444" lon="136.52865"><ele>2.1834879466770403</ele><time>2026-09-22T08:10:27Z</time></trkpt><trkpt lat="34.7735972" lon="136.5284723"><ele>2.3166846758964303</ele><time>2026-09-22T08:10:42Z</time></trkpt><trkpt lat="34.7734278" lon="136.5283363"><ele>2.249807741514663</ele><time>2026-09-22T08:10:57Z</time></trkpt><trkpt lat="34.7732392" lon="136.5282529"><ele>2.1829679836747906</ele><time>2026-09-22T08:11:12Z</time></trkpt><trkpt lat="34.7730421" lon="136.5281575"><ele>2.082646935090743</ele><time>2026-09-22T08:11:29Z</time></trkpt><trkpt lat="34.772866" lon="136.5280051"><ele>2.315668975003066</ele><time>2026-09-22T08:11:47Z</time></trkpt><trkpt lat="34.7726783" lon="136.5279036"><ele>1.448711633370363</ele><time>2026-09-22T08:12:05Z</time></trkpt><trkpt lat="34.7725066" lon="136.5277545"><ele>0.348509081636621</ele><time>2026-09-22T08:12:23Z</time></trkpt><trkpt lat="34.7723484" lon="136.5276493"><ele>-0.718389660630244</ele><time>2026-09-22T08:12:38Z</time></trkpt><trkpt lat="34.7721858" lon="136.5275466"><ele>-0.9185905507716754</ele><time>2026-09-22T08:12:53Z</time></trkpt><trkpt lat="34.7720211" lon="136.5274267"><ele>-0.5854812044355574</ele><time>2026-09-22T08:13:08Z</time></trkpt><trkpt lat="34.7718601" lon="136.5272985"><ele>-0.48568368703939296</ele><time>2026-09-22T08:13:23Z</time></trkpt><trkpt lat="34.7717115" lon="136.527168"><ele>-0.38583951456990206</ele><time>2026-09-22T08:13:38Z</time></trkpt><trkpt lat="34.7715293" lon="136.5270427"><ele>-0.01934361058415372</ele><time>2026-09-22T08:13:52Z</time></trkpt><trkpt lat="34.7713675" lon="136.5269296"><ele>0.28046844606445137</ele><time>2026-09-22T08:14:04Z</time></trkpt><trkpt lat="34.7711793" lon="136.5268077"><ele>0.5135575379132101</ele><time>2026-09-22T08:14:19Z</time></trkpt><trkpt lat="34.7710018" lon="136.5267054"><ele>0.7466274693406731</ele><time>2026-09-22T08:14:33Z</time></trkpt><trkpt lat="34.7708151" lon="136.5266288"><ele>2.8462951566367543</ele><time>2026-09-22T08:14:51Z</time></trkpt><trkpt lat="34.7706496" lon="136.5265243"><ele>4.045971110515954</ele><time>2026-09-22T08:15:06Z</time></trkpt><trkpt lat="34.7704991" lon="136.5263742"><ele>3.545730748273359</ele><time>2026-09-22T08:15:27Z</time></trkpt><trkpt lat="34.7703225" lon="136.5262841"><ele>1.3788503238016385</ele><time>2026-09-22T08:15:45Z</time></trkpt><trkpt lat="34.7701365" lon="136.5261619"><ele>0.5119646705005986</ele><time>2026-09-22T08:15:59Z</time></trkpt><trkpt lat="34.7699407" lon="136.5261877"><ele>0.3781688267830485</ele><time>2026-09-22T08:16:28Z</time></trkpt><trkpt lat="34.7698756" lon="136.5259728"><ele>0.5779734844609455</ele><time>2026-09-22T08:16:37Z</time></trkpt><trkpt lat="34.7696954" lon="136.5258587"><ele>0.5111096746638921</ele><time>2026-09-22T08:16:52Z</time></trkpt><trkpt lat="34.769525" lon="136.5257111"><ele>1.277796475327153</ele><time>2026-09-22T08:17:06Z</time></trkpt><trkpt lat="34.7693442" lon="136.5255605"><ele>1.47760980776998</ele><time>2026-09-22T08:17:24Z</time></trkpt><trkpt lat="34.769208" lon="136.525373"><ele>1.5442213380942296</ele><time>2026-09-22T08:17:39Z</time></trkpt><trkpt lat="34.7690244" lon="136.525316"><ele>-0.48928051504595754</ele><time>2026-09-22T08:18:03Z</time></trkpt><trkpt lat="34.7689201" lon="136.5251077"><ele>-1.5226291584043448</ele><time>2026-09-22T08:18:15Z</time></trkpt><trkpt lat="34.768761" lon="136.5249435"><ele>-1.3560178511777252</ele><time>2026-09-22T08:18:31Z</time></trkpt><trkpt lat="34.7686305" lon="136.5247909"><ele>0.3441260903778816</ele><time>2026-09-22T08:18:46Z</time></trkpt><trkpt lat="34.7684897" lon="136.5246279"><ele>0.8775463287985895</ele><time>2026-09-22T08:19:01Z</time></trkpt><trkpt lat="34.7683077" lon="136.5244981"><ele>-0.5557487703738909</ele><time>2026-09-22T08:19:16Z</time></trkpt><trkpt lat="34.7681338" lon="136.5243422"><ele>-2.055758109399226</ele><time>2026-09-22T08:19:30Z</time></trkpt><trkpt lat="34.767961" lon="136.5242495"><ele>-2.322563439660383</ele><time>2026-09-22T08:19:44Z</time></trkpt><trkpt lat="34.7678011" lon="136.5241319"><ele>-0.9560251868465315</ele><time>2026-09-22T08:19:59Z</time></trkpt><trkpt lat="34.7676297" lon="136.5240461"><ele>1.0104250847653826</ele><time>2026-09-22T08:20:13Z</time></trkpt><trkpt lat="34.7674555" lon="136.5239197"><ele>2.343583766332967</ele><time>2026-09-22T08:20:30Z</time></trkpt><trkpt lat="34.76729" lon="136.5238205"><ele>2.8767117824392514</ele><time>2026-09-22T08:20:44Z</time></trkpt><trkpt lat="34.7670903" lon="136.5237334"><ele>2.8098076139757047</ele><time>2026-09-22T08:21:01Z</time></trkpt><trkpt lat="34.7669257" lon="136.5236435"><ele>1.8095341405075136</ele><time>2026-09-22T08:21:15Z</time></trkpt><trkpt lat="34.7667281" lon="136.5236071"><ele>0.14247445408269024</ele><time>2026-09-22T08:21:29Z</time></trkpt><trkpt lat="34.7665228" lon="136.5236222"><ele>-1.7247328067548107</ele><time>2026-09-22T08:21:43Z</time></trkpt><trkpt lat="34.7663573" lon="136.5237158"><ele>-1.4255215145260796</ele><time>2026-09-22T08:22:02Z</time></trkpt><trkpt lat="34.7661634" lon="136.5237265"><ele>-0.8263783160416551</ele><time>2026-09-22T08:22:20Z</time></trkpt><trkpt lat="34.7659607" lon="136.523734"><ele>-0.09389229748669219</ele><time>2026-09-22T08:22:49Z</time></trkpt><trkpt lat="34.7657646" lon="136.523776"><ele>-1.3280444035928625</ele><time>2026-09-22T08:23:00Z</time></trkpt><trkpt lat="34.7655714" lon="136.5237999"><ele>-3.028879186693873</ele><time>2026-09-22T08:23:15Z</time></trkpt><trkpt lat="34.7653834" lon="136.5237706"><ele>-4.462981524677278</ele><time>2026-09-22T08:23:30Z</time></trkpt><trkpt lat="34.7652015" lon="136.5237679"><ele>-4.063675201608963</ele><time>2026-09-22T08:23:50Z</time></trkpt><trkpt lat="34.7650223" lon="136.5237338"><ele>-1.6976102060135432</ele><time>2026-09-22T08:24:19Z</time></trkpt><trkpt lat="34.7648236" lon="136.5236593"><ele>0.8684992236256525</ele><time>2026-09-22T08:24:34Z</time></trkpt><trkpt lat="34.7646363" lon="136.5236213"><ele>1.667980353045337</ele><time>2026-09-22T08:24:48Z</time></trkpt><trkpt lat="34.7644556" lon="136.5235517"><ele>1.2008381597865991</ele><time>2026-09-22T08:25:03Z</time></trkpt><trkpt lat="34.7642542" lon="136.5234828"><ele>-0.5329816529604751</ele><time>2026-09-22T08:25:18Z</time></trkpt><trkpt lat="34.7640734" lon="136.5234531"><ele>-1.7334708899004407</ele><time>2026-09-22T08:25:35Z</time></trkpt><trkpt lat="34.763892" lon="136.5234371"><ele>-1.9340298431415544</ele><time>2026-09-22T08:25:50Z</time></trkpt><trkpt lat="34.7636926" lon="136.5233837"><ele>-0.9679397329804308</ele><time>2026-09-22T08:26:05Z</time></trkpt><trkpt lat="34.7635049" lon="136.5233269"><ele>0.3315094555960485</ele><time>2026-09-22T08:26:20Z</time></trkpt><trkpt lat="34.7632817" lon="136.5232887"><ele>0.6309344031280494</ele><time>2026-09-22T08:26:37Z</time></trkpt><trkpt lat="34.7630995" lon="136.5232749"><ele>-0.30300318002862286</ele><time>2026-09-22T08:26:58Z</time></trkpt><trkpt lat="34.762926" lon="136.5233532"><ele>-1.8037618361545238</ele><time>2026-09-22T08:27:13Z</time></trkpt><trkpt lat="34.7627399" lon="136.5233222"><ele>-1.8711499213266027</ele><time>2026-09-22T08:27:29Z</time></trkpt><trkpt lat="34.7625438" lon="136.5233314"><ele>-0.8385846504130067</ele><time>2026-09-22T08:27:56Z</time></trkpt><trkpt lat="34.7623168" lon="136.5233523"><ele>1.1939867637640447</ele><time>2026-09-22T08:28:10Z</time></trkpt><trkpt lat="34.7621143" lon="136.5233515"><ele>2.659832563944564</ele><time>2026-09-22T08:28:24Z</time></trkpt><trkpt lat="34.7619186" lon="136.5233906"><ele>2.7589743657040486</ele><time>2026-09-22T08:28:39Z</time></trkpt><trkpt lat="34.7617026" lon="136.523375"><ele>1.1915096293056564</ele><time>2026-09-22T08:28:56Z</time></trkpt><trkpt lat="34.7615172" lon="136.5234251"><ele>-1.4426647352844195</ele><time>2026-09-22T08:29:13Z</time></trkpt><trkpt lat="34.7614132" lon="136.5236634"><ele>-1.7103093544253696</ele><time>2026-09-22T08:29:45Z</time></trkpt><trkpt lat="34.7613145" lon="136.523858"><ele>-0.07807269043523964</ele><time>2026-09-22T08:30:00Z</time></trkpt><trkpt lat="34.7612271" lon="136.5240702"><ele>2.1207488273317665</ele><time>2026-09-22T08:30:15Z</time></trkpt><trkpt lat="34.7613997" lon="136.5241402"><ele>2.2201289726089164</ele><time>2026-09-22T08:31:25Z</time></trkpt><trkpt lat="34.7612458" lon="136.5240079"><ele>1.719853656497989</ele><time>2026-09-22T08:31:52Z</time></trkpt><trkpt lat="34.7612228" lon="136.5240965"><ele>6.1195064376584725</ele><time>2026-09-22T08:32:57Z</time></trkpt><trkpt lat="34.7612874" lon="136.5238813"><ele>5.720035846161952</ele><time>2026-09-22T08:33:13Z</time></trkpt><trkpt lat="34.7614077" lon="136.5236501"><ele>5.587321723203665</ele><time>2026-09-22T08:33:28Z</time></trkpt><trkpt lat="34.7614025" lon="136.5234214"><ele>5.321733451154356</ele><time>2026-09-22T08:33:47Z</time></trkpt><trkpt lat="34.7612115" lon="136.5234636"><ele>5.322166409585615</ele><time>2026-09-22T08:34:01Z</time></trkpt><trkpt lat="34.760998" lon="136.5234596"><ele>5.3218943775234635</ele><time>2026-09-22T08:34:18Z</time></trkpt><trkpt lat="34.7608122" lon="136.5234562"><ele>5.321111296540319</ele><time>2026-09-22T08:34:32Z</time></trkpt><trkpt lat="34.7606339" lon="136.5233817"><ele>5.320491393097555</ele><time>2026-09-22T08:34:47Z</time></trkpt><trkpt lat="34.760444" lon="136.5233044"><ele>5.31999327597232</ele><time>2026-09-22T08:35:02Z</time></trkpt><trkpt lat="34.7602276" lon="136.523195"><ele>5.319590065145934</ele><time>2026-09-22T08:35:22Z</time></trkpt><trkpt lat="34.7600282" lon="136.5231419"><ele>5.319133020981094</ele><time>2026-09-22T08:35:37Z</time></trkpt><trkpt lat="34.7598446" lon="136.5230508"><ele>5.318700737203621</ele><time>2026-09-22T08:35:52Z</time></trkpt><trkpt lat="34.7596319" lon="136.523052"><ele>5.3181336201109035</ele><time>2026-09-22T08:36:09Z</time></trkpt><trkpt lat="34.7594261" lon="136.5230974"><ele>5.317434608681327</ele><time>2026-09-22T08:36:28Z</time></trkpt><trkpt lat="34.7592412" lon="136.5230855"><ele>4.349968212526292</ele><time>2026-09-22T08:36:46Z</time></trkpt><trkpt lat="34.7590423" lon="136.5230272"><ele>3.782593678035442</ele><time>2026-09-22T08:37:00Z</time></trkpt><trkpt lat="34.7588582" lon="136.5229728"><ele>3.048704691136706</ele><time>2026-09-22T08:37:15Z</time></trkpt><trkpt lat="34.7586723" lon="136.5229076"><ele>3.1815471006142793</ele><time>2026-09-22T08:37:30Z</time></trkpt><trkpt lat="34.7585123" lon="136.5228006"><ele>3.4811655023241386</ele><time>2026-09-22T08:37:41Z</time></trkpt><trkpt lat="34.7583083" lon="136.5227498"><ele>3.1807540536242698</ele><time>2026-09-22T08:37:58Z</time></trkpt><trkpt lat="34.7581181" lon="136.5227454"><ele>2.3469276177258513</ele><time>2026-09-22T08:38:13Z</time></trkpt><trkpt lat="34.7579174" lon="136.5226591"><ele>0.6796904719488713</ele><time>2026-09-22T08:38:28Z</time></trkpt><trkpt lat="34.7577643" lon="136.5225423"><ele>0.8125991882628275</ele><time>2026-09-22T08:38:42Z</time></trkpt><trkpt lat="34.7575583" lon="136.5224923"><ele>0.7455445848421883</ele><time>2026-09-22T08:39:05Z</time></trkpt><trkpt lat="34.7573654" lon="136.522369"><ele>0.5785452889093724</ele><time>2026-09-22T08:39:17Z</time></trkpt><trkpt lat="34.7572015" lon="136.5222561"><ele>-1.2884730096034385</ele><time>2026-09-22T08:39:31Z</time></trkpt><trkpt lat="34.7571875" lon="136.5220086"><ele>-2.4883380220294122</ele><time>2026-09-22T08:40:24Z</time></trkpt><trkpt lat="34.7570243" lon="136.5221897"><ele>-2.688544351643737</ele><time>2026-09-22T08:40:37Z</time></trkpt><trkpt lat="34.7568352" lon="136.5223122"><ele>-2.0557415351459105</ele><time>2026-09-22T08:40:54Z</time></trkpt><trkpt lat="34.7566813" lon="136.5224923"><ele>-0.7903122801683532</ele><time>2026-09-22T08:41:21Z</time></trkpt><trkpt lat="34.7564973" lon="136.5225153"><ele>0.8752876399102902</ele><time>2026-09-22T08:41:34Z</time></trkpt><trkpt lat="34.7562933" lon="136.5225702"><ele>2.9076198566544824</ele><time>2026-09-22T08:41:55Z</time></trkpt><trkpt lat="34.7561144" lon="136.5226111"><ele>4.040093603157406</ele><time>2026-09-22T08:42:10Z</time></trkpt><trkpt lat="34.7559018" lon="136.5226621"><ele>3.3391636589040252</ele><time>2026-09-22T08:42:28Z</time></trkpt><trkpt lat="34.7557307" lon="136.5227582"><ele>2.7382244710765327</ele><time>2026-09-22T08:42:41Z</time></trkpt><trkpt lat="34.7559489" lon="136.5228341"><ele>0.7044075121780793</ele><time>2026-09-22T08:43:17Z</time></trkpt><trkpt lat="34.7561359" lon="136.5228863"><ele>-0.02890914399383841</ele><time>2026-09-22T08:43:32Z</time></trkpt><trkpt lat="34.7563096" lon="136.5231131"><ele>-2.095288327655401</ele><time>2026-09-22T08:44:21Z</time></trkpt><trkpt lat="34.7561123" lon="136.5231549"><ele>-1.7621467516278575</ele><time>2026-09-22T08:44:35Z</time></trkpt><trkpt lat="34.7559178" lon="136.5231036"><ele>-1.8293557376945913</ele><time>2026-09-22T08:44:49Z</time></trkpt><trkpt lat="34.7557173" lon="136.5230292"><ele>-1.7966614153274776</ele><time>2026-09-22T08:45:06Z</time></trkpt><trkpt lat="34.7555334" lon="136.5229566"><ele>-2.9304757311076677</ele><time>2026-09-22T08:45:20Z</time></trkpt><trkpt lat="34.7553307" lon="136.5229251"><ele>-4.097658439776076</ele><time>2026-09-22T08:45:52Z</time></trkpt><trkpt lat="34.755145" lon="136.5230598"><ele>-5.465080614537118</ele><time>2026-09-22T08:46:04Z</time></trkpt><trkpt lat="34.7549701" lon="136.5231174"><ele>-6.265985318581477</ele><time>2026-09-22T08:46:16Z</time></trkpt><trkpt lat="34.7547949" lon="136.5232295"><ele>-7.033698794669513</ele><time>2026-09-22T08:46:31Z</time></trkpt><trkpt lat="34.7546114" lon="136.5232694"><ele>-7.10129230717168</ele><time>2026-09-22T08:46:46Z</time></trkpt><trkpt lat="34.7543905" lon="136.5232903"><ele>-6.6688980197882435</ele><time>2026-09-22T08:47:01Z</time></trkpt><trkpt lat="34.7541842" lon="136.5232357"><ele>-5.303004294357437</ele><time>2026-09-22T08:47:16Z</time></trkpt><trkpt lat="34.753985" lon="136.523136"><ele>-3.3369589505580612</ele><time>2026-09-22T08:47:31Z</time></trkpt><trkpt lat="34.7537969" lon="136.523062"><ele>-2.270756314528775</ele><time>2026-09-22T08:47:46Z</time></trkpt><trkpt lat="34.7535885" lon="136.5229687"><ele>-1.337842690888318</ele><time>2026-09-22T08:48:00Z</time></trkpt><trkpt lat="34.7533824" lon="136.5229204"><ele>-0.7716678375599907</ele><time>2026-09-22T08:48:18Z</time></trkpt><trkpt lat="34.7531867" lon="136.522901"><ele>0.12776365086042554</ele><time>2026-09-22T08:48:32Z</time></trkpt><trkpt lat="34.7530032" lon="136.5228791"><ele>-0.23952791427206202</ele><time>2026-09-22T08:48:47Z</time></trkpt><trkpt lat="34.7528216" lon="136.5228303"><ele>-0.8067883580757093</ele><time>2026-09-22T08:49:05Z</time></trkpt><trkpt lat="34.7526404" lon="136.5228409"><ele>-1.4407339856531631</ele><time>2026-09-22T08:49:17Z</time></trkpt><trkpt lat="34.7524594" lon="136.5228315"><ele>-1.6746918209653074</ele><time>2026-09-22T08:49:31Z</time></trkpt><trkpt lat="34.7522726" lon="136.5227981"><ele>-1.7086751121006973</ele><time>2026-09-22T08:49:47Z</time></trkpt><trkpt lat="34.7520771" lon="136.5227292"><ele>-1.7759130061205965</ele><time>2026-09-22T08:50:01Z</time></trkpt><trkpt lat="34.7518977" lon="136.5226883"><ele>-1.776444077925478</ele><time>2026-09-22T08:50:15Z</time></trkpt><trkpt lat="34.7517059" lon="136.5226752"><ele>-1.8103396490325945</ele><time>2026-09-22T08:50:30Z</time></trkpt><trkpt lat="34.7515097" lon="136.5226536"><ele>-0.910960477889347</ele><time>2026-09-22T08:50:45Z</time></trkpt><trkpt lat="34.7513103" lon="136.5226763"><ele>-0.8116837187680469</ele><time>2026-09-22T08:50:59Z</time></trkpt><trkpt lat="34.7511111" lon="136.5226605"><ele>-1.0790797038156181</ele><time>2026-09-22T08:51:14Z</time></trkpt><trkpt lat="34.7509171" lon="136.5227275"><ele>-1.3465802219173213</ele><time>2026-09-22T08:51:30Z</time></trkpt><trkpt lat="34.7506942" lon="136.5227654"><ele>-1.1141284783048941</ele><time>2026-09-22T08:52:50Z</time></trkpt><trkpt lat="34.750495" lon="136.5226737"><ele>-0.08158501285132284</ele><time>2026-09-22T08:53:02Z</time></trkpt><trkpt lat="34.750296" lon="136.5226202"><ele>0.1510978299661332</ele><time>2026-09-22T08:53:17Z</time></trkpt><trkpt lat="34.7501143" lon="136.5225241"><ele>0.150660686326925</ele><time>2026-09-22T08:53:32Z</time></trkpt><trkpt lat="34.7499279" lon="136.5224733"><ele>0.5835080421280026</ele><time>2026-09-22T08:53:47Z</time></trkpt><trkpt lat="34.749762" lon="136.5223674"><ele>0.7830917296606472</ele><time>2026-09-22T08:54:07Z</time></trkpt><trkpt lat="34.7495762" lon="136.5222927"><ele>0.8826052547818577</ele><time>2026-09-22T08:54:22Z</time></trkpt><trkpt lat="34.749393" lon="136.5222146"><ele>-0.6512010420084214</ele><time>2026-09-22T08:54:36Z</time></trkpt><trkpt lat="34.7491667" lon="136.5221825"><ele>-1.518518289557375</ele><time>2026-09-22T08:54:51Z</time></trkpt><trkpt lat="34.7489834" lon="136.5221236"><ele>-1.7525176502338553</ele><time>2026-09-22T08:55:05Z</time></trkpt><trkpt lat="34.7487889" lon="136.5220878"><ele>-0.8532512729421148</ele><time>2026-09-22T08:55:20Z</time></trkpt><trkpt lat="34.7486025" lon="136.5220354"><ele>-0.720568634505876</ele><time>2026-09-22T08:55:35Z</time></trkpt><trkpt lat="34.7484371" lon="136.5219472"><ele>0.14550880103914446</ele><time>2026-09-22T08:55:46Z</time></trkpt><trkpt lat="34.7482284" lon="136.5219775"><ele>1.6114857969534502</ele><time>2026-09-22T08:56:00Z</time></trkpt><trkpt lat="34.7480609" lon="136.5218939"><ele>2.6775280102755565</ele><time>2026-09-22T08:56:15Z</time></trkpt><trkpt lat="34.7478962" lon="136.5217269"><ele>1.0436659657816965</ele><time>2026-09-22T08:57:49Z</time></trkpt><trkpt lat="34.7478087" lon="136.5215319"><ele>-0.7564138928699151</ele><time>2026-09-22T08:58:01Z</time></trkpt><trkpt lat="34.7476763" lon="136.5213149"><ele>-2.1229485707683224</ele><time>2026-09-22T08:58:16Z</time></trkpt><trkpt lat="34.7475961" lon="136.5211048"><ele>-1.9893075210186215</ele><time>2026-09-22T08:58:31Z</time></trkpt><trkpt lat="34.7474247" lon="136.5209693"><ele>-3.0558613574398024</ele><time>2026-09-22T08:58:56Z</time></trkpt><trkpt lat="34.7473866" lon="136.5207264"><ele>-2.92224572446631</ele><time>2026-09-22T08:59:38Z</time></trkpt><trkpt lat="34.747467" lon="136.520509"><ele>-1.9217188427418581</ele><time>2026-09-22T08:59:49Z</time></trkpt><trkpt lat="34.7472593" lon="136.5205107"><ele>-1.0547437101988588</ele><time>2026-09-22T09:00:13Z</time></trkpt><trkpt lat="34.7470694" lon="136.5204266"><ele>-0.488182567680236</ele><time>2026-09-22T09:00:27Z</time></trkpt><trkpt lat="34.7469102" lon="136.5202787"><ele>0.7446088381502042</ele><time>2026-09-22T09:00:44Z</time></trkpt><trkpt lat="34.7467285" lon="136.5201891"><ele>2.4442155349111587</ele><time>2026-09-22T09:01:00Z</time></trkpt><trkpt lat="34.7465392" lon="136.5200752"><ele>3.610524702116886</ele><time>2026-09-22T09:01:18Z</time></trkpt><trkpt lat="34.7463799" lon="136.5198881"><ele>3.643548854547253</ele><time>2026-09-22T09:01:36Z</time></trkpt><trkpt lat="34.7461757" lon="136.519815"><ele>3.609851793321994</ele><time>2026-09-22T09:01:51Z</time></trkpt><trkpt lat="34.746002" lon="136.5196968"><ele>3.6095167731960913</ele><time>2026-09-22T09:02:09Z</time></trkpt><trkpt lat="34.7458358" lon="136.5195509"><ele>3.575787865103898</ele><time>2026-09-22T09:02:24Z</time></trkpt><trkpt lat="34.7456777" lon="136.5194104"><ele>3.575541620326071</ele><time>2026-09-22T09:02:39Z</time></trkpt><trkpt lat="34.7455017" lon="136.5192709"><ele>3.5753174152937555</ele><time>2026-09-22T09:02:53Z</time></trkpt><trkpt lat="34.7453254" lon="136.5191282"><ele>3.5750743560588063</ele><time>2026-09-22T09:03:08Z</time></trkpt><trkpt lat="34.7451544" lon="136.5190106"><ele>3.5747846913398766</ele><time>2026-09-22T09:03:23Z</time></trkpt><trkpt lat="34.7449849" lon="136.5188811"><ele>3.5744924295061935</ele><time>2026-09-22T09:03:39Z</time></trkpt><trkpt lat="34.7448015" lon="136.5187823"><ele>3.574136905381382</ele><time>2026-09-22T09:03:54Z</time></trkpt><trkpt lat="34.7446221" lon="136.5186757"><ele>3.573755696392446</ele><time>2026-09-22T09:04:15Z</time></trkpt><trkpt lat="34.7444507" lon="136.5185912"><ele>3.573317590972304</ele><time>2026-09-22T09:04:24Z</time></trkpt><trkpt lat="34.7442472" lon="136.5184222"><ele>2.706268052357494</ele><time>2026-09-22T09:04:45Z</time></trkpt><trkpt lat="34.7440813" lon="136.5183069"><ele>1.905915335672501</ele><time>2026-09-22T09:05:02Z</time></trkpt><trkpt lat="34.7439241" lon="136.5181396"><ele>1.4056826317446915</ele><time>2026-09-22T09:05:17Z</time></trkpt><trkpt lat="34.7437707" lon="136.5179581"><ele>1.0388710158974372</ele><time>2026-09-22T09:05:34Z</time></trkpt><trkpt lat="34.7436442" lon="136.5177869"><ele>0.2721842299256873</ele><time>2026-09-22T09:05:48Z</time></trkpt><trkpt lat="34.7435186" lon="136.5176103"><ele>-1.1277783971378526</ele><time>2026-09-22T09:06:03Z</time></trkpt><trkpt lat="34.743377" lon="136.517396"><ele>-1.6276845306776362</ele><time>2026-09-22T09:06:19Z</time></trkpt><trkpt lat="34.7432554" lon="136.5172339"><ele>-2.660927836200768</ele><time>2026-09-22T09:06:35Z</time></trkpt><trkpt lat="34.7431756" lon="136.5170347"><ele>-3.0607434366608643</ele><time>2026-09-22T09:06:54Z</time></trkpt><trkpt lat="34.743218" lon="136.5168107"><ele>-2.493609864359693</ele><time>2026-09-22T09:07:09Z</time></trkpt><trkpt lat="34.7432847" lon="136.5165714"><ele>-1.8594398303932895</ele><time>2026-09-22T09:07:27Z</time></trkpt><trkpt lat="34.7432549" lon="136.5163502"><ele>-1.5251698148106645</ele><time>2026-09-22T09:07:57Z</time></trkpt><trkpt lat="34.7431777" lon="136.5161422"><ele>-2.0910951929686803</ele><time>2026-09-22T09:08:34Z</time></trkpt><trkpt lat="34.7430572" lon="136.5158948"><ele>-1.2906201332409235</ele><time>2026-09-22T09:08:49Z</time></trkpt><trkpt lat="34.7429257" lon="136.5156987"><ele>-0.5236584918986651</ele><time>2026-09-22T09:09:05Z</time></trkpt><trkpt lat="34.7428559" lon="136.5154681"><ele>-0.12332567812985218</ele><time>2026-09-22T09:09:22Z</time></trkpt><trkpt lat="34.7427868" lon="136.5152225"><ele>-0.9895860536546005</ele><time>2026-09-22T09:10:03Z</time></trkpt><trkpt lat="34.7426799" lon="136.5150268"><ele>-1.4558107772454818</ele><time>2026-09-22T09:12:18Z</time></trkpt><trkpt lat="34.7424774" lon="136.5149931"><ele>-1.7891337440317419</ele><time>2026-09-22T09:12:33Z</time></trkpt><trkpt lat="34.7422885" lon="136.514924"><ele>0.2104885018759267</ele><time>2026-09-22T09:12:48Z</time></trkpt><trkpt lat="34.7421112" lon="136.5148711"><ele>2.6098358674255144</ele><time>2026-09-22T09:13:00Z</time></trkpt><trkpt lat="34.7419024" lon="136.5148094"><ele>4.54254071001598</ele><time>2026-09-22T09:13:18Z</time></trkpt><trkpt lat="34.7417276" lon="136.5147243"><ele>4.375285410754091</ele><time>2026-09-22T09:13:33Z</time></trkpt><trkpt lat="34.7415263" lon="136.5146825"><ele>2.7746480177833157</ele><time>2026-09-22T09:13:51Z</time></trkpt><trkpt lat="34.7413263" lon="136.5145826"><ele>1.70740253175682</ele><time>2026-09-22T09:14:06Z</time></trkpt><trkpt lat="34.7411528" lon="136.5145044"><ele>1.4068172831486099</ele><time>2026-09-22T09:14:36Z</time></trkpt><trkpt lat="34.7409441" lon="136.5145004"><ele>2.6395091922426985</ele><time>2026-09-22T09:14:49Z</time></trkpt><trkpt lat="34.7407616" lon="136.5144762"><ele>2.738803029357269</ele><time>2026-09-22T09:15:12Z</time></trkpt><trkpt lat="34.7405766" lon="136.5144698"><ele>1.6379940386425034</ele><time>2026-09-22T09:15:24Z</time></trkpt><trkpt lat="34.7403995" lon="136.5144153"><ele>1.07062533214764</ele><time>2026-09-22T09:15:36Z</time></trkpt><trkpt lat="34.7402161" lon="136.5143666"><ele>2.8366178607334973</ele><time>2026-09-22T09:15:50Z</time></trkpt><trkpt lat="34.7400265" lon="136.5143462"><ele>5.569286958432694</ele><time>2026-09-22T09:16:04Z</time></trkpt><trkpt lat="34.739841" lon="136.5142481"><ele>5.301995656142829</ele><time>2026-09-22T09:16:19Z</time></trkpt><trkpt lat="34.7396497" lon="136.5141872"><ele>3.168040524855705</ele><time>2026-09-22T09:16:33Z</time></trkpt><trkpt lat="34.7394771" lon="136.5141144"><ele>1.000839645361052</ele><time>2026-09-22T09:16:48Z</time></trkpt><trkpt lat="34.7393078" lon="136.5140092"><ele>0.10033771294116178</ele><time>2026-09-22T09:17:00Z</time></trkpt><trkpt lat="34.7391312" lon="136.5139184"><ele>0.3998930712145139</ele><time>2026-09-22T09:17:18Z</time></trkpt><trkpt lat="34.7389513" lon="136.5138766"><ele>0.6994005751283178</ele><time>2026-09-22T09:17:32Z</time></trkpt><trkpt lat="34.7387787" lon="136.5137892"><ele>1.565548534739861</ele><time>2026-09-22T09:17:43Z</time></trkpt><trkpt lat="34.7386185" lon="136.5136656"><ele>2.3650930643734633</ele><time>2026-09-22T09:18:30Z</time></trkpt><trkpt lat="34.7384215" lon="136.5135699"><ele>2.5980098686204918</ele><time>2026-09-22T09:18:45Z</time></trkpt><trkpt lat="34.7382412" lon="136.5134981"><ele>4.097563258507139</ele><time>2026-09-22T09:19:00Z</time></trkpt><trkpt lat="34.7380773" lon="136.5133439"><ele>4.263814198032084</ele><time>2026-09-22T09:19:14Z</time></trkpt><trkpt lat="34.7379078" lon="136.5132729"><ele>3.963019018626781</ele><time>2026-09-22T09:26:21Z</time></trkpt><trkpt lat="34.7377125" lon="136.5131641"><ele>3.9627807565599475</ele><time>2026-09-22T09:26:48Z</time></trkpt><trkpt lat="34.737501" lon="136.513115"><ele>3.962447390704684</ele><time>2026-09-22T09:27:03Z</time></trkpt><trkpt lat="34.7373183" lon="136.5130932"><ele>3.9617906660345263</ele><time>2026-09-22T09:27:15Z</time></trkpt><trkpt lat="34.737118" lon="136.5130443"><ele>3.9610551076969998</ele><time>2026-09-22T09:27:30Z</time></trkpt><trkpt lat="34.7369107" lon="136.5130167"><ele>3.960300094082721</ele><time>2026-09-22T09:27:44Z</time></trkpt><trkpt lat="34.7366998" lon="136.5130083"><ele>3.959487430114791</ele><time>2026-09-22T09:28:00Z</time></trkpt><trkpt lat="34.7365117" lon="136.513007"><ele>3.958636083771085</ele><time>2026-09-22T09:28:15Z</time></trkpt><trkpt lat="34.7363151" lon="136.5130252"><ele>3.9577460165941267</ele><time>2026-09-22T09:28:51Z</time></trkpt><trkpt lat="34.7361249" lon="136.5129725"><ele>3.9569392362797373</ele><time>2026-09-22T09:29:31Z</time></trkpt><trkpt lat="34.7359381" lon="136.5129941"><ele>3.9561071268264243</ele><time>2026-09-22T09:29:40Z</time></trkpt><trkpt lat="34.7357451" lon="136.5129737"><ele>3.4553265088712712</ele><time>2026-09-22T09:29:55Z</time></trkpt><trkpt lat="34.7355275" lon="136.5129157"><ele>3.0545116643792576</ele><time>2026-09-22T09:30:10Z</time></trkpt><trkpt lat="34.7353386" lon="136.5129182"><ele>3.0203830945812697</ele><time>2026-09-22T09:30:22Z</time></trkpt><trkpt lat="34.7351604" lon="136.512882"><ele>3.6196282231707477</ele><time>2026-09-22T09:30:34Z</time></trkpt><trkpt lat="34.7349609" lon="136.5128788"><ele>3.985501574101368</ele><time>2026-09-22T09:30:55Z</time></trkpt><trkpt lat="34.7347547" lon="136.5128477"><ele>3.6180559489552286</ele><time>2026-09-22T09:31:10Z</time></trkpt><trkpt lat="34.7346007" lon="136.5126901"><ele>4.550790278876536</ele><time>2026-09-22T09:31:33Z</time></trkpt><trkpt lat="34.7344667" lon="136.5128546"><ele>5.750088808995976</ele><time>2026-09-22T09:31:44Z</time></trkpt><trkpt lat="34.7342562" lon="136.5128243"><ele>6.782713345643657</ele><time>2026-09-22T09:31:59Z</time></trkpt><trkpt lat="34.7340766" lon="136.512751"><ele>5.54853318540074</ele><time>2026-09-22T09:32:14Z</time></trkpt><trkpt lat="34.7338835" lon="136.5126965"><ele>3.3478591568388887</ele><time>2026-09-22T09:32:29Z</time></trkpt><trkpt lat="34.7336801" lon="136.5126604"><ele>1.8472024486095862</ele><time>2026-09-22T09:32:44Z</time></trkpt><trkpt lat="34.7334711" lon="136.5126373"><ele>1.2131092980381932</ele><time>2026-09-22T09:32:59Z</time></trkpt><trkpt lat="34.7332715" lon="136.5125161"><ele>1.5124067103256327</ele><time>2026-09-22T09:33:13Z</time></trkpt><trkpt lat="34.733072" lon="136.5125829"><ele>1.4448814597644315</ele><time>2026-09-22T09:33:28Z</time></trkpt><trkpt lat="34.7328754" lon="136.5125691"><ele>1.8106578211214408</ele><time>2026-09-22T09:33:43Z</time></trkpt><trkpt lat="34.7326984" lon="136.5125192"><ele>2.5430269100335727</ele><time>2026-09-22T09:33:55Z</time></trkpt><trkpt lat="34.7324931" lon="136.512488"><ele>3.608836097194981</ele><time>2026-09-22T09:34:10Z</time></trkpt><trkpt lat="34.7323158" lon="136.5124389"><ele>4.608053131883859</ele><time>2026-09-22T09:34:22Z</time></trkpt><trkpt lat="34.7321046" lon="136.5123971"><ele>5.540536769467894</ele><time>2026-09-22T09:34:37Z</time></trkpt><trkpt lat="34.7319261" lon="136.5123647"><ele>6.006400267949644</ele><time>2026-09-22T09:34:49Z</time></trkpt><trkpt lat="34.7317563" lon="136.5122658"><ele>5.8723360007375645</ele><time>2026-09-22T09:35:07Z</time></trkpt><trkpt lat="34.7315502" lon="136.5123269"><ele>4.804824280033145</ele><time>2026-09-22T09:35:22Z</time></trkpt><trkpt lat="34.7313501" lon="136.5122726"><ele>3.770636030136719</ele><time>2026-09-22T09:35:37Z</time></trkpt><trkpt lat="34.7311351" lon="136.5122361"><ele>2.769631087197837</ele><time>2026-09-22T09:35:52Z</time></trkpt><trkpt lat="34.7309291" lon="136.5121999"><ele>1.6687426798326779</ele><time>2026-09-22T09:36:07Z</time></trkpt><trkpt lat="34.7307055" lon="136.5121721"><ele>1.9344500967425613</ele><time>2026-09-22T09:36:24Z</time></trkpt><trkpt lat="34.7304933" lon="136.5121483"><ele>1.833480505168114</ele><time>2026-09-22T09:37:02Z</time></trkpt><trkpt lat="34.7303192" lon="136.5120949"><ele>14.131803504181562</ele><time>2026-09-22T09:56:10Z</time></trkpt><trkpt lat="34.7301048" lon="136.5119976"><ele>9.981440772702292</ele><time>2026-09-22T09:56:18Z</time></trkpt><trkpt lat="34.729956" lon="136.5117947"><ele>8.597981319623424</ele><time>2026-09-22T09:56:28Z</time></trkpt><trkpt lat="34.7297793" lon="136.5116995"><ele>5.864219342999593</ele><time>2026-09-22T09:56:43Z</time></trkpt><trkpt lat="34.7295912" lon="136.51159"><ele>5.963849969721079</ele><time>2026-09-22T09:56:58Z</time></trkpt><trkpt lat="34.7295749" lon="136.5115368"><ele>6.630080243652998</ele><time>2026-09-22T10:35:53Z</time></trkpt><trkpt lat="34.7297033" lon="136.511704"><ele>6.530100134040655</ele><time>2026-09-22T10:36:14Z</time></trkpt><trkpt lat="34.7298759" lon="136.5117992"><ele>6.463614822975953</ele><time>2026-09-22T10:36:24Z</time></trkpt><trkpt lat="34.7300456" lon="136.5119217"><ele>6.3639395221450314</ele><time>2026-09-22T10:36:36Z</time></trkpt><trkpt lat="34.7302591" lon="136.5120386"><ele>6.164467902577042</ele><time>2026-09-22T10:36:51Z</time></trkpt><trkpt lat="34.7303343" lon="136.5122053"><ele>8.831482633814701</ele><time>2026-09-22T10:37:19Z</time></trkpt><trkpt lat="34.7303273" lon="136.512168"><ele>8.531578708742842</ele><time>2026-09-22T21:26:23Z</time></trkpt><trkpt lat="34.7301768" lon="136.5120207"><ele>8.531466006027845</ele><time>2026-09-22T21:27:10Z</time></trkpt><trkpt lat="34.7299878" lon="136.5119039"><ele>8.531252433552899</ele><time>2026-09-22T21:27:19Z</time></trkpt><trkpt lat="34.7297996" lon="136.5117679"><ele>8.530849912599358</ele><time>2026-09-22T21:27:34Z</time></trkpt><trkpt lat="34.7296351" lon="136.5116575"><ele>8.530380201434172</ele><time>2026-09-22T21:27:49Z</time></trkpt><trkpt lat="34.7294817" lon="136.5115357"><ele>8.529976613462892</ele><time>2026-09-22T21:28:01Z</time></trkpt><trkpt lat="34.7292966" lon="136.5114056"><ele>8.529571716577676</ele><time>2026-09-22T21:28:16Z</time></trkpt><trkpt lat="34.7291072" lon="136.511346"><ele>8.529064493003702</ele><time>2026-09-22T21:28:31Z</time></trkpt><trkpt lat="34.7289316" lon="136.51127"><ele>8.528465438745895</ele><time>2026-09-22T21:28:46Z</time></trkpt><trkpt lat="34.7287381" lon="136.5112325"><ele>8.527741106570543</ele><time>2026-09-22T21:29:00Z</time></trkpt><trkpt lat="34.7285514" lon="136.5111215"><ele>8.527083675356012</ele><time>2026-09-22T21:29:17Z</time></trkpt><trkpt lat="34.7283536" lon="136.5110824"><ele>8.526344936240799</ele><time>2026-09-22T21:29:32Z</time></trkpt><trkpt lat="34.7281656" lon="136.5110258"><ele>8.52563874652855</ele><time>2026-09-22T21:29:46Z</time></trkpt><trkpt lat="34.7279837" lon="136.5109997"><ele>8.524838242364396</ele><time>2026-09-22T21:30:00Z</time></trkpt><trkpt lat="34.7278006" lon="136.5109144"><ele>8.524118450539765</ele><time>2026-09-22T21:30:15Z</time></trkpt><trkpt lat="34.7276208" lon="136.5108459"><ele>7.790094478792724</ele><time>2026-09-22T21:30:29Z</time></trkpt><trkpt lat="34.7276237" lon="136.5106243"><ele>6.2899493784983775</ele><time>2026-09-22T21:30:56Z</time></trkpt><trkpt lat="34.7276159" lon="136.5103614"><ele>4.290312287516767</ele><time>2026-09-22T21:31:42Z</time></trkpt><trkpt lat="34.7276467" lon="136.5101228"><ele>2.82456533776867</ele><time>2026-09-22T21:32:11Z</time></trkpt><trkpt lat="34.7276533" lon="136.50989"><ele>2.4588380867036554</ele><time>2026-09-22T21:33:09Z</time></trkpt><trkpt lat="34.7274879" lon="136.5097939"><ele>4.392646667471941</ele><time>2026-09-22T21:38:26Z</time></trkpt><trkpt lat="34.7273262" lon="136.5096793"><ele>6.525984732517041</ele><time>2026-09-22T21:38:54Z</time></trkpt><trkpt lat="34.7274622" lon="136.5095353"><ele>6.392763590304104</ele><time>2026-09-22T21:39:57Z</time></trkpt><trkpt lat="34.7274383" lon="136.5097738"><ele>4.859371857210657</ele><time>2026-09-22T21:44:42Z</time></trkpt><trkpt lat="34.7276259" lon="136.5098728"><ele>1.3596355452078868</ele><time>2026-09-22T21:46:01Z</time></trkpt><trkpt lat="34.7276829" lon="136.5100832"><ele>0.1926717962604935</ele><time>2026-09-22T21:46:12Z</time></trkpt><trkpt lat="34.7277367" lon="136.5102934"><ele>-0.6741280163654082</ele><time>2026-09-22T21:46:35Z</time></trkpt><trkpt lat="34.7278855" lon="136.5104769"><ele>0.3922390752715354</ele><time>2026-09-22T21:47:56Z</time></trkpt><trkpt lat="34.7276989" lon="136.5104699"><ele>-0.44153626048048505</ele><time>2026-09-22T21:50:46Z</time></trkpt><trkpt lat="34.727566" lon="136.5106329"><ele>-0.34223231143065885</ele><time>2026-09-22T21:51:45Z</time></trkpt><trkpt lat="34.727426" lon="136.5108231"><ele>0.5899150784431578</ele><time>2026-09-22T21:51:57Z</time></trkpt><trkpt lat="34.7272231" lon="136.5107636"><ele>3.3220987346068163</ele><time>2026-09-22T21:52:12Z</time></trkpt><trkpt lat="34.727018" lon="136.5107189"><ele>4.887747050573691</ele><time>2026-09-22T21:52:27Z</time></trkpt><trkpt lat="34.7268239" lon="136.5106375"><ele>4.420301445439546</ele><time>2026-09-22T21:52:41Z</time></trkpt><trkpt lat="34.7266281" lon="136.5106494"><ele>4.486114468492019</ele><time>2026-09-22T21:52:59Z</time></trkpt><trkpt lat="34.7266402" lon="136.5109049"><ele>3.585257993027971</ele><time>2026-09-22T21:53:19Z</time></trkpt><trkpt lat="34.7264538" lon="136.5109943"><ele>3.8842063941893463</ele><time>2026-09-22T21:53:47Z</time></trkpt><trkpt lat="34.7262915" lon="136.510869"><ele>3.1833775234229527</ele><time>2026-09-22T21:54:24Z</time></trkpt><trkpt lat="34.7260748" lon="136.5109312"><ele>2.282401888835762</ele><time>2026-09-22T21:54:38Z</time></trkpt><trkpt lat="34.7258718" lon="136.5109804"><ele>1.8147806753823161</ele><time>2026-09-22T21:54:49Z</time></trkpt><trkpt lat="34.7256696" lon="136.5109272"><ele>1.413671852919838</ele><time>2026-09-22T21:55:02Z</time></trkpt><trkpt lat="34.7254871" lon="136.510892"><ele>1.0794055601311687</ele><time>2026-09-22T21:55:15Z</time></trkpt><trkpt lat="34.7253487" lon="136.5110621"><ele>-0.15490080080803637</ele><time>2026-09-22T21:55:42Z</time></trkpt><trkpt lat="34.7252845" lon="136.5113086"><ele>-1.4226765290874799</ele><time>2026-09-22T21:55:55Z</time></trkpt><trkpt lat="34.725087" lon="136.5113582"><ele>-2.1239146615249545</ele><time>2026-09-22T21:56:13Z</time></trkpt><trkpt lat="34.7248789" lon="136.5113388"><ele>-2.091704517555234</ele><time>2026-09-22T21:56:30Z</time></trkpt><trkpt lat="34.7246987" lon="136.5113497"><ele>-1.3260668868752485</ele><time>2026-09-22T21:56:45Z</time></trkpt><trkpt lat="34.7244918" lon="136.5113525"><ele>-0.32705440769271615</ele><time>2026-09-22T21:57:03Z</time></trkpt><trkpt lat="34.724309" lon="136.5113293"><ele>0.20533839536967946</ele><time>2026-09-22T21:57:18Z</time></trkpt><trkpt lat="34.7241016" lon="136.5113387"><ele>-0.2289790922288001</ele><time>2026-09-22T21:57:36Z</time></trkpt><trkpt lat="34.7238897" lon="136.5113148"><ele>0.2367278824387474</ele><time>2026-09-22T21:57:55Z</time></trkpt><trkpt lat="34.7236917" lon="136.5113135"><ele>1.835715957020999</ele><time>2026-09-22T21:58:13Z</time></trkpt><trkpt lat="34.7234898" lon="136.5112885"><ele>2.3347555476243165</ele><time>2026-09-22T21:58:30Z</time></trkpt><trkpt lat="34.723295" lon="136.5112839"><ele>2.2338000457270986</ele><time>2026-09-22T21:58:48Z</time></trkpt><trkpt lat="34.7230884" lon="136.5113304"><ele>1.0327712914492626</ele><time>2026-09-22T21:59:04Z</time></trkpt><trkpt lat="34.7228761" lon="136.5112797"><ele>1.5650902493842718</ele><time>2026-09-22T21:59:23Z</time></trkpt><trkpt lat="34.7227156" lon="136.5115541"><ele>2.563788841572555</ele><time>2026-09-22T22:00:04Z</time></trkpt><trkpt lat="34.7226614" lon="136.5117928"><ele>4.962504604839054</ele><time>2026-09-22T22:00:16Z</time></trkpt><trkpt lat="34.7226208" lon="136.5120182"><ele>7.46116632221423</ele><time>2026-09-22T22:00:32Z</time></trkpt><trkpt lat="34.7224045" lon="136.5120087"><ele>6.426751187192171</ele><time>2026-09-22T22:01:06Z</time></trkpt><trkpt lat="34.7222114" lon="136.5120404"><ele>4.9923589239250745</ele><time>2026-09-22T22:01:18Z</time></trkpt><trkpt lat="34.7220344" lon="136.5119806"><ele>2.124757238531098</ele><time>2026-09-22T22:01:33Z</time></trkpt><trkpt lat="34.7218331" lon="136.5119742"><ele>2.3571768806055977</ele><time>2026-09-22T22:01:51Z</time></trkpt><trkpt lat="34.7216439" lon="136.5119778"><ele>2.189637816037468</ele><time>2026-09-22T22:02:09Z</time></trkpt><trkpt lat="34.7214269" lon="136.5119278"><ele>3.3220198653651942</ele><time>2026-09-22T22:02:29Z</time></trkpt><trkpt lat="34.7212187" lon="136.511896"><ele>2.587755286428184</ele><time>2026-09-22T22:02:53Z</time></trkpt><trkpt lat="34.7210262" lon="136.5119143"><ele>1.8201336541101274</ele><time>2026-09-22T22:03:04Z</time></trkpt><trkpt lat="34.7208484" lon="136.5118619"><ele>0.0859141250212474</ele><time>2026-09-22T22:03:19Z</time></trkpt><trkpt lat="34.7206673" lon="136.5118213"><ele>-0.38158231323708236</ele><time>2026-09-22T22:03:33Z</time></trkpt><trkpt lat="34.7204631" lon="136.5118075"><ele>-1.3823916973553902</ele><time>2026-09-22T22:04:40Z</time></trkpt><trkpt lat="34.7202704" lon="136.5117915"><ele>-1.0832711117556997</ele><time>2026-09-22T22:04:55Z</time></trkpt><trkpt lat="34.7200552" lon="136.5117608"><ele>0.7157802620194786</ele><time>2026-09-22T22:05:12Z</time></trkpt><trkpt lat="34.719874" lon="136.5116936"><ele>2.8482701206309167</ele><time>2026-09-22T22:05:32Z</time></trkpt><trkpt lat="34.71975" lon="136.5118805"><ele>5.780621886075477</ele><time>2026-09-22T22:06:41Z</time></trkpt><trkpt lat="34.7197526" lon="136.5121162"><ele>7.213005699435492</ele><time>2026-09-22T22:06:53Z</time></trkpt><trkpt lat="34.7197587" lon="136.5123723"><ele>8.878632874472244</ele><time>2026-09-22T22:07:07Z</time></trkpt><trkpt lat="34.7196886" lon="136.512577"><ele>11.410994382545033</ele><time>2026-09-22T22:07:21Z</time></trkpt><trkpt lat="34.7197528" lon="136.5127986"><ele>14.610143418313191</ele><time>2026-09-22T22:07:48Z</time></trkpt><trkpt lat="34.719904" lon="136.5129648"><ele>14.009648111165264</ele><time>2026-09-22T22:08:36Z</time></trkpt><trkpt lat="34.7200673" lon="136.5130847"><ele>10.242983632128514</ele><time>2026-09-22T22:08:51Z</time></trkpt><trkpt lat="34.7202379" lon="136.5130051"><ele>3.4102068138130925</ele><time>2026-09-22T22:11:00Z</time></trkpt><trkpt lat="34.7204053" lon="136.513132"><ele>0.7775066086511302</ele><time>2026-09-22T22:12:43Z</time></trkpt><trkpt lat="34.7205695" lon="136.5130142"><ele>-0.8215626973289124</ele><time>2026-09-22T22:14:17Z</time></trkpt><trkpt lat="34.720537" lon="136.5132333"><ele>0.4786553916033422</ele><time>2026-09-22T22:16:16Z</time></trkpt><trkpt lat="34.7203571" lon="136.5131939"><ele>0.6784974187999117</ele><time>2026-09-22T22:18:03Z</time></trkpt><trkpt lat="34.7202541" lon="136.512998"><ele>1.377988255077824</ele><time>2026-09-22T22:19:15Z</time></trkpt><trkpt lat="34.7200817" lon="136.5129331"><ele>0.6775977359355446</ele><time>2026-09-22T22:19:48Z</time></trkpt><trkpt lat="34.720085" lon="136.5129517"><ele>-4.52280110061794</ele><time>2026-09-22T22:24:02Z</time></trkpt><trkpt lat="34.7198967" lon="136.51296"><ele>-4.673290581829917</ele><time>2026-09-22T22:24:17Z</time></trkpt><trkpt lat="34.7196807" lon="136.5129441"><ele>-4.723796362862342</ele><time>2026-09-22T22:24:35Z</time></trkpt><trkpt lat="34.7195442" lon="136.5127998"><ele>-4.2578475330298415</ele><time>2026-09-22T22:24:47Z</time></trkpt><trkpt lat="34.7193862" lon="136.5126932"><ele>-2.158370909895202</ele><time>2026-09-22T22:25:09Z</time></trkpt><trkpt lat="34.7191958" lon="136.5125885"><ele>0.20792660063132473</ele><time>2026-09-22T22:25:23Z</time></trkpt><trkpt lat="34.7189998" lon="136.5125085"><ele>2.607377836650526</ele><time>2026-09-22T22:25:38Z</time></trkpt><trkpt lat="34.7188075" lon="136.5124624"><ele>2.3400296700440797</ele><time>2026-09-22T22:25:55Z</time></trkpt><trkpt lat="34.7185993" lon="136.5123434"><ele>1.972670063552928</ele><time>2026-09-22T22:26:57Z</time></trkpt><trkpt lat="34.7184111" lon="136.5122924"><ele>1.6052875985671282</ele><time>2026-09-22T22:27:12Z</time></trkpt><trkpt lat="34.7182093" lon="136.5122116"><ele>2.8379330585879337</ele><time>2026-09-22T22:27:32Z</time></trkpt><trkpt lat="34.7180257" lon="136.5120851"><ele>4.603963003822353</ele><time>2026-09-22T22:27:49Z</time></trkpt><trkpt lat="34.7178454" lon="136.5121538"><ele>4.403189505642</ele><time>2026-09-22T22:28:11Z</time></trkpt><trkpt lat="34.7176833" lon="136.5120045"><ele>4.035902221476969</ele><time>2026-09-22T22:29:01Z</time></trkpt><trkpt lat="34.7174609" lon="136.5119508"><ele>2.735125585705179</ele><time>2026-09-22T22:29:21Z</time></trkpt><trkpt lat="34.7173095" lon="136.5118135"><ele>4.267989833512185</ele><time>2026-09-22T22:29:35Z</time></trkpt><trkpt lat="34.7171037" lon="136.5117919"><ele>6.567287453746597</ele><time>2026-09-22T22:29:50Z</time></trkpt><trkpt lat="34.7168989" lon="136.5117305"><ele>7.29995790036575</ele><time>2026-09-22T22:30:06Z</time></trkpt><trkpt lat="34.7167292" lon="136.5116353"><ele>5.0658784886340555</ele><time>2026-09-22T22:30:24Z</time></trkpt><trkpt lat="34.7165169" lon="136.5115411"><ele>1.4651930378973053</ele><time>2026-09-22T22:31:18Z</time></trkpt><trkpt lat="34.7163154" lon="136.5114824"><ele>-0.602183910120452</ele><time>2026-09-22T22:31:32Z</time></trkpt><trkpt lat="34.7161326" lon="136.5114006"><ele>-1.502957290074555</ele><time>2026-09-22T22:31:46Z</time></trkpt><trkpt lat="34.7159422" lon="136.5113272"><ele>-2.0037252520639512</ele><time>2026-09-22T22:32:01Z</time></trkpt><trkpt lat="34.716008" lon="136.5110655"><ele>-1.0704197450796709</ele><time>2026-09-22T22:33:15Z</time></trkpt><trkpt lat="34.716026" lon="136.5108262"><ele>-0.2698853471027813</ele><time>2026-09-22T22:33:30Z</time></trkpt><trkpt lat="34.7160978" lon="136.5105829"><ele>1.5980040073448194</ele><time>2026-09-22T22:33:47Z</time></trkpt><trkpt lat="34.7158839" lon="136.5104751"><ele>2.89852788306631</ele><time>2026-09-22T22:34:34Z</time></trkpt><trkpt lat="34.7156842" lon="136.5103682"><ele>3.89849241687412</ele><time>2026-09-22T22:34:52Z</time></trkpt><trkpt lat="34.7154966" lon="136.5102947"><ele>4.1977753676202765</ele><time>2026-09-22T22:35:07Z</time></trkpt><trkpt lat="34.7153034" lon="136.5102428"><ele>3.9636920422098214</ele><time>2026-09-22T22:35:22Z</time></trkpt><trkpt lat="34.7150989" lon="136.5102296"><ele>4.3628149738450075</ele><time>2026-09-22T22:35:39Z</time></trkpt><trkpt lat="34.7149219" lon="136.5101665"><ele>6.028610857601788</ele><time>2026-09-22T22:35:59Z</time></trkpt><trkpt lat="34.714853" lon="136.5099204"><ele>7.894877913734862</ele><time>2026-09-22T22:36:26Z</time></trkpt><trkpt lat="34.7148206" lon="136.5096775"><ele>8.161747221496542</ele><time>2026-09-22T22:36:38Z</time></trkpt><trkpt lat="34.7147041" lon="136.5094886"><ele>5.062219545960043</ele><time>2026-09-22T22:36:57Z</time></trkpt><trkpt lat="34.7145625" lon="136.5093222"><ele>1.3624606028999675</ele><time>2026-09-22T22:37:27Z</time></trkpt><trkpt lat="34.7143595" lon="136.5093149"><ele>-0.0379041054490159</ele><time>2026-09-22T22:37:54Z</time></trkpt><trkpt lat="34.7141462" lon="136.509259"><ele>0.36138864494620765</ele><time>2026-09-22T22:38:47Z</time></trkpt><trkpt lat="34.7139449" lon="136.5092293"><ele>-0.5395996156864603</ele><time>2026-09-22T22:39:01Z</time></trkpt><trkpt lat="34.7137646" lon="136.5091688"><ele>-2.673812234430514</ele><time>2026-09-22T22:39:16Z</time></trkpt><trkpt lat="34.7135711" lon="136.509165"><ele>-4.241389086354353</ele><time>2026-09-22T22:39:30Z</time></trkpt><trkpt lat="34.7133857" lon="136.509138"><ele>-3.1422740117149224</ele><time>2026-09-22T22:39:44Z</time></trkpt><trkpt lat="34.7131846" lon="136.5090583"><ele>-1.1765045183863734</ele><time>2026-09-22T22:40:02Z</time></trkpt><trkpt lat="34.7129893" lon="136.5089979"><ele>0.2560013667422633</ele><time>2026-09-22T22:40:19Z</time></trkpt><trkpt lat="34.7127948" lon="136.508921"><ele>0.45522217957743766</ele><time>2026-09-22T22:40:36Z</time></trkpt><trkpt lat="34.7127067" lon="136.508835"><ele>11.054310809081095</ele><time>2026-09-22T22:52:51Z</time></trkpt><trkpt lat="34.7125167" lon="136.5088583"><ele>10.303755780011315</ele><time>2026-09-22T22:52:58Z</time></trkpt><trkpt lat="34.7123039" lon="136.5087791"><ele>10.153292178379802</ele><time>2026-09-22T22:53:19Z</time></trkpt><trkpt lat="34.7120876" lon="136.508753"><ele>7.085623664585431</ele><time>2026-09-22T22:53:36Z</time></trkpt><trkpt lat="34.7118825" lon="136.5087299"><ele>4.217988162611893</ele><time>2026-09-22T22:53:51Z</time></trkpt><trkpt lat="34.7116827" lon="136.5086652"><ele>0.9836909858762771</ele><time>2026-09-22T22:54:08Z</time></trkpt><trkpt lat="34.7114806" lon="136.5086118"><ele>-0.583878473488871</ele><time>2026-09-22T22:54:25Z</time></trkpt><trkpt lat="34.7112876" lon="136.5085413"><ele>-2.0180311787351477</ele><time>2026-09-22T22:54:42Z</time></trkpt><trkpt lat="34.7110963" lon="136.5085042"><ele>-2.752204028867157</ele><time>2026-09-22T22:54:59Z</time></trkpt><trkpt lat="34.7109236" lon="136.5084389"><ele>-1.41964178251209</ele><time>2026-09-22T22:56:09Z</time></trkpt><trkpt lat="34.7107192" lon="136.5084034"><ele>-0.15381162329222775</ele><time>2026-09-22T22:56:24Z</time></trkpt><trkpt lat="34.7105099" lon="136.5083623"><ele>0.6786585804182437</ele><time>2026-09-22T22:56:36Z</time></trkpt><trkpt lat="34.710313" lon="136.5083085"><ele>-0.9222623388377732</ele><time>2026-09-22T22:56:50Z</time></trkpt><trkpt lat="34.7101155" lon="136.5082394"><ele>-2.1231267527123046</ele><time>2026-09-22T22:57:07Z</time></trkpt><trkpt lat="34.7099347" lon="136.5081986"><ele>-3.923940286017583</ele><time>2026-09-22T22:57:21Z</time></trkpt><trkpt lat="34.709736" lon="136.5081235"><ele>-4.19139541552304</ele><time>2026-09-22T22:57:38Z</time></trkpt><trkpt lat="34.7095255" lon="136.5080497"><ele>-4.725533738051129</ele><time>2026-09-22T22:57:55Z</time></trkpt><trkpt lat="34.7093424" lon="136.5079897"><ele>-4.459650608513847</ele><time>2026-09-22T22:58:09Z</time></trkpt><trkpt lat="34.7091621" lon="136.5079482"><ele>-3.960444832435961</ele><time>2026-09-22T22:58:23Z</time></trkpt><trkpt lat="34.7089621" lon="136.5079178"><ele>-3.5279434587052143</ele><time>2026-09-22T22:58:40Z</time></trkpt><trkpt lat="34.7087475" lon="136.5078804"><ele>-3.328860896023047</ele><time>2026-09-22T22:58:57Z</time></trkpt><trkpt lat="34.7085649" lon="136.5078441"><ele>-3.2631223105383973</ele><time>2026-09-22T22:59:13Z</time></trkpt><trkpt lat="34.7083863" lon="136.5079237"><ele>-2.530823518316988</ele><time>2026-09-22T23:00:23Z</time></trkpt><trkpt lat="34.7082799" lon="136.5081873"><ele>-1.6653949618097859</ele><time>2026-09-22T23:00:50Z</time></trkpt><trkpt lat="34.7081151" lon="136.5082852"><ele>-1.033445215111198</ele><time>2026-09-22T23:01:14Z</time></trkpt><trkpt lat="34.707911" lon="136.5082561"><ele>0.03193504915307699</ele><time>2026-09-22T23:01:28Z</time></trkpt><trkpt lat="34.7081067" lon="136.5082745"><ele>0.23151087965169145</ele><time>2026-09-22T23:02:01Z</time></trkpt><trkpt lat="34.7082668" lon="136.5081535"><ele>0.46528865180033563</ele><time>2026-09-22T23:02:19Z</time></trkpt><trkpt lat="34.7083445" lon="136.5078909"><ele>-0.966789612794237</ele><time>2026-09-22T23:02:37Z</time></trkpt><trkpt lat="34.7083292" lon="136.5077568"><ele>-2.0649269719586627</ele><time>2026-09-22T23:03:36Z</time></trkpt><trkpt lat="34.7082149" lon="136.5079534"><ele>-1.5156212337118582</ele><time>2026-09-22T23:03:54Z</time></trkpt><trkpt lat="34.7081261" lon="136.5081596"><ele>-0.6662829456654696</ele><time>2026-09-22T23:04:09Z</time></trkpt><trkpt lat="34.7079813" lon="136.5083283"><ele>0.06567617816127343</ele><time>2026-09-22T23:04:53Z</time></trkpt><trkpt lat="34.7078917" lon="136.5085201"><ele>-0.4689817798320088</ele><time>2026-09-22T23:05:07Z</time></trkpt><trkpt lat="34.70778" lon="136.5087103"><ele>-1.6369936802206173</ele><time>2026-09-22T23:05:22Z</time></trkpt><trkpt lat="34.7076499" lon="136.5089183"><ele>-2.171698819087844</ele><time>2026-09-22T23:05:39Z</time></trkpt><trkpt lat="34.7075466" lon="136.5091079"><ele>-1.606426370289114</ele><time>2026-09-22T23:05:54Z</time></trkpt><trkpt lat="34.7073861" lon="136.5092279"><ele>-0.9744826866581088</ele><time>2026-09-22T23:06:07Z</time></trkpt><trkpt lat="34.7072296" lon="136.509396"><ele>-0.5758678279236022</ele><time>2026-09-22T23:06:24Z</time></trkpt><trkpt lat="34.7070758" lon="136.5095327"><ele>0.056059013029238734</ele><time>2026-09-22T23:06:38Z</time></trkpt><trkpt lat="34.7069294" lon="136.5096768"><ele>0.9213116819995028</ele><time>2026-09-22T23:06:52Z</time></trkpt><trkpt lat="34.7067808" lon="136.5098248"><ele>0.5199375740508477</ele><time>2026-09-22T23:07:09Z</time></trkpt><trkpt lat="34.7066187" lon="136.5099653"><ele>-0.981457353620705</ele><time>2026-09-22T23:07:26Z</time></trkpt><trkpt lat="34.7064755" lon="136.510099"><ele>-2.016166899355151</ele><time>2026-09-22T23:07:40Z</time></trkpt><trkpt lat="34.706326" lon="136.5102517"><ele>-1.6175518586327442</ele><time>2026-09-22T23:07:55Z</time></trkpt><trkpt lat="34.7061741" lon="136.5103905"><ele>-0.21891708988487815</ele><time>2026-09-22T23:08:09Z</time></trkpt><trkpt lat="34.7060375" lon="136.5105494"><ele>0.24636183608460271</ele><time>2026-09-22T23:08:23Z</time></trkpt><trkpt lat="34.7058574" lon="136.5106891"><ele>0.344935396383138</ele><time>2026-09-22T23:08:40Z</time></trkpt><trkpt lat="34.7056557" lon="136.5107743"><ele>0.6768232023580628</ele><time>2026-09-22T23:09:05Z</time></trkpt><trkpt lat="34.7055246" lon="136.5109294"><ele>0.7753917658195514</ele><time>2026-09-22T23:09:28Z</time></trkpt><trkpt lat="34.7053669" lon="136.5110799"><ele>0.7406520302596817</ele><time>2026-09-22T23:09:40Z</time></trkpt><trkpt lat="34.7052116" lon="136.5112286"><ele>-0.16075641190461454</ele><time>2026-09-22T23:09:55Z</time></trkpt><trkpt lat="34.7050759" lon="136.5114206"><ele>-0.02889011107539356</ele><time>2026-09-22T23:10:15Z</time></trkpt><trkpt lat="34.7049332" lon="136.5115968"><ele>1.1029678890939085</ele><time>2026-09-22T23:10:30Z</time></trkpt><trkpt lat="34.7048036" lon="136.5117755"><ele>3.034831174337924</ele><time>2026-09-22T23:10:47Z</time></trkpt><trkpt lat="34.7046324" lon="136.5119364"><ele>3.933337573675722</ele><time>2026-09-22T23:11:04Z</time></trkpt><trkpt lat="34.7044654" lon="136.5120302"><ele>3.398576293034999</ele><time>2026-09-22T23:11:19Z</time></trkpt><trkpt lat="34.704303" lon="136.5122001"><ele>2.6970998023443875</ele><time>2026-09-22T23:11:36Z</time></trkpt><trkpt lat="34.7041511" lon="136.5123617"><ele>1.862322998926345</ele><time>2026-09-22T23:11:54Z</time></trkpt><trkpt lat="34.7039875" lon="136.5125007"><ele>1.260824051268069</ele><time>2026-09-22T23:12:08Z</time></trkpt><trkpt lat="34.703872" lon="136.5126711"><ele>-0.10725816544760391</ele><time>2026-09-22T23:12:39Z</time></trkpt><trkpt lat="34.7038757" lon="136.5128913"><ele>-1.608471009155539</ele><time>2026-09-22T23:15:33Z</time></trkpt><trkpt lat="34.7037575" lon="136.5127195"><ele>0.39081604627728456</ele><time>2026-09-22T23:19:41Z</time></trkpt><trkpt lat="34.7035255" lon="136.512677"><ele>2.823511704380612</ele><time>2026-09-22T23:20:27Z</time></trkpt><trkpt lat="34.7033565" lon="136.5127584"><ele>5.889413932402881</ele><time>2026-09-22T23:20:39Z</time></trkpt><trkpt lat="34.7031917" lon="136.5126613"><ele>5.888465416338623</ele><time>2026-09-22T23:21:06Z</time></trkpt><trkpt lat="34.7029876" lon="136.5126806"><ele>5.887484154214849</ele><time>2026-09-22T23:21:24Z</time></trkpt><trkpt lat="34.7028049" lon="136.5126946"><ele>5.886569010095177</ele><time>2026-09-22T23:21:39Z</time></trkpt><trkpt lat="34.7025815" lon="136.5126106"><ele>5.885530194350061</ele><time>2026-09-22T23:22:19Z</time></trkpt><trkpt lat="34.7023733" lon="136.5126111"><ele>5.017843543129371</ele><time>2026-09-22T23:23:20Z</time></trkpt><trkpt lat="34.7021363" lon="136.5126051"><ele>5.750085553142978</ele><time>2026-09-22T23:23:58Z</time></trkpt><trkpt lat="34.701952" lon="136.5125135"><ele>5.715742678847758</ele><time>2026-09-22T23:24:13Z</time></trkpt><trkpt lat="34.7016909" lon="136.5125657"><ele>5.581232795900057</ele><time>2026-09-22T23:26:02Z</time></trkpt><trkpt lat="34.701496" lon="136.5124913"><ele>3.9468926474290527</ele><time>2026-09-22T23:26:27Z</time></trkpt><trkpt lat="34.7013104" lon="136.5125279"><ele>2.9790424109612252</ele><time>2026-09-22T23:26:57Z</time></trkpt><trkpt lat="34.7011344" lon="136.5123963"><ele>2.3449306922329263</ele><time>2026-09-22T23:27:12Z</time></trkpt><trkpt lat="34.7009799" lon="136.5125532"><ele>2.443909915279884</ele><time>2026-09-22T23:28:02Z</time></trkpt><trkpt lat="34.7010333" lon="136.5125383"><ele>-0.02353377956010405</ele><time>2026-09-22T23:40:32Z</time></trkpt><trkpt lat="34.7008512" lon="136.5124109"><ele>3.376232006933421</ele><time>2026-09-22T23:41:01Z</time></trkpt><trkpt lat="34.7006417" lon="136.512384"><ele>2.7758108548709637</ele><time>2026-09-22T23:41:19Z</time></trkpt><trkpt lat="34.7004466" lon="136.5123953"><ele>2.274942387570372</ele><time>2026-09-22T23:41:35Z</time></trkpt><trkpt lat="34.7002471" lon="136.5123669"><ele>-1.4594260678527438</ele><time>2026-09-22T23:41:52Z</time></trkpt><trkpt lat="34.7000279" lon="136.5123479"><ele>-3.52715611868503</ele><time>2026-09-22T23:42:09Z</time></trkpt><trkpt lat="34.699842" lon="136.5122869"><ele>-3.428111770704748</ele><time>2026-09-22T23:42:23Z</time></trkpt><trkpt lat="34.6996549" lon="136.5122609"><ele>-2.995724491011307</ele><time>2026-09-22T23:42:37Z</time></trkpt><trkpt lat="34.6994651" lon="136.5122384"><ele>-2.563288842650389</ele><time>2026-09-22T23:42:52Z</time></trkpt><trkpt lat="34.6992527" lon="136.5122027"><ele>-3.0642718476627877</ele><time>2026-09-22T23:43:08Z</time></trkpt><trkpt lat="34.6990672" lon="136.5121705"><ele>-2.1985763788715786</ele><time>2026-09-22T23:43:23Z</time></trkpt><trkpt lat="34.6988585" lon="136.512112"><ele>-0.766199433438762</ele><time>2026-09-22T23:43:40Z</time></trkpt><trkpt lat="34.6986734" lon="136.512128"><ele>0.599490547240336</ele><time>2026-09-22T23:43:54Z</time></trkpt><trkpt lat="34.6984664" lon="136.5121103"><ele>0.1984539667120989</ele><time>2026-09-22T23:44:11Z</time></trkpt><trkpt lat="34.6982594" lon="136.5120817"><ele>-0.5359538787170189</ele><time>2026-09-22T23:44:29Z</time></trkpt><trkpt lat="34.6980562" lon="136.5120148"><ele>-0.8369469528365864</ele><time>2026-09-22T23:45:51Z</time></trkpt><trkpt lat="34.6978939" lon="136.5119115"><ele>-0.13773740058412662</ele><time>2026-09-22T23:46:00Z</time></trkpt><trkpt lat="34.6977002" lon="136.5119019"><ele>0.0281376033220558</ele><time>2026-09-22T23:46:23Z</time></trkpt><trkpt lat="34.6974701" lon="136.5119177"><ele>0.09384782419906419</ele><time>2026-09-22T23:46:53Z</time></trkpt><trkpt lat="34.6972624" lon="136.5118958"><ele>-0.4739728088424708</ele><time>2026-09-22T23:47:07Z</time></trkpt><trkpt lat="34.6970816" lon="136.5118731"><ele>-0.8417510358186794</ele><time>2026-09-22T23:47:21Z</time></trkpt><trkpt lat="34.6968959" lon="136.5118442"><ele>-1.7427174021514038</ele><time>2026-09-22T23:47:35Z</time></trkpt><trkpt lat="34.6967097" lon="136.5117644"><ele>-2.3435624002426345</ele><time>2026-09-22T23:47:52Z</time></trkpt><trkpt lat="34.696501" lon="136.5117161"><ele>-1.2110897618783862</ele><time>2026-09-22T23:48:40Z</time></trkpt><trkpt lat="34.696315" lon="136.5117051"><ele>0.9880242342051394</ele><time>2026-09-22T23:48:55Z</time></trkpt><trkpt lat="34.696112" lon="136.5116265"><ele>2.5537725745543582</ele><time>2026-09-22T23:49:12Z</time></trkpt><trkpt lat="34.6959203" lon="136.511625"><ele>1.9861537973741055</ele><time>2026-09-22T23:49:29Z</time></trkpt><trkpt lat="34.6957482" lon="136.5115427"><ele>1.0519948625238673</ele><time>2026-09-22T23:50:11Z</time></trkpt><trkpt lat="34.6955552" lon="136.5115549"><ele>1.017727073002052</ele><time>2026-09-22T23:50:22Z</time></trkpt><trkpt lat="34.6953499" lon="136.5115051"><ele>2.18350234137012</ele><time>2026-09-22T23:50:37Z</time></trkpt><trkpt lat="34.6951629" lon="136.5114491"><ele>2.715879973309581</ele><time>2026-09-22T23:50:52Z</time></trkpt><trkpt lat="34.6949692" lon="136.5115296"><ele>2.8481597112821126</ele><time>2026-09-22T23:51:30Z</time></trkpt><trkpt lat="34.6947802" lon="136.5115099"><ele>2.5804273733271637</ele><time>2026-09-22T23:51:42Z</time></trkpt><trkpt lat="34.6945932" lon="136.5114842"><ele>2.712652307680488</ele><time>2026-09-22T23:51:57Z</time></trkpt><trkpt lat="34.694388" lon="136.5114616"><ele>2.3116685370919705</ele><time>2026-09-22T23:52:15Z</time></trkpt><trkpt lat="34.6942066" lon="136.5113733"><ele>1.3107966413436192</ele><time>2026-09-22T23:52:32Z</time></trkpt><trkpt lat="34.6940168" lon="136.5113383"><ele>-0.556733543759305</ele><time>2026-09-22T23:52:46Z</time></trkpt><trkpt lat="34.6938061" lon="136.5112894"><ele>-2.2909027613825117</ele><time>2026-09-22T23:53:03Z</time></trkpt><trkpt lat="34.6936074" lon="136.5112391"><ele>-3.991824289202493</ele><time>2026-09-22T23:53:19Z</time></trkpt><trkpt lat="34.6934243" lon="136.511209"><ele>-5.8260733242556535</ele><time>2026-09-22T23:53:33Z</time></trkpt><trkpt lat="34.6932143" lon="136.5111776"><ele>-6.593678952231184</ele><time>2026-09-22T23:53:50Z</time></trkpt><trkpt lat="34.6930126" lon="136.5111318"><ele>-6.561296154087884</ele><time>2026-09-22T23:54:09Z</time></trkpt><trkpt lat="34.6928678" lon="136.5109729"><ele>-6.395324049148283</ele><time>2026-09-22T23:54:32Z</time></trkpt><trkpt lat="34.6927318" lon="136.5108113"><ele>-8.16236076795782</ele><time>2026-09-22T23:54:52Z</time></trkpt><trkpt lat="34.6926226" lon="136.510602"><ele>-11.562323991943884</ele><time>2026-09-22T23:55:09Z</time></trkpt><trkpt lat="34.6927351" lon="136.5107943"><ele>-9.628980530855777</ele><time>2026-09-22T23:56:59Z</time></trkpt><trkpt lat="34.6928608" lon="136.510953"><ele>-6.0289446167114065</ele><time>2026-09-22T23:57:13Z</time></trkpt><trkpt lat="34.6927142" lon="136.5107634"><ele>-1.962339927038066</ele><time>2026-09-22T23:57:38Z</time></trkpt><trkpt lat="34.6925633" lon="136.5105137"><ele>-2.2622553301755794</ele><time>2026-09-22T23:57:47Z</time></trkpt><trkpt lat="34.6924849" lon="136.5102798"><ele>-3.1619852257415793</ele><time>2026-09-23T00:00:15Z</time></trkpt><trkpt lat="34.6922681" lon="136.5102118"><ele>-3.328684897689866</ele><time>2026-09-23T00:00:30Z</time></trkpt><trkpt lat="34.6921287" lon="136.5100467"><ele>-3.2621501537546913</ele><time>2026-09-23T00:00:44Z</time></trkpt><trkpt lat="34.6920025" lon="136.5098625"><ele>-2.4291073388190063</ele><time>2026-09-23T00:00:58Z</time></trkpt><trkpt lat="34.6918506" lon="136.5096948"><ele>-2.0624667153872807</ele><time>2026-09-23T00:01:15Z</time></trkpt><trkpt lat="34.6917262" lon="136.5095347"><ele>-2.362471157654255</ele><time>2026-09-23T00:01:29Z</time></trkpt><trkpt lat="34.6915972" lon="136.5093782"><ele>-2.7958529177340146</ele><time>2026-09-23T00:01:43Z</time></trkpt><trkpt lat="34.6914767" lon="136.5092115"><ele>-3.262510511029234</ele><time>2026-09-23T00:01:58Z</time></trkpt><trkpt lat="34.6912897" lon="136.5090656"><ele>-2.995969364212423</ele><time>2026-09-23T00:02:16Z</time></trkpt><trkpt lat="34.6911639" lon="136.5088804"><ele>-3.329379712505682</ele><time>2026-09-23T00:03:05Z</time></trkpt><trkpt lat="34.6910049" lon="136.5086972"><ele>-2.6628356984741566</ele><time>2026-09-23T00:03:34Z</time></trkpt><trkpt lat="34.6908635" lon="136.5085217"><ele>-1.9961637533049625</ele><time>2026-09-23T00:03:48Z</time></trkpt><trkpt lat="34.6907262" lon="136.508372"><ele>-0.3628964907747066</ele><time>2026-09-23T00:04:02Z</time></trkpt><trkpt lat="34.6905633" lon="136.5082156"><ele>0.5369927212207012</ele><time>2026-09-23T00:04:19Z</time></trkpt><trkpt lat="34.6903855" lon="136.5080411"><ele>0.13681510701190783</ele><time>2026-09-23T00:04:52Z</time></trkpt><trkpt lat="34.6902325" lon="136.5078584"><ele>-0.5966753617359734</ele><time>2026-09-23T00:05:06Z</time></trkpt><trkpt lat="34.6900868" lon="136.5076908"><ele>-0.863450079272044</ele><time>2026-09-23T00:05:20Z</time></trkpt><trkpt lat="34.6899073" lon="136.507573"><ele>-1.3636424255723536</ele><time>2026-09-23T00:05:37Z</time></trkpt><trkpt lat="34.6897159" lon="136.5074542"><ele>-1.897330090428613</ele><time>2026-09-23T00:06:01Z</time></trkpt><trkpt lat="34.6895219" lon="136.5073951"><ele>-3.064596483962101</ele><time>2026-09-23T00:06:15Z</time></trkpt><trkpt lat="34.6893146" lon="136.5074549"><ele>-3.265505733894843</ele><time>2026-09-23T00:06:30Z</time></trkpt><trkpt lat="34.6891178" lon="136.5074929"><ele>-2.1999870552126928</ele><time>2026-09-23T00:06:47Z</time></trkpt><trkpt lat="34.6889174" lon="136.5075276"><ele>-0.7012840366519555</ele><time>2026-09-23T00:07:32Z</time></trkpt><trkpt lat="34.6887013" lon="136.5075685"><ele>-0.26923653581420365</ele><time>2026-09-23T00:07:59Z</time></trkpt><trkpt lat="34.6884878" lon="136.5076516"><ele>0.8293804570753972</ele><time>2026-09-23T00:08:16Z</time></trkpt><trkpt lat="34.6884079" lon="136.5074528"><ele>1.8618938436678505</ele><time>2026-09-23T00:08:49Z</time></trkpt><trkpt lat="34.688417" lon="136.5072045"><ele>4.028576808762421</ele><time>2026-09-23T00:09:54Z</time></trkpt><trkpt lat="34.6883941" lon="136.5074456"><ele>3.4953753431237735</ele><time>2026-09-23T00:11:40Z</time></trkpt><trkpt lat="34.688389" lon="136.507692"><ele>3.0949890270338565</ele><time>2026-09-23T00:12:52Z</time></trkpt><trkpt lat="34.6883742" lon="136.5079178"><ele>3.1271950994002986</ele><time>2026-09-23T00:13:10Z</time></trkpt><trkpt lat="34.6883041" lon="136.5081312"><ele>3.426021976037447</ele><time>2026-09-23T00:13:47Z</time></trkpt><trkpt lat="34.6881237" lon="136.5081245"><ele>3.1915669290636757</ele><time>2026-09-23T00:13:58Z</time></trkpt><trkpt lat="34.6879203" lon="136.5081364"><ele>1.1904145766975418</ele><time>2026-09-23T00:14:27Z</time></trkpt><trkpt lat="34.6877041" lon="136.5080981"><ele>0.022698604868227317</ele><time>2026-09-23T00:14:42Z</time></trkpt><trkpt lat="34.6875201" lon="136.5081059"><ele>-1.0783786376370632</ele><time>2026-09-23T00:15:17Z</time></trkpt><trkpt lat="34.687336" lon="136.5080958"><ele>-0.84605469906739</ele><time>2026-09-23T00:15:32Z</time></trkpt><trkpt lat="34.6871227" lon="136.5081156"><ele>-1.4804779346739803</ele><time>2026-09-23T00:15:49Z</time></trkpt><trkpt lat="34.6869086" lon="136.5081061"><ele>-2.1815973311001193</ele><time>2026-09-23T00:16:06Z</time></trkpt><trkpt lat="34.6867066" lon="136.5081182"><ele>-2.8827824000237143</ele><time>2026-09-23T00:16:21Z</time></trkpt><trkpt lat="34.6866267" lon="136.5079067"><ele>-0.3833795542811866</ele><time>2026-09-23T00:19:08Z</time></trkpt><trkpt lat="34.686595" lon="136.5076867"><ele>2.5166699846978915</ele><time>2026-09-23T00:19:48Z</time></trkpt><trkpt lat="34.686595" lon="136.5074617"><ele>5.117441506031994</ele><time>2026-09-23T00:20:12Z</time></trkpt><trkpt lat="34.6865832" lon="136.5072402"><ele>5.11835241188696</ele><time>2026-09-23T00:21:15Z</time></trkpt><trkpt lat="34.6865462" lon="136.5073598"><ele>5.1185663647530575</ele><time>2026-09-23T00:23:58Z</time></trkpt><trkpt lat="34.6865423" lon="136.5075959"><ele>8.518028913149283</ele><time>2026-09-23T00:24:46Z</time></trkpt><trkpt lat="34.6866137" lon="136.5078061"><ele>7.651001147876163</ele><time>2026-09-23T00:25:07Z</time></trkpt><trkpt lat="34.6866533" lon="136.5080239"><ele>6.550209740501643</ele><time>2026-09-23T00:25:18Z</time></trkpt><trkpt lat="34.6864752" lon="136.5081524"><ele>2.6825930792518307</ele><time>2026-09-23T00:25:39Z</time></trkpt><trkpt lat="34.6862763" lon="136.5081963"><ele>0.5480622668184457</ele><time>2026-09-23T00:25:58Z</time></trkpt><trkpt lat="34.6861627" lon="136.5083771"><ele>0.11330531453032222</ele><time>2026-09-23T00:26:16Z</time></trkpt><trkpt lat="34.6860617" lon="136.5085696"><ele>-0.6214067235093926</ele><time>2026-09-23T00:26:37Z</time></trkpt><trkpt lat="34.685856" lon="136.5086204"><ele>-0.7228090471285048</ele><time>2026-09-23T00:26:54Z</time></trkpt><trkpt lat="34.6856761" lon="136.5086482"><ele>-1.0574389401801885</ele><time>2026-09-23T00:27:08Z</time></trkpt><trkpt lat="34.685472" lon="136.5087337"><ele>-1.3254324975654015</ele><time>2026-09-23T00:27:23Z</time></trkpt><trkpt lat="34.6852891" lon="136.5088276"><ele>-2.593449250725923</ele><time>2026-09-23T00:27:38Z</time></trkpt><trkpt lat="34.6851113" lon="136.5088923"><ele>-4.128184550540179</ele><time>2026-09-23T00:27:52Z</time></trkpt><trkpt lat="34.684924" lon="136.5089589"><ele>-5.062861456475711</ele><time>2026-09-23T00:28:09Z</time></trkpt><trkpt lat="34.6847563" lon="136.5090481"><ele>-5.4641708125572235</ele><time>2026-09-23T00:28:23Z</time></trkpt><trkpt lat="34.6845641" lon="136.5091385"><ele>-6.498879222912389</ele><time>2026-09-23T00:28:39Z</time></trkpt><trkpt lat="34.6843996" lon="136.5092402"><ele>-6.866932527139018</ele><time>2026-09-23T00:28:55Z</time></trkpt><trkpt lat="34.6842229" lon="136.5093607"><ele>-5.9350503173008775</ele><time>2026-09-23T00:29:11Z</time></trkpt><trkpt lat="34.6840251" lon="136.5094237"><ele>-3.6364713561885957</ele><time>2026-09-23T00:29:28Z</time></trkpt><trkpt lat="34.6838278" lon="136.5094349"><ele>-0.30448375355434604</ele><time>2026-09-23T00:29:47Z</time></trkpt><trkpt lat="34.6836203" lon="136.5094977"><ele>1.9942000864545477</ele><time>2026-09-23T00:30:04Z</time></trkpt><trkpt lat="34.6834296" lon="136.5095532"><ele>4.026241137607971</ele><time>2026-09-23T00:30:18Z</time></trkpt><trkpt lat="34.6832215" lon="136.5096166"><ele>4.0915288173106745</ele><time>2026-09-23T00:30:35Z</time></trkpt><trkpt lat="34.683014" lon="136.5096477"><ele>4.256887130323949</ele><time>2026-09-23T00:30:56Z</time></trkpt><trkpt lat="34.6828489" lon="136.5097578"><ele>3.8555610865956873</ele><time>2026-09-23T00:31:14Z</time></trkpt><trkpt lat="34.682845" lon="136.509888"><ele>21.086969482640058</ele><time>2026-09-23T00:38:23Z</time></trkpt><trkpt lat="34.6829742" lon="136.509682"><ele>14.687773865972826</ele><time>2026-09-23T00:38:53Z</time></trkpt><trkpt lat="34.6832011" lon="136.5095752"><ele>10.788596598096973</ele><time>2026-09-23T00:39:05Z</time></trkpt><trkpt lat="34.6833899" lon="136.5095186"><ele>4.4567728158749205</ele><time>2026-09-23T00:39:21Z</time></trkpt><trkpt lat="34.6835689" lon="136.5094895"><ele>2.458119802016069</ele><time>2026-09-23T00:39:35Z</time></trkpt><trkpt lat="34.6835209" lon="136.5092611"><ele>3.5925024004530193</ele><time>2026-09-23T00:40:58Z</time></trkpt><trkpt lat="34.6835466" lon="136.5090347"><ele>3.4601891367846846</ele><time>2026-09-23T00:41:09Z</time></trkpt><trkpt lat="34.6835337" lon="136.5088053"><ele>3.527825246299315</ele><time>2026-09-23T00:41:23Z</time></trkpt><trkpt lat="34.6835322" lon="136.5085547"><ele>3.92891387460255</ele><time>2026-09-23T00:41:37Z</time></trkpt><trkpt lat="34.6835995" lon="136.5083093"><ele>4.963440582545847</ele><time>2026-09-23T00:41:53Z</time></trkpt><trkpt lat="34.683577" lon="136.5080795"><ele>5.197950304908791</ele><time>2026-09-23T00:42:41Z</time></trkpt><trkpt lat="34.6836649" lon="136.5078744"><ele>3.499221283984094</ele><time>2026-09-23T00:43:21Z</time></trkpt><trkpt lat="34.6837666" lon="136.5076931"><ele>2.8337909841603426</ele><time>2026-09-23T00:44:07Z</time></trkpt><trkpt lat="34.6836667" lon="136.5079317"><ele>3.267511713420639</ele><time>2026-09-23T00:48:40Z</time></trkpt><trkpt lat="34.6836178" lon="136.508152"><ele>6.533672073517654</ele><time>2026-09-23T00:50:29Z</time></trkpt><trkpt lat="34.6835263" lon="136.5083517"><ele>9.698903426173262</ele><time>2026-09-23T00:50:59Z</time></trkpt><trkpt lat="34.6835467" lon="136.5085699"><ele>12.297718562579968</ele><time>2026-09-23T00:51:08Z</time></trkpt><trkpt lat="34.683482" lon="136.5087915"><ele>12.29650300577145</ele><time>2026-09-23T00:51:23Z</time></trkpt><trkpt lat="34.6835068" lon="136.5090117"><ele>12.295469440462185</ele><time>2026-09-23T00:51:37Z</time></trkpt><trkpt lat="34.6835372" lon="136.5092553"><ele>12.294415952651283</ele><time>2026-09-23T00:51:52Z</time></trkpt><trkpt lat="34.6835462" lon="136.5095051"><ele>12.293455175438615</ele><time>2026-09-23T00:52:31Z</time></trkpt><trkpt lat="34.6833521" lon="136.5095612"><ele>12.292339393471197</ele><time>2026-09-23T00:52:45Z</time></trkpt><trkpt lat="34.6831741" lon="136.5096022"><ele>11.557831181305355</ele><time>2026-09-23T00:52:56Z</time></trkpt><trkpt lat="34.6829832" lon="136.5096716"><ele>9.956581695969263</ele><time>2026-09-23T00:53:11Z</time></trkpt><trkpt lat="34.6829946" lon="136.5098937"><ele>6.722124292606662</ele><time>2026-09-23T00:53:29Z</time></trkpt><trkpt lat="34.6828692" lon="136.509701"><ele>5.921446682136072</ele><time>2026-09-23T00:54:05Z</time></trkpt><trkpt lat="34.6827035" lon="136.5097909"><ele>4.820781275384275</ele><time>2026-09-23T00:54:20Z</time></trkpt><trkpt lat="34.6825134" lon="136.5098589"><ele>6.2200001760661605</ele><time>2026-09-23T00:54:38Z</time></trkpt><trkpt lat="34.6823109" lon="136.5098292"><ele>4.818838361378788</ele><time>2026-09-23T00:54:59Z</time></trkpt><trkpt lat="34.6821306" lon="136.5098783"><ele>3.8843794715081166</ele><time>2026-09-23T00:55:14Z</time></trkpt><trkpt lat="34.681917" lon="136.5098895"><ele>1.483299332406034</ele><time>2026-09-23T00:55:30Z</time></trkpt><trkpt lat="34.6817185" lon="136.5099546"><ele>0.44874819492731177</ele><time>2026-09-23T00:55:45Z</time></trkpt><trkpt lat="34.6815296" lon="136.510064"><ele>0.5140896071013259</ele><time>2026-09-23T00:56:00Z</time></trkpt><trkpt lat="34.6813677" lon="136.5101925"><ele>1.5126743017873732</ele><time>2026-09-23T00:56:14Z</time></trkpt><trkpt lat="34.6812212" lon="136.5103203"><ele>2.444585892282779</ele><time>2026-09-23T00:56:29Z</time></trkpt><trkpt lat="34.681035" lon="136.5104038"><ele>2.1765408575249103</ele><time>2026-09-23T00:56:48Z</time></trkpt><trkpt lat="34.6808459" lon="136.5104886"><ele>1.6085145958541414</ele><time>2026-09-23T00:57:02Z</time></trkpt><trkpt lat="34.6806463" lon="136.5105218"><ele>1.0072069779659714</ele><time>2026-09-23T00:57:17Z</time></trkpt><trkpt lat="34.6804585" lon="136.5105785"><ele>1.1059370674399673</ele><time>2026-09-23T00:57:31Z</time></trkpt><trkpt lat="34.6802648" lon="136.5106083"><ele>1.5714097508754392</ele><time>2026-09-23T00:57:45Z</time></trkpt><trkpt lat="34.6800858" lon="136.5106538"><ele>1.970232314729029</ele><time>2026-09-23T00:57:59Z</time></trkpt><trkpt lat="34.6800134" lon="136.5104182"><ele>0.9697052962220738</ele><time>2026-09-23T00:58:26Z</time></trkpt><trkpt lat="34.6800228" lon="136.5106365"><ele>-0.4974255989697151</ele><time>2026-09-23T00:59:28Z</time></trkpt><trkpt lat="34.6798431" lon="136.5107204"><ele>-1.8646170244507776</ele><time>2026-09-23T00:59:42Z</time></trkpt><trkpt lat="34.6796409" lon="136.5108"><ele>-1.5658532545217885</ele><time>2026-09-23T00:59:56Z</time></trkpt><trkpt lat="34.6794395" lon="136.5108519"><ele>-0.4338670154056648</ele><time>2026-09-23T01:00:10Z</time></trkpt><trkpt lat="34.6792586" lon="136.5108689"><ele>1.364886522220741</ele><time>2026-09-23T01:00:24Z</time></trkpt><trkpt lat="34.6789667" lon="136.5108759"><ele>2.296928964454286</ele><time>2026-09-23T01:01:25Z</time></trkpt><trkpt lat="34.6787923" lon="136.5107823"><ele>2.795910165304228</ele><time>2026-09-23T01:01:39Z</time></trkpt><trkpt lat="34.6786077" lon="136.5107429"><ele>2.794972423606545</ele><time>2026-09-23T01:01:56Z</time></trkpt><trkpt lat="34.6784157" lon="136.5106629"><ele>3.361010514953224</ele><time>2026-09-23T01:02:10Z</time></trkpt><trkpt lat="34.6782282" lon="136.5105572"><ele>2.4937120131805535</ele><time>2026-09-23T01:02:27Z</time></trkpt><trkpt lat="34.6780377" lon="136.5105016"><ele>1.7264289689137964</ele><time>2026-09-23T01:02:41Z</time></trkpt><trkpt lat="34.6778512" lon="136.5104759"><ele>1.5257383268622082</ele><time>2026-09-23T01:02:55Z</time></trkpt><trkpt lat="34.6776451" lon="136.5104595"><ele>2.724876930825483</ele><time>2026-09-23T01:03:12Z</time></trkpt><trkpt lat="34.6774235" lon="136.510526"><ele>4.390438031097602</ele><time>2026-09-23T01:05:23Z</time></trkpt><trkpt lat="34.6772191" lon="136.510529"><ele>5.422589941173496</ele><time>2026-09-23T01:05:40Z</time></trkpt><trkpt lat="34.6770182" lon="136.5106122"><ele>5.421261791522215</ele><time>2026-09-23T01:05:54Z</time></trkpt><trkpt lat="34.676807" lon="136.510679"><ele>3.9532839913915176</ele><time>2026-09-23T01:06:40Z</time></trkpt><trkpt lat="34.6766335" lon="136.5107526"><ele>3.3519157167371176</ele><time>2026-09-23T01:06:55Z</time></trkpt><trkpt lat="34.6764478" lon="136.5108396"><ele>3.7839005247171684</ele><time>2026-09-23T01:07:12Z</time></trkpt><trkpt lat="34.6762562" lon="136.5108837"><ele>4.81595441005805</ele><time>2026-09-23T01:07:29Z</time></trkpt><trkpt lat="34.6760808" lon="136.5109502"><ele>4.881348867757187</ele><time>2026-09-23T01:07:43Z</time></trkpt><trkpt lat="34.6758915" lon="136.5110093"><ele>4.680113591301726</ele><time>2026-09-23T01:07:58Z</time></trkpt><trkpt lat="34.6757135" lon="136.5110547"><ele>4.312232842231151</ele><time>2026-09-23T01:08:12Z</time></trkpt><trkpt lat="34.6755137" lon="136.5110833"><ele>4.644368762284889</ele><time>2026-09-23T01:08:26Z</time></trkpt><trkpt lat="34.6753184" lon="136.5111169"><ele>5.443200645525008</ele><time>2026-09-23T01:08:41Z</time></trkpt><trkpt lat="34.675101" lon="136.5111273"><ele>6.008685419822458</ele><time>2026-09-23T01:08:57Z</time></trkpt><trkpt lat="34.6749154" lon="136.511137"><ele>6.407557900171187</ele><time>2026-09-23T01:09:11Z</time></trkpt><trkpt lat="34.6747006" lon="136.5111341"><ele>6.37312056427385</ele><time>2026-09-23T01:09:28Z</time></trkpt><trkpt lat="34.6744902" lon="136.5111538"><ele>6.505347283890882</ele><time>2026-09-23T01:09:45Z</time></trkpt><trkpt lat="34.6743032" lon="136.5111681"><ele>6.037564182489163</ele><time>2026-09-23T01:09:59Z</time></trkpt><trkpt lat="34.6741029" lon="136.5111688"><ele>5.636467272841618</ele><time>2026-09-23T01:10:14Z</time></trkpt><trkpt lat="34.6738983" lon="136.5111733"><ele>5.902071139569311</ele><time>2026-09-23T01:11:10Z</time></trkpt><trkpt lat="34.673704" lon="136.5112118"><ele>5.400957028283524</ele><time>2026-09-23T01:11:25Z</time></trkpt><trkpt lat="34.6735114" lon="136.5111751"><ele>4.3332491408298255</ele><time>2026-09-23T01:11:40Z</time></trkpt><trkpt lat="34.6733197" lon="136.5112127"><ele>2.2655109691615727</ele><time>2026-09-23T01:11:55Z</time></trkpt><trkpt lat="34.6731187" lon="136.5113157"><ele>2.6309913257593656</ele><time>2026-09-23T01:12:12Z</time></trkpt><trkpt lat="34.6729292" lon="136.5113059"><ele>4.163100820261822</ele><time>2026-09-23T01:13:26Z</time></trkpt><trkpt lat="34.6727189" lon="136.5113031"><ele>5.861908722649012</ele><time>2026-09-23T01:13:46Z</time></trkpt><trkpt lat="34.6725324" lon="136.5113123"><ele>5.427558013075159</ele><time>2026-09-23T01:14:22Z</time></trkpt><trkpt lat="34.6723344" lon="136.5112562"><ele>4.393266668389835</ele><time>2026-09-23T01:14:36Z</time></trkpt><trkpt lat="34.6721318" lon="136.5112384"><ele>4.825679560503413</ele><time>2026-09-23T01:14:50Z</time></trkpt><trkpt lat="34.6719488" lon="136.5111877"><ele>5.524861380673319</ele><time>2026-09-23T01:15:05Z</time></trkpt><trkpt lat="34.6720081" lon="136.5109583"><ele>5.258103442918241</ele><time>2026-09-23T01:15:47Z</time></trkpt><trkpt lat="34.6720152" lon="136.5107253"><ele>4.358723053345756</ele><time>2026-09-23T01:16:05Z</time></trkpt><trkpt lat="34.6720407" lon="136.5105039"><ele>4.893313207030822</ele><time>2026-09-23T01:16:30Z</time></trkpt><trkpt lat="34.6720186" lon="136.5107599"><ele>5.426982777626269</ele><time>2026-09-23T01:21:45Z</time></trkpt><trkpt lat="34.6719793" lon="136.5109836"><ele>5.459839041765792</ele><time>2026-09-23T01:22:00Z</time></trkpt><trkpt lat="34.6718703" lon="136.5111991"><ele>4.291760392443145</ele><time>2026-09-23T01:22:45Z</time></trkpt><trkpt lat="34.671677" lon="136.5112023"><ele>4.257122149606649</ele><time>2026-09-23T01:23:00Z</time></trkpt><trkpt lat="34.6715005" lon="136.5112733"><ele>4.589155894030505</ele><time>2026-09-23T01:23:17Z</time></trkpt><trkpt lat="34.6713059" lon="136.511324"><ele>4.854637443776125</ele><time>2026-09-23T01:23:33Z</time></trkpt><trkpt lat="34.6711241" lon="136.5113279"><ele>5.6201377213251265</ele><time>2026-09-23T01:23:48Z</time></trkpt><trkpt lat="34.6709472" lon="136.5113748"><ele>6.252342335449744</ele><time>2026-09-23T01:24:02Z</time></trkpt><trkpt lat="34.670765" lon="136.5114037"><ele>6.584603392734304</ele><time>2026-09-23T01:24:16Z</time></trkpt><trkpt lat="34.6705803" lon="136.5114235"><ele>5.616833571784897</ele><time>2026-09-23T01:24:32Z</time></trkpt><trkpt lat="34.670385" lon="136.5114698"><ele>3.982365592951105</ele><time>2026-09-23T01:24:52Z</time></trkpt><trkpt lat="34.6702042" lon="136.5115416"><ele>2.4478303621315285</ele><time>2026-09-23T01:25:07Z</time></trkpt><trkpt lat="34.6700051" lon="136.511506"><ele>1.6133594349866083</ele><time>2026-09-23T01:25:32Z</time></trkpt><trkpt lat="34.6698004" lon="136.5115629"><ele>2.012187893963862</ele><time>2026-09-23T01:25:47Z</time></trkpt><trkpt lat="34.6696283" lon="136.5116342"><ele>2.577698560215618</ele><time>2026-09-23T01:26:00Z</time></trkpt><trkpt lat="34.6694197" lon="136.5117014"><ele>3.376358968591468</ele><time>2026-09-23T01:26:17Z</time></trkpt><trkpt lat="34.6692343" lon="136.5117441"><ele>3.7417422858379177</ele><time>2026-09-23T01:26:39Z</time></trkpt><trkpt lat="34.6690195" lon="136.5117762"><ele>4.507114180248884</ele><time>2026-09-23T01:26:52Z</time></trkpt><trkpt lat="34.668821" lon="136.5118227"><ele>4.272536901988484</ele><time>2026-09-23T01:27:07Z</time></trkpt><trkpt lat="34.6686095" lon="136.5117908"><ele>3.738035274254891</ele><time>2026-09-23T01:27:22Z</time></trkpt><trkpt lat="34.6684105" lon="136.5117756"><ele>3.23697159423813</ele><time>2026-09-23T01:27:37Z</time></trkpt><trkpt lat="34.6682162" lon="136.5116897"><ele>3.402798076716332</ele><time>2026-09-23T01:27:52Z</time></trkpt><trkpt lat="34.6680326" lon="136.5116404"><ele>2.4687021490585033</ele><time>2026-09-23T01:28:07Z</time></trkpt><trkpt lat="34.6678524" lon="136.5115568"><ele>2.334751357785334</ele><time>2026-09-23T01:28:22Z</time></trkpt><trkpt lat="34.6676863" lon="136.5114513"><ele>4.000882635564395</ele><time>2026-09-23T01:28:37Z</time></trkpt><trkpt lat="34.6674903" lon="136.5113468"><ele>6.200416697436381</ele><time>2026-09-23T01:28:54Z</time></trkpt><trkpt lat="34.6673195" lon="136.5112134"><ele>7.366716350422865</ele><time>2026-09-23T01:29:08Z</time></trkpt><trkpt lat="34.6671482" lon="136.5111248"><ele>6.0996467497015585</ele><time>2026-09-23T01:29:22Z</time></trkpt><trkpt lat="34.666942" lon="136.511108"><ele>5.9657494545679155</ele><time>2026-09-23T01:29:39Z</time></trkpt><trkpt lat="34.6667341" lon="136.5111475"><ele>5.964837168155536</ele><time>2026-09-23T01:29:56Z</time></trkpt><trkpt lat="34.6665293" lon="136.5111567"><ele>6.563720028290324</ele><time>2026-09-23T01:30:17Z</time></trkpt><trkpt lat="34.6663224" lon="136.5111761"><ele>5.929230026633303</ele><time>2026-09-23T01:30:33Z</time></trkpt><trkpt lat="34.6661034" lon="136.5111475"><ele>4.494855328498285</ele><time>2026-09-23T01:30:57Z</time></trkpt><trkpt lat="34.6659049" lon="136.511182"><ele>3.3271228476783583</ele><time>2026-09-23T01:31:12Z</time></trkpt><trkpt lat="34.665757" lon="136.5113109"><ele>3.2926398286991208</ele><time>2026-09-23T01:31:35Z</time></trkpt><trkpt lat="34.6655342" lon="136.5113483"><ele>2.624708308803607</ele><time>2026-09-23T01:31:59Z</time></trkpt><trkpt lat="34.6653533" lon="136.5112583"><ele>1.7903443095844764</ele><time>2026-09-23T01:32:11Z</time></trkpt><trkpt lat="34.6651972" lon="136.5113741"><ele>1.0893215786802557</ele><time>2026-09-23T01:32:46Z</time></trkpt><trkpt lat="34.665016" lon="136.5113748"><ele>1.6217609473835612</ele><time>2026-09-23T01:33:10Z</time></trkpt><trkpt lat="34.6648043" lon="136.5113418"><ele>2.0207224101316847</ele><time>2026-09-23T01:33:25Z</time></trkpt><trkpt lat="34.6646177" lon="136.5114096"><ele>3.1197129250607367</ele><time>2026-09-23T01:33:40Z</time></trkpt><trkpt lat="34.6644337" lon="136.5114737"><ele>5.01859401949442</ele><time>2026-09-23T01:33:54Z</time></trkpt><trkpt lat="34.6642511" lon="136.5114912"><ele>6.917439352606493</ele><time>2026-09-23T01:34:08Z</time></trkpt><trkpt lat="34.6640671" lon="136.5115374"><ele>6.782991161144058</ele><time>2026-09-23T01:34:22Z</time></trkpt><trkpt lat="34.6638821" lon="136.5115131"><ele>4.648687433162124</ele><time>2026-09-23T01:34:40Z</time></trkpt><trkpt lat="34.6637062" lon="136.5114593"><ele>2.3811793346680283</ele><time>2026-09-23T01:34:54Z</time></trkpt><trkpt lat="34.6635145" lon="136.5114396"><ele>0.6137676574196173</ele><time>2026-09-23T01:35:08Z</time></trkpt><trkpt lat="34.6633224" lon="136.5114141"><ele>0.44634640828990274</ele><time>2026-09-23T01:35:22Z</time></trkpt><trkpt lat="34.6631285" lon="136.5113849"><ele>0.2788550044449944</ele><time>2026-09-23T01:35:36Z</time></trkpt><trkpt lat="34.6629146" lon="136.5113648"><ele>0.5446612465293347</ele><time>2026-09-23T01:35:53Z</time></trkpt><trkpt lat="34.6627057" lon="136.5113533"><ele>1.3437501313064217</ele><time>2026-09-23T01:36:09Z</time></trkpt><trkpt lat="34.6625062" lon="136.5113607"><ele>2.776102541249936</ele><time>2026-09-23T01:36:30Z</time></trkpt><trkpt lat="34.6623278" lon="136.5114012"><ele>3.6750793670010373</ele><time>2026-09-23T01:36:50Z</time></trkpt><trkpt lat="34.6621213" lon="136.5114022"><ele>2.4740393812466386</ele><time>2026-09-23T01:37:05Z</time></trkpt><trkpt lat="34.6619362" lon="136.5115191"><ele>3.0061745148538392</ele><time>2026-09-23T01:38:52Z</time></trkpt><trkpt lat="34.6617563" lon="136.5115411"><ele>4.571671096945089</ele><time>2026-09-23T01:39:07Z</time></trkpt><trkpt lat="34.6615491" lon="136.5115943"><ele>7.003746386632336</ele><time>2026-09-23T01:39:31Z</time></trkpt><trkpt lat="34.6613475" lon="136.5116281"><ele>7.069265737112308</ele><time>2026-09-23T01:39:48Z</time></trkpt><trkpt lat="34.6611588" lon="136.511535"><ele>6.0016285719496</ele><time>2026-09-23T01:40:05Z</time></trkpt><trkpt lat="34.6611873" lon="136.5113023"><ele>5.10152015106937</ele><time>2026-09-23T01:40:32Z</time></trkpt><trkpt lat="34.6611405" lon="136.5114674"><ele>-1.9321547073977143</ele><time>2026-09-23T01:55:03Z</time></trkpt><trkpt lat="34.6609479" lon="136.5113961"><ele>-2.082450927369919</ele><time>2026-09-23T01:55:20Z</time></trkpt><trkpt lat="34.6607455" lon="136.511422"><ele>-1.566258193155754</ele><time>2026-09-23T01:55:35Z</time></trkpt><trkpt lat="34.6605547" lon="136.5114863"><ele>-0.6339176276054322</ele><time>2026-09-23T01:55:49Z</time></trkpt><trkpt lat="34.6603724" lon="136.5115359"><ele>0.43157200848643384</ele><time>2026-09-23T01:56:03Z</time></trkpt><trkpt lat="34.6601632" lon="136.5115624"><ele>1.6637160267619013</ele><time>2026-09-23T01:56:20Z</time></trkpt><trkpt lat="34.6599779" lon="136.5116202"><ele>2.5958797167683136</ele><time>2026-09-23T01:56:34Z</time></trkpt><trkpt lat="34.6597933" lon="136.5116761"><ele>3.1613623130015447</ele><time>2026-09-23T01:56:49Z</time></trkpt><trkpt lat="34.6596153" lon="136.5117352"><ele>2.4601749916779974</ele><time>2026-09-23T01:57:03Z</time></trkpt><trkpt lat="34.6594297" lon="136.5117909"><ele>1.4256571627783927</ele><time>2026-09-23T01:57:18Z</time></trkpt><trkpt lat="34.6592508" lon="136.5118649"><ele>0.49111832370672914</ele><time>2026-09-23T01:57:33Z</time></trkpt><trkpt lat="34.6590556" lon="136.5119807"><ele>0.08978977172013695</ele><time>2026-09-23T01:57:48Z</time></trkpt><trkpt lat="34.6588866" lon="136.5120693"><ele>-0.17823331221858515</ele><time>2026-09-23T01:58:02Z</time></trkpt><trkpt lat="34.6586743" lon="136.5121929"><ele>-0.5797276803252677</ele><time>2026-09-23T01:58:25Z</time></trkpt><trkpt lat="34.6584882" lon="136.5122775"><ele>-0.7144886921533669</ele><time>2026-09-23T01:58:42Z</time></trkpt><trkpt lat="34.6582978" lon="136.5123578"><ele>-1.1492712991870064</ele><time>2026-09-23T01:58:56Z</time></trkpt><trkpt lat="34.6581242" lon="136.5124252"><ele>-0.950563412834029</ele><time>2026-09-23T01:59:14Z</time></trkpt><trkpt lat="34.6579569" lon="136.5125628"><ele>-0.9519134800787062</ele><time>2026-09-23T01:59:48Z</time></trkpt><trkpt lat="34.6577607" lon="136.512651"><ele>-0.4199532421910324</ele><time>2026-09-23T02:00:02Z</time></trkpt><trkpt lat="34.6575631" lon="136.5127425"><ele>-0.42140637610769005</ele><time>2026-09-23T02:00:19Z</time></trkpt><trkpt lat="34.6573893" lon="136.5128448"><ele>-0.6228115078722117</ele><time>2026-09-23T02:00:33Z</time></trkpt><trkpt lat="34.6572102" lon="136.5129146"><ele>-0.29082467632050424</ele><time>2026-09-23T02:00:47Z</time></trkpt><trkpt lat="34.6570445" lon="136.5130306"><ele>0.307839994641481</ele><time>2026-09-23T02:01:01Z</time></trkpt><trkpt lat="34.6568415" lon="136.5131241"><ele>1.0398043835894246</ele><time>2026-09-23T02:01:18Z</time></trkpt><trkpt lat="34.6566638" lon="136.5132041"><ele>0.571753732904798</ele><time>2026-09-23T02:01:33Z</time></trkpt><trkpt lat="34.6564813" lon="136.5132641"><ele>0.27043562534110777</ele><time>2026-09-23T02:01:47Z</time></trkpt><trkpt lat="34.6562874" lon="136.5133374"><ele>0.1358327456389432</ele><time>2026-09-23T02:02:05Z</time></trkpt><trkpt lat="34.6560969" lon="136.5133962"><ele>0.5012441067723424</ele><time>2026-09-23T02:02:34Z</time></trkpt><trkpt lat="34.6558864" lon="136.5134408"><ele>1.4666349966626768</ele><time>2026-09-23T02:02:49Z</time></trkpt><trkpt lat="34.6556751" lon="136.513427"><ele>2.6988098544196455</ele><time>2026-09-23T02:03:05Z</time></trkpt><trkpt lat="34.655467" lon="136.5134448"><ele>3.3976910774175053</ele><time>2026-09-23T02:03:22Z</time></trkpt><trkpt lat="34.655279" lon="136.5135012"><ele>2.796589426490724</ele><time>2026-09-23T02:03:36Z</time></trkpt><trkpt lat="34.6551039" lon="136.5135677"><ele>1.3287458106390748</ele><time>2026-09-23T02:03:50Z</time></trkpt><trkpt lat="34.6549339" lon="136.5136466"><ele>-0.005804505901724137</ele><time>2026-09-23T02:04:05Z</time></trkpt><trkpt lat="34.654757" lon="136.5137804"><ele>-0.14046683824774675</ele><time>2026-09-23T02:04:23Z</time></trkpt><trkpt lat="34.6545589" lon="136.5138687"><ele>0.05812936324293361</ele><time>2026-09-23T02:05:20Z</time></trkpt><trkpt lat="34.6543829" lon="136.513975"><ele>2.090002649838079</ele><time>2026-09-23T02:05:34Z</time></trkpt><trkpt lat="34.6541956" lon="136.5141221"><ele>2.8218360326528917</ele><time>2026-09-23T02:05:55Z</time></trkpt><trkpt lat="34.6540187" lon="136.5142457"><ele>3.220311288472639</ele><time>2026-09-23T02:06:09Z</time></trkpt><trkpt lat="34.6538241" lon="136.5143625"><ele>2.0854044985191442</ele><time>2026-09-23T02:06:26Z</time></trkpt><trkpt lat="34.6536827" lon="136.5145202"><ele>1.6838884703495722</ele><time>2026-09-23T02:06:40Z</time></trkpt><trkpt lat="34.6535399" lon="136.5147022"><ele>1.482329954571045</ele><time>2026-09-23T02:06:57Z</time></trkpt><trkpt lat="34.6534091" lon="136.5148765"><ele>1.5474461230699343</ele><time>2026-09-23T02:07:14Z</time></trkpt><trkpt lat="34.6532537" lon="136.5150091"><ele>1.7125810765194984</ele><time>2026-09-23T02:07:28Z</time></trkpt><trkpt lat="34.653078" lon="136.5151451"><ele>2.411072141676854</ele><time>2026-09-23T02:07:45Z</time></trkpt><trkpt lat="34.6529151" lon="136.515248"><ele>3.4096301748399043</ele><time>2026-09-23T02:07:59Z</time></trkpt><trkpt lat="34.6527612" lon="136.5153792"><ele>4.0081926929290335</ele><time>2026-09-23T02:08:13Z</time></trkpt><trkpt lat="34.6525901" lon="136.5154778"><ele>3.9401588680664594</ele><time>2026-09-23T02:08:27Z</time></trkpt><trkpt lat="34.6523801" lon="136.515548"><ele>3.905435417021162</ele><time>2026-09-23T02:08:44Z</time></trkpt><trkpt lat="34.6522459" lon="136.5157086"><ele>3.504027898326534</ele><time>2026-09-23T02:09:05Z</time></trkpt><trkpt lat="34.6520404" lon="136.5157417"><ele>2.769340472166794</ele><time>2026-09-23T02:09:56Z</time></trkpt><trkpt lat="34.6518718" lon="136.5156606"><ele>2.4016434858563542</ele><time>2026-09-23T02:10:18Z</time></trkpt><trkpt lat="34.6517141" lon="136.5158071"><ele>2.300597854005192</ele><time>2026-09-23T02:10:57Z</time></trkpt><trkpt lat="34.6515006" lon="136.5158455"><ele>3.0661965920425964</ele><time>2026-09-23T02:11:13Z</time></trkpt><trkpt lat="34.6514614" lon="136.5160838"><ele>2.5648027570094762</ele><time>2026-09-23T02:12:06Z</time></trkpt><trkpt lat="34.6515334" lon="136.5162847"><ele>2.9303633681816685</ele><time>2026-09-23T02:12:17Z</time></trkpt><trkpt lat="34.6514425" lon="136.5160742"><ele>3.1632140051638324</ele><time>2026-09-23T02:12:47Z</time></trkpt><trkpt lat="34.6512996" lon="136.5159261"><ele>3.763212994656558</ele><time>2026-09-23T02:14:10Z</time></trkpt><trkpt lat="34.6510956" lon="136.5160146"><ele>3.6629453566771395</ele><time>2026-09-23T02:14:28Z</time></trkpt><trkpt lat="34.6508827" lon="136.516031"><ele>3.895425716177428</ele><time>2026-09-23T02:14:46Z</time></trkpt><trkpt lat="34.6506846" lon="136.5160213"><ele>4.094247443303314</ele><time>2026-09-23T02:15:22Z</time></trkpt><trkpt lat="34.6504663" lon="136.516002"><ele>5.393227840177445</ele><time>2026-09-23T02:15:36Z</time></trkpt><trkpt lat="34.6502773" lon="136.5159876"><ele>6.192299919968408</ele><time>2026-09-23T02:15:50Z</time></trkpt><trkpt lat="34.6500945" lon="136.5160416"><ele>5.757956081619521</ele><time>2026-09-23T02:16:09Z</time></trkpt><trkpt lat="34.6500263" lon="136.5158128"><ele>3.6242155671543514</ele><time>2026-09-23T02:16:23Z</time></trkpt><trkpt lat="34.6500559" lon="136.5155881"><ele>1.6245263167659918</ele><time>2026-09-23T02:16:38Z</time></trkpt><trkpt lat="34.6500466" lon="136.5153518"><ele>2.1589493024185202</ele><time>2026-09-23T02:17:33Z</time></trkpt><trkpt lat="34.6500577" lon="136.5150959"><ele>3.02688267767005</ele><time>2026-09-23T02:18:00Z</time></trkpt><trkpt lat="34.6500446" lon="136.5149088"><ele>6.095722267398266</ele><time>2026-09-23T02:29:42Z</time></trkpt><trkpt lat="34.6500952" lon="136.5146759"><ele>6.096439509559332</ele><time>2026-09-23T02:30:00Z</time></trkpt><trkpt lat="34.6500934" lon="136.5144423"><ele>6.097071431096578</ele><time>2026-09-23T02:30:18Z</time></trkpt><trkpt lat="34.6501397" lon="136.5141861"><ele>6.0984528800697815</ele><time>2026-09-23T02:30:34Z</time></trkpt><trkpt lat="34.6501986" lon="136.513947"><ele>6.099858343261225</ele><time>2026-09-23T02:30:49Z</time></trkpt><trkpt lat="34.6502622" lon="136.5137248"><ele>6.10135217622198</ele><time>2026-09-23T02:31:04Z</time></trkpt><trkpt lat="34.6503316" lon="136.5134841"><ele>6.102857577266612</ele><time>2026-09-23T02:31:19Z</time></trkpt><trkpt lat="34.6504028" lon="136.5132487"><ele>6.104376708702183</ele><time>2026-09-23T02:31:34Z</time></trkpt><trkpt lat="34.6504876" lon="136.5130292"><ele>6.105925894694148</ele><time>2026-09-23T02:31:49Z</time></trkpt><trkpt lat="34.6505412" lon="136.5128184"><ele>6.107398173146865</ele><time>2026-09-23T02:32:03Z</time></trkpt><trkpt lat="34.6506212" lon="136.5125789"><ele>6.1088915830967965</ele><time>2026-09-23T02:32:19Z</time></trkpt><trkpt lat="34.6506917" lon="136.5123744"><ele>6.110335797873681</ele><time>2026-09-23T02:32:33Z</time></trkpt><trkpt lat="34.6508134" lon="136.5121555"><ele>6.11190538590796</ele><time>2026-09-23T02:32:50Z</time></trkpt><trkpt lat="34.6509688" lon="136.5120334"><ele>6.6467339342096805</ele><time>2026-09-23T02:33:34Z</time></trkpt><trkpt lat="34.6507823" lon="136.5119106"><ele>7.214335218890724</ele><time>2026-09-23T02:34:13Z</time></trkpt><trkpt lat="34.6505942" lon="136.5118477"><ele>8.247830259508083</ele><time>2026-09-23T02:34:27Z</time></trkpt><trkpt lat="34.6503978" lon="136.5117739"><ele>8.747331771522637</ele><time>2026-09-23T02:34:42Z</time></trkpt><trkpt lat="34.6502059" lon="136.511697"><ele>9.446747002482397</ele><time>2026-09-23T02:34:57Z</time></trkpt><trkpt lat="34.6500095" lon="136.5116381"><ele>9.879475383845872</ele><time>2026-09-23T02:35:14Z</time></trkpt><trkpt lat="34.6498131" lon="136.5115505"><ele>10.945553689789486</ele><time>2026-09-23T02:35:41Z</time></trkpt><trkpt lat="34.6496261" lon="136.5114891"><ele>11.844940297283673</ele><time>2026-09-23T02:35:56Z</time></trkpt><trkpt lat="34.6494492" lon="136.5114224"><ele>12.74436569619993</ele><time>2026-09-23T02:36:10Z</time></trkpt><trkpt lat="34.6492446" lon="136.5113449"><ele>12.943760126989739</ele><time>2026-09-23T02:36:34Z</time></trkpt><trkpt lat="34.6490546" lon="136.5113346"><ele>13.276396339462769</ele><time>2026-09-23T02:36:52Z</time></trkpt><trkpt lat="34.6488992" lon="136.5112133"><ele>13.1424948940727</ele><time>2026-09-23T02:37:24Z</time></trkpt><trkpt lat="34.6487051" lon="136.5111725"><ele>13.141882324141145</ele><time>2026-09-23T02:37:38Z</time></trkpt><trkpt lat="34.648523" lon="136.5110928"><ele>12.974734402003243</ele><time>2026-09-23T02:37:52Z</time></trkpt><trkpt lat="34.6483233" lon="136.511023"><ele>12.97409162554686</ele><time>2026-09-23T02:38:07Z</time></trkpt><trkpt lat="34.6481286" lon="136.5109561"><ele>12.640159089959262</ele><time>2026-09-23T02:38:22Z</time></trkpt><trkpt lat="34.6479279" lon="136.5108831"><ele>12.006184240247016</ele><time>2026-09-23T02:38:39Z</time></trkpt><trkpt lat="34.6477391" lon="136.5108074"><ele>11.238904640316674</ele><time>2026-09-23T02:38:53Z</time></trkpt><trkpt lat="34.6475331" lon="136.5107301"><ele>10.238290730101248</ele><time>2026-09-23T02:39:10Z</time></trkpt><trkpt lat="34.6473526" lon="136.51069"><ele>9.237654928164192</ele><time>2026-09-23T02:39:27Z</time></trkpt><trkpt lat="34.6472339" lon="136.5105129"><ele>8.070642937528357</ele><time>2026-09-23T02:39:52Z</time></trkpt><trkpt lat="34.6472547" lon="136.5107318"><ele>7.870173349629089</ele><time>2026-09-23T02:40:25Z</time></trkpt><trkpt lat="34.6472723" lon="136.5107438"><ele>9.502960534312678</ele><time>2026-09-23T02:43:30Z</time></trkpt><trkpt lat="34.6472712" lon="136.5109852"><ele>8.302340967570306</ele><time>2026-09-23T02:44:13Z</time></trkpt><trkpt lat="34.6472052" lon="136.5112021"><ele>7.734987573567165</ele><time>2026-09-23T02:44:28Z</time></trkpt><trkpt lat="34.6471258" lon="136.5114351"><ele>6.833564102616788</ele><time>2026-09-23T02:44:45Z</time></trkpt><trkpt lat="34.6470468" lon="136.5116358"><ele>6.73207905110489</ele><time>2026-09-23T02:44:59Z</time></trkpt><trkpt lat="34.6469881" lon="136.5118762"><ele>7.063899252085586</ele><time>2026-09-23T02:45:16Z</time></trkpt><trkpt lat="34.6469415" lon="136.5120972"><ele>7.229128035282557</ele><time>2026-09-23T02:45:31Z</time></trkpt><trkpt lat="34.6468581" lon="136.5123419"><ele>6.760940793735202</ele><time>2026-09-23T02:46:06Z</time></trkpt><trkpt lat="34.6467181" lon="136.5121916"><ele>5.0932827158090275</ele><time>2026-09-23T02:47:01Z</time></trkpt><trkpt lat="34.64652" lon="136.5120927"><ele>4.059248638884324</ele><time>2026-09-23T02:47:25Z</time></trkpt><trkpt lat="34.6463186" lon="136.5119949"><ele>5.158933609988066</ele><time>2026-09-23T02:47:43Z</time></trkpt><trkpt lat="34.6461291" lon="136.5119203"><ele>6.425073283554234</ele><time>2026-09-23T02:48:01Z</time></trkpt><trkpt lat="34.6459394" lon="136.5118328"><ele>7.491207958738198</ele><time>2026-09-23T02:48:18Z</time></trkpt><trkpt lat="34.6457575" lon="136.5116989"><ele>6.857437401951334</ele><time>2026-09-23T02:48:35Z</time></trkpt><trkpt lat="34.6455719" lon="136.5115996"><ele>8.390382582406302</ele><time>2026-09-23T02:48:52Z</time></trkpt><trkpt lat="34.6454204" lon="136.5114752"><ele>8.42345531915326</ele><time>2026-09-23T02:49:13Z</time></trkpt><trkpt lat="34.6451706" lon="136.5113007"><ele>6.58953140221611</ele><time>2026-09-23T03:18:55Z</time></trkpt><trkpt lat="34.6452639" lon="136.5115484"><ele>6.589130976588109</ele><time>2026-09-23T03:19:03Z</time></trkpt><trkpt lat="34.6451548" lon="136.5113623"><ele>6.5891325902815465</ele><time>2026-09-23T03:19:43Z</time></trkpt><trkpt lat="34.6450031" lon="136.5112431"><ele>6.588950031934933</ele><time>2026-09-23T03:19:58Z</time></trkpt><trkpt lat="34.6448085" lon="136.5111583"><ele>6.588853006002533</ele><time>2026-09-23T03:20:16Z</time></trkpt><trkpt lat="34.6446063" lon="136.5111908"><ele>6.5882260212894534</ele><time>2026-09-23T03:20:31Z</time></trkpt><trkpt lat="34.644413" lon="136.5111551"><ele>6.587386550484742</ele><time>2026-09-23T03:20:49Z</time></trkpt><trkpt lat="34.6443988" lon="136.5108692"><ele>6.587194304022584</ele><time>2026-09-23T03:21:26Z</time></trkpt><trkpt lat="34.6443982" lon="136.5106419"><ele>6.587785193628065</ele><time>2026-09-23T03:21:45Z</time></trkpt><trkpt lat="34.6444231" lon="136.5104076"><ele>6.589082241639008</ele><time>2026-09-23T03:22:06Z</time></trkpt><trkpt lat="34.6444171" lon="136.5106744"><ele>1.9227806242353627</ele><time>2026-09-23T03:23:43Z</time></trkpt><trkpt lat="34.6443547" lon="136.5109247"><ele>1.7555566887121803</ele><time>2026-09-23T03:23:58Z</time></trkpt><trkpt lat="34.6441915" lon="136.5110454"><ele>1.5874093082488538</ele><time>2026-09-23T03:24:25Z</time></trkpt><trkpt lat="34.6440081" lon="136.5109918"><ele>6.086179023601692</ele><time>2026-09-23T03:24:39Z</time></trkpt><trkpt lat="34.6438028" lon="136.5108871"><ele>6.085317975021316</ele><time>2026-09-23T03:24:54Z</time></trkpt><trkpt lat="34.6436259" lon="136.5108403"><ele>6.084721028113587</ele><time>2026-09-23T03:25:09Z</time></trkpt><trkpt lat="34.6434435" lon="136.5107837"><ele>6.084131122046514</ele><time>2026-09-23T03:25:24Z</time></trkpt><trkpt lat="34.6432412" lon="136.5107261"><ele>6.083465732888432</ele><time>2026-09-23T03:25:38Z</time></trkpt><trkpt lat="34.6430584" lon="136.5106571"><ele>6.082828744280557</ele><time>2026-09-23T03:25:52Z</time></trkpt><trkpt lat="34.6428892" lon="136.5105506"><ele>6.082299786872788</ele><time>2026-09-23T03:26:06Z</time></trkpt><trkpt lat="34.6426903" lon="136.5104713"><ele>1.5484814909553866</ele><time>2026-09-23T03:26:23Z</time></trkpt><trkpt lat="34.6425068" lon="136.5104299"><ele>-3.1853851415760333</ele><time>2026-09-23T03:26:37Z</time></trkpt><trkpt lat="34.6423054" lon="136.5103721"><ele>-7.98605579529</ele><time>2026-09-23T03:26:52Z</time></trkpt><trkpt lat="34.6421282" lon="136.5104219"><ele>-8.353579304185928</ele><time>2026-09-23T03:27:07Z</time></trkpt><trkpt lat="34.6419217" lon="136.5104683"><ele>-9.187958967691172</ele><time>2026-09-23T03:27:24Z</time></trkpt><trkpt lat="34.6417237" lon="136.5105349"><ele>-9.455880296154238</ele><time>2026-09-23T03:27:38Z</time></trkpt><trkpt lat="34.6415401" lon="136.5105873"><ele>-9.823817011725469</ele><time>2026-09-23T03:27:57Z</time></trkpt><trkpt lat="34.6413467" lon="136.510567"><ele>-10.358283753389063</ele><time>2026-09-23T03:28:17Z</time></trkpt><trkpt lat="34.6411417" lon="136.5106302"><ele>-10.726089887413991</ele><time>2026-09-23T03:28:55Z</time></trkpt><trkpt lat="34.6409372" lon="136.5106313"><ele>-9.26050944978904</ele><time>2026-09-23T03:29:09Z</time></trkpt><trkpt lat="34.6407404" lon="136.5106123"><ele>-6.794936940064681</ele><time>2026-09-23T03:29:23Z</time></trkpt><trkpt lat="34.6405623" lon="136.5105529"><ele>-4.929108025196399</ele><time>2026-09-23T03:29:37Z</time></trkpt><trkpt lat="34.6403831" lon="136.5105081"><ele>-4.796490800333754</ele><time>2026-09-23T03:29:51Z</time></trkpt><trkpt lat="34.6402045" lon="136.5104298"><ele>-4.830407283049451</ele><time>2026-09-23T03:30:05Z</time></trkpt><trkpt lat="34.6400477" lon="136.51032"><ele>-5.064200862137487</ele><time>2026-09-23T03:30:20Z</time></trkpt><trkpt lat="34.6398744" lon="136.5102486"><ele>-5.097938412078096</ele><time>2026-09-23T03:30:38Z</time></trkpt><trkpt lat="34.6397388" lon="136.5104022"><ele>-5.4986709553140445</ele><time>2026-09-23T03:32:09Z</time></trkpt><trkpt lat="34.6398152" lon="136.5102043"><ele>-6.0321938879736665</ele><time>2026-09-23T03:32:41Z</time></trkpt><trkpt lat="34.6396882" lon="136.5100091"><ele>-5.198758625935926</ele><time>2026-09-23T03:32:58Z</time></trkpt><trkpt lat="34.6395145" lon="136.5099167"><ele>-3.031628675212881</ele><time>2026-09-23T03:33:14Z</time></trkpt><trkpt lat="34.6393409" lon="136.5098012"><ele>-0.3317260939716486</ele><time>2026-09-23T03:33:31Z</time></trkpt><trkpt lat="34.6391298" lon="136.5097363"><ele>0.2678109224842065</ele><time>2026-09-23T03:33:47Z</time></trkpt><trkpt lat="34.6389391" lon="136.5097024"><ele>-0.6327813915477402</ele><time>2026-09-23T03:34:02Z</time></trkpt><trkpt lat="34.6387572" lon="136.5096487"><ele>-2.166827544201439</ele><time>2026-09-23T03:34:17Z</time></trkpt><trkpt lat="34.6385671" lon="136.5095918"><ele>-3.7008521965997425</ele><time>2026-09-23T03:34:31Z</time></trkpt><trkpt lat="34.6383814" lon="136.5095702"><ele>-4.701556305225012</ele><time>2026-09-23T03:34:45Z</time></trkpt><trkpt lat="34.6381725" lon="136.5095572"><ele>-5.402375910636614</ele><time>2026-09-23T03:35:03Z</time></trkpt><trkpt lat="34.63799" lon="136.5095177"><ele>-6.003212799594305</ele><time>2026-09-23T03:35:20Z</time></trkpt><trkpt lat="34.6377935" lon="136.5094696"><ele>-6.370688389303637</ele><time>2026-09-23T03:35:35Z</time></trkpt><trkpt lat="34.6375927" lon="136.5094315"><ele>-5.338106809304578</ele><time>2026-09-23T03:35:49Z</time></trkpt><trkpt lat="34.6374053" lon="136.5094232"><ele>-3.738920740064683</ele><time>2026-09-23T03:36:04Z</time></trkpt><trkpt lat="34.6372674" lon="136.5096065"><ele>-2.9733714496230896</ele><time>2026-09-23T03:36:19Z</time></trkpt><trkpt lat="34.6371679" lon="136.5098114"><ele>-4.774741195620893</ele><time>2026-09-23T03:36:36Z</time></trkpt><trkpt lat="34.6371034" lon="136.5100351"><ele>-6.976308238093847</ele><time>2026-09-23T03:36:50Z</time></trkpt><trkpt lat="34.6370522" lon="136.5102635"><ele>-7.911142162702092</ele><time>2026-09-23T03:37:04Z</time></trkpt><trkpt lat="34.6369892" lon="136.5104981"><ele>-7.679300183372113</ele><time>2026-09-23T03:37:19Z</time></trkpt><trkpt lat="34.6369114" lon="136.5107237"><ele>-6.714150734729402</ele><time>2026-09-23T03:37:34Z</time></trkpt><trkpt lat="34.6367392" lon="136.5108301"><ele>-6.182325868872668</ele><time>2026-09-23T03:37:48Z</time></trkpt><trkpt lat="34.6365318" lon="136.5108867"><ele>-5.750434247641043</ele><time>2026-09-23T03:38:12Z</time></trkpt><trkpt lat="34.6363385" lon="136.5109538"><ele>-6.085127944354814</ele><time>2026-09-23T03:38:34Z</time></trkpt><trkpt lat="34.6361548" lon="136.5110495"><ele>-6.253155979279607</ele><time>2026-09-23T03:38:49Z</time></trkpt><trkpt lat="34.6359793" lon="136.511118"><ele>-6.08781811925989</ele><time>2026-09-23T03:39:03Z</time></trkpt><trkpt lat="34.6357808" lon="136.5111491"><ele>-5.722426599414092</ele><time>2026-09-23T03:39:21Z</time></trkpt><trkpt lat="34.6355908" lon="136.5112345"><ele>-6.090361339798068</ele><time>2026-09-23T03:39:38Z</time></trkpt><trkpt lat="34.635401" lon="136.5112816"><ele>-2.658283294239079</ele><time>2026-09-23T03:39:56Z</time></trkpt><trkpt lat="34.6352047" lon="136.511325"><ele>0.9737768551471669</ele><time>2026-09-23T03:40:14Z</time></trkpt><trkpt lat="34.634992" lon="136.5113942"><ele>4.939160202846146</ele><time>2026-09-23T03:40:32Z</time></trkpt><trkpt lat="34.6347824" lon="136.5114328"><ele>4.937858533009719</ele><time>2026-09-23T03:40:49Z</time></trkpt><trkpt lat="34.6345817" lon="136.5114981"><ele>4.936511102184956</ele><time>2026-09-23T03:41:06Z</time></trkpt><trkpt lat="34.6343799" lon="136.5115523"><ele>4.935207886616553</ele><time>2026-09-23T03:41:23Z</time></trkpt><trkpt lat="34.6341914" lon="136.5115875"><ele>4.933945852082523</ele><time>2026-09-23T03:41:37Z</time></trkpt><trkpt lat="34.6339894" lon="136.5115665"><ele>4.93283208284362</ele><time>2026-09-23T03:41:54Z</time></trkpt><trkpt lat="34.6337941" lon="136.5114954"><ele>4.9319479210677555</ele><time>2026-09-23T03:42:11Z</time></trkpt><trkpt lat="34.6335898" lon="136.5114325"><ele>4.931208599332256</ele><time>2026-09-23T03:42:28Z</time></trkpt><trkpt lat="34.6334099" lon="136.5113343"><ele>1.8639750277690414</ele><time>2026-09-23T03:44:53Z</time></trkpt><trkpt lat="34.6331995" lon="136.5112921"><ele>-1.0033385901430805</ele><time>2026-09-23T03:45:11Z</time></trkpt><trkpt lat="34.6330083" lon="136.5111972"><ele>-4.303913711017633</ele><time>2026-09-23T03:45:28Z</time></trkpt><trkpt lat="34.632804" lon="136.5111371"><ele>-4.737936509510898</ele><time>2026-09-23T03:45:45Z</time></trkpt><trkpt lat="34.632606" lon="136.5110867"><ele>-6.471926091946803</ele><time>2026-09-23T03:46:03Z</time></trkpt><trkpt lat="34.6324028" lon="136.5110491"><ele>-7.672702902740954</ele><time>2026-09-23T03:46:20Z</time></trkpt><trkpt lat="34.6322172" lon="136.5110369"><ele>-8.506864750178865</ele><time>2026-09-23T03:46:34Z</time></trkpt><trkpt lat="34.6320371" lon="136.5110031"><ele>-7.974358246866799</ele><time>2026-09-23T03:46:48Z</time></trkpt><trkpt lat="34.6318563" lon="136.5109671"><ele>-7.775149452827356</ele><time>2026-09-23T03:47:02Z</time></trkpt><trkpt lat="34.6316723" lon="136.5108977"><ele>-7.40917092382195</ele><time>2026-09-23T03:47:16Z</time></trkpt><trkpt lat="34.6314765" lon="136.510814"><ele>-7.143131616098887</ele><time>2026-09-23T03:47:31Z</time></trkpt><trkpt lat="34.631302" lon="136.5107143"><ele>-6.610302977771255</ele><time>2026-09-23T03:47:46Z</time></trkpt><trkpt lat="34.6311225" lon="136.5106157"><ele>-6.510748495748627</ele><time>2026-09-23T03:48:03Z</time></trkpt><trkpt lat="34.6309641" lon="136.5105063"><ele>-6.344418020440233</ele><time>2026-09-23T03:48:17Z</time></trkpt><trkpt lat="34.6307876" lon="136.5104456"><ele>-5.878159118469803</ele><time>2026-09-23T03:48:35Z</time></trkpt><trkpt lat="34.6306219" lon="136.5103133"><ele>-4.978483833144485</ele><time>2026-09-23T03:48:50Z</time></trkpt><trkpt lat="34.6304367" lon="136.5101912"><ele>-4.678831715293133</ele><time>2026-09-23T03:49:05Z</time></trkpt><trkpt lat="34.6302453" lon="136.5100936"><ele>-5.2124732819034705</ele><time>2026-09-23T03:49:20Z</time></trkpt><trkpt lat="34.6300584" lon="136.5099816"><ele>-6.379519676707652</ele><time>2026-09-23T03:49:36Z</time></trkpt><trkpt lat="34.6298873" lon="136.509892"><ele>-6.846598756230949</ele><time>2026-09-23T03:49:50Z</time></trkpt><trkpt lat="34.6296895" lon="136.5097766"><ele>-6.813657125883656</ele><time>2026-09-23T03:50:07Z</time></trkpt><trkpt lat="34.6294974" lon="136.5096621"><ele>-6.2807196118771715</ele><time>2026-09-23T03:50:24Z</time></trkpt><trkpt lat="34.6293294" lon="136.5095166"><ele>-7.781011455261044</ele><time>2026-09-23T03:50:41Z</time></trkpt><trkpt lat="34.6291442" lon="136.5095031"><ele>-9.281460779598968</ele><time>2026-09-23T03:50:56Z</time></trkpt><trkpt lat="34.628958" lon="136.5094812"><ele>-9.648729430172892</ele><time>2026-09-23T03:51:10Z</time></trkpt><trkpt lat="34.6287649" lon="136.5094678"><ele>-4.549606346035955</ele><time>2026-09-23T03:54:46Z</time></trkpt><trkpt lat="34.6285752" lon="136.5094705"><ele>0.5494805647168803</ele><time>2026-09-23T03:55:18Z</time></trkpt><trkpt lat="34.6283635" lon="136.5094482"><ele>4.3151913998927585</ele><time>2026-09-23T03:55:33Z</time></trkpt><trkpt lat="34.6281591" lon="136.5094261"><ele>4.314231420402727</ele><time>2026-09-23T03:55:49Z</time></trkpt><trkpt lat="34.6279679" lon="136.5094628"><ele>4.31320892864512</ele><time>2026-09-23T03:56:06Z</time></trkpt><trkpt lat="34.6277842" lon="136.5094299"><ele>4.312252951137526</ele><time>2026-09-23T03:56:20Z</time></trkpt><trkpt lat="34.6275993" lon="136.5094174"><ele>4.3113133428772885</ele><time>2026-09-23T03:56:35Z</time></trkpt><trkpt lat="34.6273845" lon="136.5094363"><ele>4.310364845335092</ele><time>2026-09-23T03:56:52Z</time></trkpt><trkpt lat="34.6271777" lon="136.5094813"><ele>4.3092394256587</ele><time>2026-09-23T03:57:07Z</time></trkpt><trkpt lat="34.6269704" lon="136.5095273"><ele>0.20797217115339114</ele><time>2026-09-23T03:57:22Z</time></trkpt><trkpt lat="34.6267702" lon="136.5095834"><ele>-2.7933360253415103</ele><time>2026-09-23T03:57:59Z</time></trkpt><trkpt lat="34.6265947" lon="136.5096639"><ele>-6.827987075682118</ele><time>2026-09-23T03:58:13Z</time></trkpt><trkpt lat="34.6264583" lon="136.5098299"><ele>-5.829395923855736</ele><time>2026-09-23T03:58:31Z</time></trkpt><trkpt lat="34.6262777" lon="136.5097774"><ele>-5.76391280649646</ele><time>2026-09-23T03:58:56Z</time></trkpt><trkpt lat="34.626071" lon="136.5098305"><ele>-5.298434687061707</ele><time>2026-09-23T03:59:11Z</time></trkpt><trkpt lat="34.6258886" lon="136.5098511"><ele>-5.566111411378593</ele><time>2026-09-23T03:59:22Z</time></trkpt><trkpt lat="34.6257912" lon="136.5100503"><ele>-7.267424959840322</ele><time>2026-09-23T04:00:07Z</time></trkpt><trkpt lat="34.6259849" lon="136.5101244"><ele>-8.634758737594396</ele><time>2026-09-23T04:00:34Z</time></trkpt><trkpt lat="34.6258628" lon="136.510322"><ele>-7.702302995077368</ele><time>2026-09-23T04:01:59Z</time></trkpt><trkpt lat="34.6258287" lon="136.5100912"><ele>-6.635644689568363</ele><time>2026-09-23T04:02:52Z</time></trkpt><trkpt lat="34.6257384" lon="136.5098845"><ele>-1.5023078863228558</ele><time>2026-09-23T04:03:10Z</time></trkpt><trkpt lat="34.6255293" lon="136.5099443"><ele>1.0977915099716071</ele><time>2026-09-23T04:03:28Z</time></trkpt><trkpt lat="34.625345" lon="136.5099529"><ele>4.830544019490361</ele><time>2026-09-23T04:03:42Z</time></trkpt><trkpt lat="34.6252019" lon="136.5101253"><ele>4.795868536576468</ele><time>2026-09-23T04:04:03Z</time></trkpt><trkpt lat="34.6251358" lon="136.5101371"><ele>4.894035980829948</ele><time>2026-09-23T04:10:11Z</time></trkpt><trkpt lat="34.6249619" lon="136.5101951"><ele>4.893436215701346</ele><time>2026-09-23T04:10:23Z</time></trkpt><trkpt lat="34.624782" lon="136.5102915"><ele>4.892758045588643</ele><time>2026-09-23T04:10:38Z</time></trkpt><trkpt lat="34.624596" lon="136.5103788"><ele>4.891407321481291</ele><time>2026-09-23T04:10:53Z</time></trkpt><trkpt lat="34.6243688" lon="136.5104529"><ele>4.889936726280624</ele><time>2026-09-23T04:11:09Z</time></trkpt><trkpt lat="34.6241655" lon="136.5104619"><ele>4.8885809756312995</ele><time>2026-09-23T04:11:24Z</time></trkpt><trkpt lat="34.6239655" lon="136.5104807"><ele>4.887322680121116</ele><time>2026-09-23T04:11:39Z</time></trkpt><trkpt lat="34.6237745" lon="136.5105188"><ele>4.886189998947768</ele><time>2026-09-23T04:11:54Z</time></trkpt><trkpt lat="34.6235911" lon="136.5106848"><ele>1.518145898851093</ele><time>2026-09-23T04:12:48Z</time></trkpt><trkpt lat="34.6234723" lon="136.510878"><ele>-1.6834028139703108</ele><time>2026-09-23T04:13:00Z</time></trkpt><trkpt lat="34.623328" lon="136.5110426"><ele>-5.01843013720638</ele><time>2026-09-23T04:13:15Z</time></trkpt><trkpt lat="34.6231785" lon="136.5112297"><ele>-5.38677105994783</ele><time>2026-09-23T04:13:30Z</time></trkpt><trkpt lat="34.6230717" lon="136.5114169"><ele>-6.088414531602027</ele><time>2026-09-23T04:13:44Z</time></trkpt><trkpt lat="34.6229764" lon="136.5116413"><ele>-5.1234142238268605</ele><time>2026-09-23T04:14:02Z</time></trkpt><trkpt lat="34.6230893" lon="136.5118123"><ele>-5.291269583688198</ele><time>2026-09-23T04:15:20Z</time></trkpt><trkpt lat="34.6232998" lon="136.511869"><ele>-4.691682821306142</ele><time>2026-09-23T04:15:32Z</time></trkpt><trkpt lat="34.623488" lon="136.5120193"><ele>-5.7914784874129905</ele><time>2026-09-23T04:15:47Z</time></trkpt><trkpt lat="34.6236246" lon="136.5121801"><ele>-6.091215021746847</ele><time>2026-09-23T04:16:02Z</time></trkpt><trkpt lat="34.6237254" lon="136.5123989"><ele>-6.758093914614043</ele><time>2026-09-23T04:16:17Z</time></trkpt><trkpt lat="34.6236644" lon="136.512645"><ele>-6.492236604102692</ele><time>2026-09-23T04:16:32Z</time></trkpt><trkpt lat="34.623625" lon="136.5129011"><ele>-5.493516945618121</ele><time>2026-09-23T04:16:47Z</time></trkpt><trkpt lat="34.6235926" lon="136.5131573"><ele>-4.828425541031836</ele><time>2026-09-23T04:17:01Z</time></trkpt><trkpt lat="34.6235423" lon="136.5134091"><ele>-4.963326119803064</ele><time>2026-09-23T04:17:16Z</time></trkpt><trkpt lat="34.6234956" lon="136.513657"><ele>-5.398224852541499</ele><time>2026-09-23T04:17:31Z</time></trkpt><trkpt lat="34.6234519" lon="136.5138841"><ele>-5.599758131392801</ele><time>2026-09-23T04:17:46Z</time></trkpt><trkpt lat="34.6234477" lon="136.5141157"><ele>-5.534509771246673</ele><time>2026-09-23T04:18:01Z</time></trkpt><trkpt lat="34.6234158" lon="136.5143602"><ele>-5.4025634048739475</ele><time>2026-09-23T04:18:18Z</time></trkpt><trkpt lat="34.6234062" lon="136.5146343"><ele>-6.337308694650119</ele><time>2026-09-23T04:18:33Z</time></trkpt><trkpt lat="34.6233807" lon="136.5149047"><ele>-7.472159669187068</ele><time>2026-09-23T04:18:47Z</time></trkpt><trkpt lat="34.6233736" lon="136.5151415"><ele>-8.106954353639072</ele><time>2026-09-23T04:19:02Z</time></trkpt><trkpt lat="34.623399" lon="136.515374"><ele>-7.508281494067313</ele><time>2026-09-23T04:19:16Z</time></trkpt><trkpt lat="34.6234674" lon="136.5155801"><ele>0.05646788261605451</ele><time>2026-09-23T05:15:39Z</time></trkpt><trkpt lat="34.6233428" lon="136.5153816"><ele>0.05667491718741857</ele><time>2026-09-23T05:15:57Z</time></trkpt><trkpt lat="34.623317" lon="136.5151463"><ele>0.057117742305168896</ele><time>2026-09-23T05:16:13Z</time></trkpt><trkpt lat="34.6232897" lon="136.5148959"><ele>0.058027688984822134</ele><time>2026-09-23T05:16:30Z</time></trkpt><trkpt lat="34.6233132" lon="136.5146685"><ele>0.05924432156752838</ele><time>2026-09-23T05:16:47Z</time></trkpt><trkpt lat="34.6233165" lon="136.5144307"><ele>0.06051554636697887</ele><time>2026-09-23T05:18:09Z</time></trkpt><trkpt lat="34.6233758" lon="136.5142061"><ele>0.06188992024769154</ele><time>2026-09-23T05:18:27Z</time></trkpt><trkpt lat="34.623436" lon="136.5139626"><ele>0.0633559037930856</ele><time>2026-09-23T05:18:45Z</time></trkpt><trkpt lat="34.6234694" lon="136.5137197"><ele>0.06488258833653286</ele><time>2026-09-23T05:19:03Z</time></trkpt><trkpt lat="34.6235027" lon="136.5134625"><ele>-1.966911020070216</ele><time>2026-09-23T05:19:21Z</time></trkpt><trkpt lat="34.6235547" lon="136.5132077"><ele>-3.398698853420806</ele><time>2026-09-23T05:19:36Z</time></trkpt><trkpt lat="34.6236004" lon="136.5129588"><ele>-4.56378840780125</ele><time>2026-09-23T05:19:50Z</time></trkpt><trkpt lat="34.6236321" lon="136.5127371"><ele>-4.095610621941006</ele><time>2026-09-23T05:20:05Z</time></trkpt><trkpt lat="34.6236733" lon="136.5124892"><ele>-4.494130491926171</ele><time>2026-09-23T05:20:21Z</time></trkpt><trkpt lat="34.6236698" lon="136.5122592"><ele>-5.259435131144831</ele><time>2026-09-23T05:20:38Z</time></trkpt><trkpt lat="34.6235433" lon="136.5120753"><ele>-5.658411481095643</ele><time>2026-09-23T05:20:53Z</time></trkpt><trkpt lat="34.6233846" lon="136.5119669"><ele>-6.324644897811822</ele><time>2026-09-23T05:21:07Z</time></trkpt><trkpt lat="34.6232001" lon="136.5118488"><ele>-6.924720409634989</ele><time>2026-09-23T05:21:24Z</time></trkpt><trkpt lat="34.6230288" lon="136.5117577"><ele>-7.825037278300319</ele><time>2026-09-23T05:21:37Z</time></trkpt><trkpt lat="34.6228552" lon="136.5116784"><ele>-7.692097784679743</ele><time>2026-09-23T05:21:55Z</time></trkpt><trkpt lat="34.6226937" lon="136.5115727"><ele>-7.059140633129881</ele><time>2026-09-23T05:23:07Z</time></trkpt><trkpt lat="34.6225165" lon="136.5115115"><ele>-6.192913194944637</ele><time>2026-09-23T05:23:21Z</time></trkpt><trkpt lat="34.6223126" lon="136.5114922"><ele>-6.126844216010267</ele><time>2026-09-23T05:23:35Z</time></trkpt><trkpt lat="34.622115" lon="136.5114523"><ele>-5.860953974188729</ele><time>2026-09-23T05:23:50Z</time></trkpt><trkpt lat="34.6219098" lon="136.5113961"><ele>-6.161787068212601</ele><time>2026-09-23T05:24:07Z</time></trkpt><trkpt lat="34.6216982" lon="136.5113717"><ele>-6.029290814050687</ele><time>2026-09-23T05:24:23Z</time></trkpt><trkpt lat="34.6215129" lon="136.5113712"><ele>-6.663510281290397</ele><time>2026-09-23T05:24:38Z</time></trkpt><trkpt lat="34.6213324" lon="136.51138"><ele>-7.897803254227322</ele><time>2026-09-23T05:24:56Z</time></trkpt><trkpt lat="34.6211279" lon="136.5113806"><ele>-7.732128626130868</ele><time>2026-09-23T05:25:16Z</time></trkpt><trkpt lat="34.6209308" lon="136.5114409"><ele>-6.399916043748507</ele><time>2026-09-23T05:25:30Z</time></trkpt><trkpt lat="34.6207552" lon="136.5113911"><ele>-4.4675905109488765</ele><time>2026-09-23T05:25:43Z</time></trkpt><trkpt lat="34.6205592" lon="136.5113865"><ele>-4.868574483392088</ele><time>2026-09-23T05:25:58Z</time></trkpt><trkpt lat="34.6203818" lon="136.5113321"><ele>-6.3693199438968255</ele><time>2026-09-23T05:26:13Z</time></trkpt><trkpt lat="34.6201823" lon="136.5112918"><ele>-7.436789811751702</ele><time>2026-09-23T05:26:29Z</time></trkpt><trkpt lat="34.6199943" lon="136.5112585"><ele>-7.470861288804301</ele><time>2026-09-23T05:26:51Z</time></trkpt><trkpt lat="34.6197975" lon="136.5112817"><ele>-8.071771224858805</ele><time>2026-09-23T05:27:04Z</time></trkpt><trkpt lat="34.6195836" lon="136.5111944"><ele>-7.639288301608288</ele><time>2026-09-23T05:27:21Z</time></trkpt><trkpt lat="34.619365" lon="136.5111843"><ele>-6.406899135705156</ele><time>2026-09-23T05:27:38Z</time></trkpt><trkpt lat="34.6191799" lon="136.5112288"><ele>-5.107861407134567</ele><time>2026-09-23T05:27:52Z</time></trkpt><trkpt lat="34.618988" lon="136.5112339"><ele>-4.075617949316161</ele><time>2026-09-23T05:29:01Z</time></trkpt><trkpt lat="34.618799" lon="136.5112323"><ele>-5.576672404083077</ele><time>2026-09-23T05:29:18Z</time></trkpt><trkpt lat="34.6186172" lon="136.5112443"><ele>-5.677663086458696</ele><time>2026-09-23T05:29:35Z</time></trkpt><trkpt lat="34.6184179" lon="136.5112387"><ele>-5.511980607071824</ele><time>2026-09-23T05:29:53Z</time></trkpt><trkpt lat="34.61821" lon="136.5112471"><ele>-4.979681731502602</ele><time>2026-09-23T05:30:14Z</time></trkpt><trkpt lat="34.6180147" lon="136.5112333"><ele>-5.514026386145851</ele><time>2026-09-23T05:30:32Z</time></trkpt><trkpt lat="34.6178105" lon="136.5112826"><ele>-6.381811230415221</ele><time>2026-09-23T05:30:49Z</time></trkpt><trkpt lat="34.617615" lon="136.5113239"><ele>-6.2163006017583795</ele><time>2026-09-23T05:31:04Z</time></trkpt><trkpt lat="34.617403" lon="136.5113937"><ele>-5.817635316398255</ele><time>2026-09-23T05:31:23Z</time></trkpt><trkpt lat="34.6172099" lon="136.5113834"><ele>-5.818844190250329</ele><time>2026-09-23T05:31:37Z</time></trkpt><trkpt lat="34.6170165" lon="136.5113499"><ele>-5.453248571295428</ele><time>2026-09-23T05:31:51Z</time></trkpt><trkpt lat="34.6168336" lon="136.5112937"><ele>-4.820710210456461</ele><time>2026-09-23T05:32:06Z</time></trkpt><trkpt lat="34.6166435" lon="136.5112495"><ele>-5.154771106141763</ele><time>2026-09-23T05:33:11Z</time></trkpt><trkpt lat="34.616471" lon="136.5111612"><ele>-5.255354837455475</ele><time>2026-09-23T05:34:26Z</time></trkpt><trkpt lat="34.6162874" lon="136.5112559"><ele>-6.656200848990371</ele><time>2026-09-23T05:34:44Z</time></trkpt><trkpt lat="34.6160767" lon="136.511278"><ele>-6.723857650469323</ele><time>2026-09-23T05:35:01Z</time></trkpt><trkpt lat="34.6158684" lon="136.5112952"><ele>-7.458430054752068</ele><time>2026-09-23T05:35:19Z</time></trkpt><trkpt lat="34.6156562" lon="136.5112637"><ele>-7.659489661394339</ele><time>2026-09-23T05:35:33Z</time></trkpt><trkpt lat="34.6154647" lon="136.5112316"><ele>-7.86042002767357</ele><time>2026-09-23T05:35:47Z</time></trkpt><trkpt lat="34.6152474" lon="136.5111871"><ele>-7.194587705632144</ele><time>2026-09-23T05:36:04Z</time></trkpt><trkpt lat="34.6150873" lon="136.5110774"><ele>-6.461861797371985</ele><time>2026-09-23T05:36:21Z</time></trkpt><trkpt lat="34.6149644" lon="136.5109162"><ele>-6.328790113615139</ele><time>2026-09-23T05:36:39Z</time></trkpt><trkpt lat="34.6148079" lon="136.5107546"><ele>-7.595407132740704</ele><time>2026-09-23T05:36:56Z</time></trkpt><trkpt lat="34.614621" lon="136.5106312"><ele>-8.29537719125343</ele><time>2026-09-23T05:37:13Z</time></trkpt><trkpt lat="34.6144488" lon="136.5105303"><ele>-8.662203947193953</ele><time>2026-09-23T05:37:27Z</time></trkpt><trkpt lat="34.6142648" lon="136.5104266"><ele>-8.629180310931645</ele><time>2026-09-23T05:37:44Z</time></trkpt><trkpt lat="34.6140776" lon="136.5103817"><ele>-8.8629649588071</ele><time>2026-09-23T05:37:58Z</time></trkpt><trkpt lat="34.613888" lon="136.5103118"><ele>-9.06350080237521</ele><time>2026-09-23T05:38:21Z</time></trkpt><trkpt lat="34.6137198" lon="136.5102265"><ele>-8.497376866440137</ele><time>2026-09-23T05:38:36Z</time></trkpt><trkpt lat="34.6135463" lon="136.5101604"><ele>-7.831192087610787</ele><time>2026-09-23T05:38:50Z</time></trkpt><trkpt lat="34.6133434" lon="136.5101516"><ele>-6.265139200711694</ele><time>2026-09-23T05:39:07Z</time></trkpt><trkpt lat="34.6132012" lon="136.5100018"><ele>-5.532260543687396</ele><time>2026-09-23T05:39:28Z</time></trkpt><trkpt lat="34.6131232" lon="136.5102553"><ele>-4.766465259210203</ele><time>2026-09-23T05:40:21Z</time></trkpt><trkpt lat="34.6129245" lon="136.5102294"><ele>-4.533965598668497</ele><time>2026-09-23T05:40:43Z</time></trkpt><trkpt lat="34.6126977" lon="136.5101826"><ele>-3.268457973266701</ele><time>2026-09-23T05:41:32Z</time></trkpt><trkpt lat="34.6124961" lon="136.5101433"><ele>-2.5692950267314223</ele><time>2026-09-23T05:41:47Z</time></trkpt><trkpt lat="34.612294" lon="136.510129"><ele>-3.4034918980465108</ele><time>2026-09-23T05:43:52Z</time></trkpt><trkpt lat="34.6121136" lon="136.5101589"><ele>-4.8377499036794065</ele><time>2026-09-23T05:45:07Z</time></trkpt><trkpt lat="34.6119417" lon="136.5100369"><ele>-6.67180991782966</ele><time>2026-09-23T05:45:58Z</time></trkpt><trkpt lat="34.6117486" lon="136.5100481"><ele>-6.839234231623666</ele><time>2026-09-23T05:46:13Z</time></trkpt><trkpt lat="34.6115747" lon="136.5101063"><ele>-5.84003203740784</ele><time>2026-09-23T05:46:28Z</time></trkpt><trkpt lat="34.6113934" lon="136.5101803"><ele>-3.9411980703753593</ele><time>2026-09-23T05:46:42Z</time></trkpt><trkpt lat="34.6111803" lon="136.5102266"><ele>-3.3424604018360355</ele><time>2026-09-23T05:46:58Z</time></trkpt><trkpt lat="34.610999" lon="136.5102703"><ele>-5.310375586647083</ele><time>2026-09-23T05:47:12Z</time></trkpt><trkpt lat="34.6108102" lon="136.5102954"><ele>-6.778215217272494</ele><time>2026-09-23T05:47:27Z</time></trkpt><trkpt lat="34.6106018" lon="136.5102536"><ele>-7.145888525874945</ele><time>2026-09-23T05:47:44Z</time></trkpt><trkpt lat="34.6103893" lon="136.510219"><ele>-5.613472589650819</ele><time>2026-09-23T05:48:01Z</time></trkpt><trkpt lat="34.6101917" lon="136.5101401"><ele>-4.480884037307874</ele><time>2026-09-23T05:48:18Z</time></trkpt><trkpt lat="34.6100134" lon="136.5101075"><ele>-3.4149288415116033</ele><time>2026-09-23T05:48:36Z</time></trkpt><trkpt lat="34.6098446" lon="136.5099911"><ele>-2.982087344927727</ele><time>2026-09-23T05:48:54Z</time></trkpt><trkpt lat="34.6096485" lon="136.5099517"><ele>-1.715981101412929</ele><time>2026-09-23T05:49:08Z</time></trkpt><trkpt lat="34.6094658" lon="136.5100539"><ele>-2.7167914591064743</ele><time>2026-09-23T05:49:37Z</time></trkpt><trkpt lat="34.6092833" lon="136.5102095"><ele>-3.8847808191858135</ele><time>2026-09-23T05:49:59Z</time></trkpt><trkpt lat="34.6091105" lon="136.5102848"><ele>-5.3862714353086405</ele><time>2026-09-23T05:50:11Z</time></trkpt><trkpt lat="34.6089198" lon="136.510374"><ele>-4.087751941389229</ele><time>2026-09-23T05:50:25Z</time></trkpt><trkpt lat="34.6087344" lon="136.5104861"><ele>-1.122492319146377</ele><time>2026-09-23T05:50:42Z</time></trkpt><trkpt lat="34.6085518" lon="136.5106079"><ele>0.30933397617448105</ele><time>2026-09-23T05:50:59Z</time></trkpt><trkpt lat="34.6083877" lon="136.5106998"><ele>1.107866088857411</ele><time>2026-09-23T05:51:14Z</time></trkpt><trkpt lat="34.6081429" lon="136.5107757"><ele>0.9396982880530066</ele><time>2026-09-23T05:51:51Z</time></trkpt><trkpt lat="34.607915" lon="136.5107974"><ele>1.371635667699041</ele><time>2026-09-23T05:52:30Z</time></trkpt><trkpt lat="34.6077069" lon="136.510905"><ele>1.1701385241118298</ele><time>2026-09-23T05:52:59Z</time></trkpt><trkpt lat="34.6075211" lon="136.5109581"><ele>1.435446796185855</ele><time>2026-09-23T05:53:28Z</time></trkpt><trkpt lat="34.6072978" lon="136.5110365"><ele>1.6673272110186872</ele><time>2026-09-23T05:53:46Z</time></trkpt><trkpt lat="34.6071252" lon="136.5111056"><ele>1.4993357279026729</ele><time>2026-09-23T05:54:02Z</time></trkpt><trkpt lat="34.6069351" lon="136.5111798"><ele>2.7979657555287076</ele><time>2026-09-23T05:54:50Z</time></trkpt><trkpt lat="34.6067715" lon="136.5112799"><ele>4.096655550197942</ele><time>2026-09-23T05:55:06Z</time></trkpt><trkpt lat="34.6066398" lon="136.5114399"><ele>3.5285826571420578</ele><time>2026-09-23T05:55:43Z</time></trkpt><trkpt lat="34.6064626" lon="136.5115094"><ele>1.1938728944557344</ele><time>2026-09-23T05:56:04Z</time></trkpt><trkpt lat="34.6066863" lon="136.5115191"><ele>-0.7733657840847078</ele><time>2026-09-23T05:57:26Z</time></trkpt><trkpt lat="34.6067514" lon="136.5117535"><ele>0.15958753562137437</ele><time>2026-09-23T05:57:38Z</time></trkpt><trkpt lat="34.6068757" lon="136.5119251"><ele>0.8595230991259939</ele><time>2026-09-23T05:57:52Z</time></trkpt><trkpt lat="34.6069409" lon="136.5122007"><ele>0.15871715739809625</ele><time>2026-09-23T05:58:45Z</time></trkpt><trkpt lat="34.6069475" lon="136.5124512"><ele>-2.0422146753490487</ele><time>2026-09-23T05:58:56Z</time></trkpt><trkpt lat="34.6069708" lon="136.5124954"><ele>-4.71027329647886</ele><time>2026-09-23T06:01:17Z</time></trkpt><trkpt lat="34.6070294" lon="136.5127825"><ele>-0.46090332805608725</ele><time>2026-09-23T06:03:53Z</time></trkpt><trkpt lat="34.6070653" lon="136.5130543"><ele>-0.5782100739523912</ele><time>2026-09-23T06:04:10Z</time></trkpt><trkpt lat="34.6070659" lon="136.5132845"><ele>0.0871928671199882</ele><time>2026-09-23T06:04:22Z</time></trkpt><trkpt lat="34.6071034" lon="136.5135402"><ele>-2.347382577752891</ele><time>2026-09-23T06:04:37Z</time></trkpt><trkpt lat="34.6071662" lon="136.5137598"><ele>-3.2151527304463863</ele><time>2026-09-23T06:04:51Z</time></trkpt><trkpt lat="34.6073674" lon="136.5137842"><ele>-4.248886369873119</ele><time>2026-09-23T06:05:26Z</time></trkpt><trkpt lat="34.6075154" lon="136.5136448"><ele>-4.415058565070519</ele><time>2026-09-23T06:05:43Z</time></trkpt><trkpt lat="34.6076706" lon="136.5135135"><ele>-4.647112283934099</ele><time>2026-09-23T06:06:00Z</time></trkpt><trkpt lat="34.6078115" lon="136.5133469"><ele>-4.212255325963035</ele><time>2026-09-23T06:06:14Z</time></trkpt><trkpt lat="34.6079574" lon="136.5131905"><ele>-4.010704618381124</ele><time>2026-09-23T06:06:46Z</time></trkpt><trkpt lat="34.6081012" lon="136.5130532"><ele>-3.2758287166755147</ele><time>2026-09-23T06:06:59Z</time></trkpt><trkpt lat="34.6082875" lon="136.5129439"><ele>-3.00764748070412</ele><time>2026-09-23T06:07:42Z</time></trkpt><trkpt lat="34.6084497" lon="136.5128146"><ele>-2.3061547505277553</ele><time>2026-09-23T06:07:57Z</time></trkpt><trkpt lat="34.608621" lon="136.5126695"><ele>-1.4379357885908017</ele><time>2026-09-23T06:08:14Z</time></trkpt><trkpt lat="34.6087515" lon="136.5125077"><ele>-0.0030481470313124723</ele><time>2026-09-23T06:08:26Z</time></trkpt><trkpt lat="34.6089218" lon="136.5123968"><ele>-1.034846931066788</ele><time>2026-09-23T06:09:16Z</time></trkpt><trkpt lat="34.6087662" lon="136.51254"><ele>-2.5010398275780807</ele><time>2026-09-23T06:10:33Z</time></trkpt><trkpt lat="34.6086228" lon="136.5127256"><ele>-4.201645423911271</ele><time>2026-09-23T06:10:48Z</time></trkpt><trkpt lat="34.6084611" lon="136.5128374"><ele>-4.203202136009288</ele><time>2026-09-23T06:11:02Z</time></trkpt><trkpt lat="34.6082939" lon="136.5129194"><ele>-1.838002019856584</ele><time>2026-09-23T06:11:20Z</time></trkpt><trkpt lat="34.60814" lon="136.5130533"><ele>0.8606073245404696</ele><time>2026-09-23T06:11:32Z</time></trkpt><trkpt lat="34.6079517" lon="136.51321"><ele>3.5257583527535963</ele><time>2026-09-23T06:11:50Z</time></trkpt><trkpt lat="34.6077833" lon="136.513355"><ele>3.5907946576373484</ele><time>2026-09-23T06:12:02Z</time></trkpt><trkpt lat="34.6076333" lon="136.51349"><ele>3.5891684701793642</ele><time>2026-09-23T06:12:14Z</time></trkpt><trkpt lat="34.6074645" lon="136.5136406"><ele>3.5875855247000104</ele><time>2026-09-23T06:12:35Z</time></trkpt><trkpt lat="34.6073155" lon="136.5137806"><ele>3.586043683103128</ele><time>2026-09-23T06:12:47Z</time></trkpt><trkpt lat="34.6071552" lon="136.5136796"><ele>3.5849097863258947</ele><time>2026-09-23T06:13:03Z</time></trkpt><trkpt lat="34.6070942" lon="136.5134369"><ele>3.584662927044832</ele><time>2026-09-23T06:13:19Z</time></trkpt><trkpt lat="34.607066" lon="136.5131779"><ele>3.5853349450696803</ele><time>2026-09-23T06:13:33Z</time></trkpt><trkpt lat="34.6070485" lon="136.5129315"><ele>3.586505556031175</ele><time>2026-09-23T06:13:50Z</time></trkpt><trkpt lat="34.6069855" lon="136.5126878"><ele>3.5876746826595087</ele><time>2026-09-23T06:14:04Z</time></trkpt><trkpt lat="34.6069606" lon="136.5124703"><ele>3.588774546551013</ele><time>2026-09-23T06:14:19Z</time></trkpt><trkpt lat="34.6069834" lon="136.5124397"><ele>3.390088030862877</ele><time>2026-09-23T06:16:51Z</time></trkpt><trkpt lat="34.606965" lon="136.5122108"><ele>3.3906607451554898</ele><time>2026-09-23T06:17:13Z</time></trkpt><trkpt lat="34.6068913" lon="136.5120071"><ele>3.391096450842158</ele><time>2026-09-23T06:17:27Z</time></trkpt><trkpt lat="34.6068035" lon="136.5117855"><ele>3.391976757341441</ele><time>2026-09-23T06:17:44Z</time></trkpt><trkpt lat="34.6067309" lon="136.5115626"><ele>3.3927564883343777</ele><time>2026-09-23T06:17:59Z</time></trkpt><trkpt lat="34.606574" lon="136.5114501"><ele>3.3932341481060724</ele><time>2026-09-23T06:18:16Z</time></trkpt><trkpt lat="34.6064264" lon="136.5115902"><ele>3.3929612203508817</ele><time>2026-09-23T06:18:30Z</time></trkpt><trkpt lat="34.606267" lon="136.511712"><ele>3.3919235689107503</ele><time>2026-09-23T06:19:05Z</time></trkpt><trkpt lat="34.6060792" lon="136.5117938"><ele>3.3904846940753735</ele><time>2026-09-23T06:19:35Z</time></trkpt><trkpt lat="34.6058879" lon="136.5118826"><ele>3.3890657945950715</ele><time>2026-09-23T06:19:52Z</time></trkpt><trkpt lat="34.6056855" lon="136.5119387"><ele>1.3876947440844372</ele><time>2026-09-23T06:20:07Z</time></trkpt><trkpt lat="34.6054704" lon="136.5119795"><ele>-0.9469810323943145</ele><time>2026-09-23T06:20:25Z</time></trkpt><trkpt lat="34.6052915" lon="136.5120362"><ele>-2.4815784595914985</ele><time>2026-09-23T06:20:39Z</time></trkpt><trkpt lat="34.6051295" lon="136.5121356"><ele>-2.082854430358952</ele><time>2026-09-23T06:20:53Z</time></trkpt><trkpt lat="34.6049478" lon="136.5122615"><ele>-1.2842284396417938</ele><time>2026-09-23T06:21:10Z</time></trkpt><trkpt lat="34.6047773" lon="136.5123973"><ele>-0.8190644413475141</ele><time>2026-09-23T06:21:28Z</time></trkpt><trkpt lat="34.6045736" lon="136.5124828"><ele>-1.3539445335712752</ele><time>2026-09-23T06:21:46Z</time></trkpt><trkpt lat="34.6044113" lon="136.5125822"><ele>-2.155411439807613</ele><time>2026-09-23T06:22:01Z</time></trkpt><trkpt lat="34.6042487" lon="136.5126865"><ele>-3.956808533603109</ele><time>2026-09-23T06:22:14Z</time></trkpt><trkpt lat="34.604065" lon="136.5128019"><ele>-4.091559751180699</ele><time>2026-09-23T06:22:36Z</time></trkpt><trkpt lat="34.6039208" lon="136.5129631"><ele>-4.293059072035277</ele><time>2026-09-23T06:22:54Z</time></trkpt><trkpt lat="34.6037604" lon="136.5130991"><ele>-2.3946119313460486</ele><time>2026-09-23T06:23:12Z</time></trkpt><trkpt lat="34.603618" lon="136.5132594"><ele>-0.029510665565124345</ele><time>2026-09-23T06:23:30Z</time></trkpt><trkpt lat="34.6034542" lon="136.5134055"><ele>2.0355852801238066</ele><time>2026-09-23T06:23:47Z</time></trkpt><trkpt lat="34.6032795" lon="136.5135444"><ele>1.267318909858813</ele><time>2026-09-23T06:24:04Z</time></trkpt><trkpt lat="34.603109" lon="136.5136436"><ele>-0.8342172767638681</ele><time>2026-09-23T06:24:18Z</time></trkpt><trkpt lat="34.6029063" lon="136.5137006"><ele>-3.1356573628535784</ele><time>2026-09-23T06:24:34Z</time></trkpt><trkpt lat="34.6027211" lon="136.5136834"><ele>-3.7368334696375904</ele><time>2026-09-23T06:24:48Z</time></trkpt><trkpt lat="34.6025138" lon="136.513755"><ele>-4.204687508557647</ele><time>2026-09-23T06:25:22Z</time></trkpt><trkpt lat="34.6023209" lon="136.513837"><ele>-6.305903736461841</ele><time>2026-09-23T06:25:39Z</time></trkpt><trkpt lat="34.6021161" lon="136.5138433"><ele>-8.140528165432203</ele><time>2026-09-23T06:25:54Z</time></trkpt><trkpt lat="34.6018952" lon="136.5139017"><ele>-9.341818031759034</ele><time>2026-09-23T06:26:08Z</time></trkpt><trkpt lat="34.6017026" lon="136.5138671"><ele>-7.009563832093245</ele><time>2026-09-23T06:27:18Z</time></trkpt><trkpt lat="34.601881" lon="136.5139024"><ele>-5.876726757717042</ele><time>2026-09-23T06:27:55Z</time></trkpt><trkpt lat="34.601635" lon="136.51387"><ele>-1.8442341670599731</ele><time>2026-09-23T06:35:08Z</time></trkpt><trkpt lat="34.6014586" lon="136.513756"><ele>-4.944364370029028</ele><time>2026-09-23T06:35:29Z</time></trkpt><trkpt lat="34.6012772" lon="136.5137055"><ele>-6.811284032420159</ele><time>2026-09-23T06:35:43Z</time></trkpt><trkpt lat="34.6010827" lon="136.5136234"><ele>-9.178421403244764</ele><time>2026-09-23T06:36:00Z</time></trkpt><trkpt lat="34.6008855" lon="136.5135765"><ele>-7.9790475634491065</ele><time>2026-09-23T06:36:17Z</time></trkpt><trkpt lat="34.6006821" lon="136.5135766"><ele>-5.513134764008741</ele><time>2026-09-23T06:36:34Z</time></trkpt><trkpt lat="34.6004815" lon="136.5136513"><ele>-3.847514882123749</ele><time>2026-09-23T06:36:50Z</time></trkpt><trkpt lat="34.6002924" lon="136.5136903"><ele>-3.1487031861025727</ele><time>2026-09-23T06:37:04Z</time></trkpt><trkpt lat="34.6001018" lon="136.513746"><ele>-2.3833039171383468</ele><time>2026-09-23T06:37:19Z</time></trkpt><trkpt lat="34.5999366" lon="136.5138357"><ele>-2.117871314884089</ele><time>2026-09-23T06:37:33Z</time></trkpt><trkpt lat="34.5997352" lon="136.513894"><ele>-1.9191550606760188</ele><time>2026-09-23T06:37:51Z</time></trkpt><trkpt lat="34.5995553" lon="136.5139702"><ele>-3.2204531378476347</ele><time>2026-09-23T06:38:08Z</time></trkpt><trkpt lat="34.5996645" lon="136.514158"><ele>-4.154811490815445</ele><time>2026-09-23T06:40:08Z</time></trkpt><trkpt lat="34.5996468" lon="136.514411"><ele>-5.5225550492825874</ele><time>2026-09-23T06:40:34Z</time></trkpt><trkpt lat="34.5995664" lon="136.5146146"><ele>-3.790366321075936</ele><time>2026-09-23T06:41:21Z</time></trkpt><trkpt lat="34.599405" lon="136.5147121"><ele>-1.7251225234664223</ele><time>2026-09-23T06:41:41Z</time></trkpt><trkpt lat="34.5992209" lon="136.5148246"><ele>-0.09322993364717291</ele><time>2026-09-23T06:41:56Z</time></trkpt><trkpt lat="34.5990216" lon="136.5148917"><ele>-1.2612849925809233</ele><time>2026-09-23T06:42:11Z</time></trkpt><trkpt lat="34.598865" lon="136.5150159"><ele>-2.0960471494441015</ele><time>2026-09-23T06:42:24Z</time></trkpt><trkpt lat="34.5986965" lon="136.5151562"><ele>-2.697500792351917</ele><time>2026-09-23T06:42:42Z</time></trkpt><trkpt lat="34.5985029" lon="136.5152999"><ele>-2.7990834806694687</ele><time>2026-09-23T06:43:26Z</time></trkpt><trkpt lat="34.598311" lon="136.515363"><ele>-2.7672802073796987</ele><time>2026-09-23T06:43:41Z</time></trkpt><trkpt lat="34.5981662" lon="136.5155247"><ele>-2.9354770074698044</ele><time>2026-09-23T06:43:58Z</time></trkpt><trkpt lat="34.5979986" lon="136.5156179"><ele>-2.3702069923761613</ele><time>2026-09-23T06:44:12Z</time></trkpt><trkpt lat="34.5978247" lon="136.515724"><ele>-1.9716519869195086</ele><time>2026-09-23T06:44:26Z</time></trkpt><trkpt lat="34.5976383" lon="136.5158189"><ele>-0.6397109894031155</ele><time>2026-09-23T06:44:51Z</time></trkpt><trkpt lat="34.597462" lon="136.5158923"><ele>-1.607748501104254</ele><time>2026-09-23T06:45:08Z</time></trkpt><trkpt lat="34.5972893" lon="136.516015"><ele>-3.842480775796768</ele><time>2026-09-23T06:45:24Z</time></trkpt><trkpt lat="34.5971162" lon="136.5160879"><ele>-5.677151692178825</ele><time>2026-09-23T06:45:57Z</time></trkpt><trkpt lat="34.5969524" lon="136.5162406"><ele>-4.978612172719363</ele><time>2026-09-23T06:46:28Z</time></trkpt><trkpt lat="34.5967886" lon="136.5163449"><ele>-3.280024982588344</ele><time>2026-09-23T06:47:12Z</time></trkpt><trkpt lat="34.596581" lon="136.5164232"><ele>-2.7481705792320335</ele><time>2026-09-23T06:47:24Z</time></trkpt><trkpt lat="34.5964879" lon="136.5166142"><ele>-1.216270086531748</ele><time>2026-09-23T06:48:26Z</time></trkpt><trkpt lat="34.596451" lon="136.5168583"><ele>0.5822515429999982</ele><time>2026-09-23T06:48:41Z</time></trkpt><trkpt lat="34.5963936" lon="136.5170651"><ele>1.8807860846877797</ele><time>2026-09-23T06:48:59Z</time></trkpt><trkpt lat="34.5961949" lon="136.5170599"><ele>1.6128359892176718</ele><time>2026-09-23T06:49:17Z</time></trkpt><trkpt lat="34.5959925" lon="136.5170812"><ele>-1.1883151008000066</ele><time>2026-09-23T06:49:34Z</time></trkpt><trkpt lat="34.5957941" lon="136.5171196"><ele>-3.389392139819293</ele><time>2026-09-23T06:49:49Z</time></trkpt><trkpt lat="34.595593" lon="136.5171639"><ele>-5.323895890363566</ele><time>2026-09-23T06:50:03Z</time></trkpt><trkpt lat="34.5955333" lon="136.5172433"><ele>-0.4924952661998674</ele><time>2026-09-23T06:53:50Z</time></trkpt><trkpt lat="34.5953487" lon="136.5173647"><ele>0.8067235997966336</ele><time>2026-09-23T06:54:25Z</time></trkpt><trkpt lat="34.595222" lon="136.5175592"><ele>-0.32742849672637436</ele><time>2026-09-23T06:54:41Z</time></trkpt><trkpt lat="34.5950635" lon="136.5176717"><ele>-0.8956364282962829</ele><time>2026-09-23T06:55:02Z</time></trkpt><trkpt lat="34.5949098" lon="136.5178202"><ele>-2.2305096583957016</ele><time>2026-09-23T06:55:17Z</time></trkpt><trkpt lat="34.5947484" lon="136.5179606"><ele>-1.532008521296864</ele><time>2026-09-23T06:55:35Z</time></trkpt><trkpt lat="34.5946176" lon="136.5181472"><ele>-0.6335961974792591</ele><time>2026-09-23T06:55:59Z</time></trkpt><trkpt lat="34.594448" lon="136.5182683"><ele>-0.1018270689440186</ele><time>2026-09-23T06:56:10Z</time></trkpt><trkpt lat="34.5942979" lon="136.5184184"><ele>-0.7700571220142791</ele><time>2026-09-23T06:56:32Z</time></trkpt><trkpt lat="34.5941295" lon="136.5185965"><ele>-2.038333324471028</ele><time>2026-09-23T06:57:04Z</time></trkpt><trkpt lat="34.5940025" lon="136.5187532"><ele>-2.9399377477061157</ele><time>2026-09-23T06:58:14Z</time></trkpt><trkpt lat="34.5939282" lon="136.5189715"><ele>-2.7415417747745416</ele><time>2026-09-23T06:58:29Z</time></trkpt><trkpt lat="34.5938219" lon="136.5191521"><ele>-2.5763823125496423</ele><time>2026-09-23T06:58:47Z</time></trkpt><trkpt lat="34.5937123" lon="136.5193292"><ele>-3.1778980665532024</ele><time>2026-09-23T06:59:02Z</time></trkpt><trkpt lat="34.5935836" lon="136.5195024"><ele>-4.046087888532743</ele><time>2026-09-23T06:59:19Z</time></trkpt><trkpt lat="34.5934912" lon="136.5197143"><ele>-4.31431169284911</ele><time>2026-09-23T06:59:35Z</time></trkpt><trkpt lat="34.5932947" lon="136.5197634"><ele>-3.649112742969374</ele><time>2026-09-23T07:00:03Z</time></trkpt><trkpt lat="34.5931152" lon="136.5197237"><ele>-2.6169451169779214</ele><time>2026-09-23T07:00:21Z</time></trkpt><trkpt lat="34.592961" lon="136.5199003"><ele>-0.9181480534565125</ele><time>2026-09-23T07:00:43Z</time></trkpt><trkpt lat="34.5927898" lon="136.5199976"><ele>-1.4193968886185975</ele><time>2026-09-23T07:00:59Z</time></trkpt><trkpt lat="34.5926181" lon="136.5200648"><ele>-1.3208264073031184</ele><time>2026-09-23T07:01:51Z</time></trkpt><trkpt lat="34.5924609" lon="136.5201952"><ele>-0.6888440018726385</ele><time>2026-09-23T07:02:11Z</time></trkpt><trkpt lat="34.5922954" lon="136.5202983"><ele>1.976470487411639</ele><time>2026-09-23T07:02:29Z</time></trkpt><trkpt lat="34.592116" lon="136.5204188"><ele>2.9416758729384185</ele><time>2026-09-23T07:02:46Z</time></trkpt><trkpt lat="34.591932" lon="136.5205325"><ele>1.9402009158824711</ele><time>2026-09-23T07:03:00Z</time></trkpt><trkpt lat="34.591767" lon="136.5206692"><ele>0.538665883228686</ele><time>2026-09-23T07:03:20Z</time></trkpt><trkpt lat="34.5915668" lon="136.5206201"><ele>-0.12926292899584269</ele><time>2026-09-23T07:04:20Z</time></trkpt><trkpt lat="34.5917493" lon="136.5206118"><ele>-0.22970513220501707</ele><time>2026-09-23T07:05:18Z</time></trkpt><trkpt lat="34.5916083" lon="136.5204561"><ele>0.4370877986714892</ele><time>2026-09-23T07:05:45Z</time></trkpt><trkpt lat="34.591797" lon="136.5205782"><ele>-1.662460024602531</ele><time>2026-09-23T07:06:20Z</time></trkpt><trkpt lat="34.5915734" lon="136.5206332"><ele>-1.862786328482784</ele><time>2026-09-23T07:06:44Z</time></trkpt><trkpt lat="34.5913614" lon="136.5206296"><ele>-0.6968373493900444</ele><time>2026-09-23T07:06:59Z</time></trkpt><trkpt lat="34.5911483" lon="136.5207213"><ele>3.0685097475318606</ele><time>2026-09-23T07:07:16Z</time></trkpt><trkpt lat="34.5909542" lon="136.5207242"><ele>4.033999354741954</ele><time>2026-09-23T07:07:33Z</time></trkpt><trkpt lat="34.5907713" lon="136.5207896"><ele>2.4660782579896483</ele><time>2026-09-23T07:07:46Z</time></trkpt><trkpt lat="34.5905768" lon="136.5208051"><ele>1.2649921578309318</ele><time>2026-09-23T07:07:58Z</time></trkpt><trkpt lat="34.5903666" lon="136.5208671"><ele>0.2637726952409096</ele><time>2026-09-23T07:08:20Z</time></trkpt><trkpt lat="34.5901644" lon="136.5208735"><ele>-0.13737151689793356</ele><time>2026-09-23T07:08:51Z</time></trkpt><trkpt lat="34.5899612" lon="136.5209485"><ele>-1.1053044071367353</ele><time>2026-09-23T07:09:04Z</time></trkpt><trkpt lat="34.5897472" lon="136.521011"><ele>0.3600888675989988</ele><time>2026-09-23T07:09:23Z</time></trkpt><trkpt lat="34.5895379" lon="136.5210299"><ele>1.6254478649311181</ele><time>2026-09-23T07:09:44Z</time></trkpt><trkpt lat="34.5893445" lon="136.5211041"><ele>2.8908242798040527</ele><time>2026-09-23T07:10:02Z</time></trkpt><trkpt lat="34.5891232" lon="136.5211265"><ele>2.0562613601339237</ele><time>2026-09-23T07:10:39Z</time></trkpt><trkpt lat="34.5889207" lon="136.5211496"><ele>1.7550352571244545</ele><time>2026-09-23T07:10:53Z</time></trkpt><trkpt lat="34.588708" lon="136.5211965"><ele>1.5204936813699892</ele><time>2026-09-23T07:11:56Z</time></trkpt><trkpt lat="34.5885037" lon="136.5211708"><ele>1.6194003842199625</ele><time>2026-09-23T07:12:11Z</time></trkpt><trkpt lat="34.5883169" lon="136.5212158"><ele>2.251626385397524</ele><time>2026-09-23T07:12:23Z</time></trkpt><trkpt lat="34.5881243" lon="136.5212408"><ele>3.1172582539510145</ele><time>2026-09-23T07:12:41Z</time></trkpt><trkpt lat="34.5879453" lon="136.5212709"><ele>3.249497018400222</ele><time>2026-09-23T07:12:54Z</time></trkpt><trkpt lat="34.5877305" lon="136.5213325"><ele>3.114993201853918</ele><time>2026-09-23T07:13:11Z</time></trkpt><trkpt lat="34.5875209" lon="136.5213781"><ele>3.147090876330265</ele><time>2026-09-23T07:13:28Z</time></trkpt><trkpt lat="34.5873375" lon="136.5214859"><ele>3.312373778355756</ele><time>2026-09-23T07:13:46Z</time></trkpt><trkpt lat="34.5871579" lon="136.5213978"><ele>2.3446522999125015</ele><time>2026-09-23T07:14:03Z</time></trkpt><trkpt lat="34.5869681" lon="136.5212858"><ele>0.3772489636679334</ele><time>2026-09-23T07:14:17Z</time></trkpt><trkpt lat="34.5867805" lon="136.5211669"><ele>0.04358318588401507</ele><time>2026-09-23T07:14:45Z</time></trkpt><trkpt lat="34.5866227" lon="136.5209895"><ele>0.710115088841936</ele><time>2026-09-23T07:15:03Z</time></trkpt><trkpt lat="34.5864083" lon="136.5209311"><ele>3.6431763167085385</ele><time>2026-09-23T07:15:25Z</time></trkpt><trkpt lat="34.5862964" lon="136.5211195"><ele>4.242470674219668</ele><time>2026-09-23T07:15:53Z</time></trkpt><trkpt lat="34.5861332" lon="136.5212175"><ele>4.674590031639741</ele><time>2026-09-23T07:16:07Z</time></trkpt><trkpt lat="34.5859217" lon="136.5213049"><ele>3.2397829488763463</ele><time>2026-09-23T07:16:22Z</time></trkpt><trkpt lat="34.5857573" lon="136.5211709"><ele>3.138808156606354</ele><time>2026-09-23T07:16:38Z</time></trkpt><trkpt lat="34.5855988" lon="136.5210418"><ele>3.4382530494007213</ele><time>2026-09-23T07:16:53Z</time></trkpt><trkpt lat="34.5854427" lon="136.520929"><ele>3.638151785270935</ele><time>2026-09-23T07:17:05Z</time></trkpt><trkpt lat="34.5852758" lon="136.5208066"><ele>3.371358808375419</ele><time>2026-09-23T07:17:27Z</time></trkpt><trkpt lat="34.5851146" lon="136.5209154"><ele>2.0707964489894146</ele><time>2026-09-23T07:17:56Z</time></trkpt><trkpt lat="34.5849963" lon="136.5211192"><ele>1.8363880454413675</ele><time>2026-09-23T07:18:11Z</time></trkpt><trkpt lat="34.5848976" lon="136.521315"><ele>2.0348470139176436</ele><time>2026-09-23T07:18:25Z</time></trkpt><trkpt lat="34.5847666" lon="136.5214662"><ele>2.4999449956208815</ele><time>2026-09-23T07:18:39Z</time></trkpt><trkpt lat="34.5846705" lon="136.5216728"><ele>3.198407440947328</ele><time>2026-09-23T07:18:54Z</time></trkpt><trkpt lat="34.5845167" lon="136.5218468"><ele>4.863485908324239</ele><time>2026-09-23T07:19:18Z</time></trkpt><trkpt lat="34.5844003" lon="136.5220154"><ele>6.328556582285415</ele><time>2026-09-23T07:19:48Z</time></trkpt><trkpt lat="34.58434" lon="136.5222662"><ele>6.2602721640556025</ele><time>2026-09-23T07:19:57Z</time></trkpt><trkpt lat="34.5842904" lon="136.5225133"><ele>4.425358760369174</ele><time>2026-09-23T07:21:28Z</time></trkpt><trkpt lat="34.5841702" lon="136.5227001"><ele>2.6904060150623343</ele><time>2026-09-23T07:21:37Z</time></trkpt><trkpt lat="34.5840456" lon="136.5228713"><ele>2.2221591493884367</ele><time>2026-09-23T07:21:54Z</time></trkpt><trkpt lat="34.5839135" lon="136.5230803"><ele>2.6205130268465027</ele><time>2026-09-23T07:22:13Z</time></trkpt><trkpt lat="34.583782" lon="136.5232678"><ele>2.6521803716008825</ele><time>2026-09-23T07:22:31Z</time></trkpt><trkpt lat="34.5836631" lon="136.5234552"><ele>1.5171608657480533</ele><time>2026-09-23T07:22:47Z</time></trkpt><trkpt lat="34.5835817" lon="136.5236508"><ele>0.7155819099757844</ele><time>2026-09-23T07:23:03Z</time></trkpt><trkpt lat="34.5834447" lon="136.5238271"><ele>0.3140141892978742</ele><time>2026-09-23T07:23:17Z</time></trkpt><trkpt lat="34.5833365" lon="136.5240458"><ele>1.5457403868405681</ele><time>2026-09-23T07:23:35Z</time></trkpt><trkpt lat="34.583253" lon="136.5242569"><ele>2.577437477339494</ele><time>2026-09-23T07:23:53Z</time></trkpt><trkpt lat="34.5831416" lon="136.5244834"><ele>3.3757554437216464</ele><time>2026-09-23T07:24:25Z</time></trkpt><trkpt lat="34.5830804" lon="136.5245801"><ele>9.506569923766676</ele><time>2026-09-23T07:29:53Z</time></trkpt><trkpt lat="34.5829746" lon="136.5247812"><ele>9.505767231885361</ele><time>2026-09-23T07:30:08Z</time></trkpt><trkpt lat="34.5828702" lon="136.5249723"><ele>9.504984927154183</ele><time>2026-09-23T07:30:28Z</time></trkpt><trkpt lat="34.5827286" lon="136.5251321"><ele>6.936705283195233</ele><time>2026-09-23T07:30:43Z</time></trkpt><trkpt lat="34.5825926" lon="136.5253335"><ele>4.501640982511638</ele><time>2026-09-23T07:30:58Z</time></trkpt><trkpt lat="34.5824805" lon="136.5255484"><ele>1.9997808964764043</ele><time>2026-09-23T07:31:12Z</time></trkpt><trkpt lat="34.5823542" lon="136.525744"><ele>2.5645255961585156</ele><time>2026-09-23T07:31:27Z</time></trkpt><trkpt lat="34.5822398" lon="136.5259268"><ele>2.89601184102316</ele><time>2026-09-23T07:31:42Z</time></trkpt><trkpt lat="34.5821348" lon="136.526133"><ele>2.727528308501389</ele><time>2026-09-23T07:32:08Z</time></trkpt><trkpt lat="34.5819903" lon="136.5263069"><ele>3.059062433523271</ele><time>2026-09-23T07:32:22Z</time></trkpt><trkpt lat="34.5818469" lon="136.5265041"><ele>3.9571856289790523</ele><time>2026-09-23T07:32:40Z</time></trkpt><trkpt lat="34.5817505" lon="136.5267082"><ele>4.755327208786798</ele><time>2026-09-23T07:32:54Z</time></trkpt><trkpt lat="34.5816293" lon="136.5268928"><ele>4.053483150445682</ele><time>2026-09-23T07:33:08Z</time></trkpt><trkpt lat="34.5815167" lon="136.5270868"><ele>2.5183621585116307</ele><time>2026-09-23T07:33:25Z</time></trkpt><trkpt lat="34.5813749" lon="136.5272671"><ele>1.516553021685522</ele><time>2026-09-23T07:33:42Z</time></trkpt><trkpt lat="34.5812712" lon="136.5274479"><ele>0.8481135537528246</ele><time>2026-09-23T07:33:55Z</time></trkpt><trkpt lat="34.581155" lon="136.5276298"><ele>0.6463611275946212</ele><time>2026-09-23T07:34:12Z</time></trkpt><trkpt lat="34.5810158" lon="136.5277812"><ele>0.14467528424032375</ele><time>2026-09-23T07:34:27Z</time></trkpt><trkpt lat="34.580888" lon="136.5279935"><ele>0.04288282361389643</ele><time>2026-09-23T07:34:44Z</time></trkpt><trkpt lat="34.5807584" lon="136.5281927"><ele>-0.1256350985486847</ele><time>2026-09-23T07:35:00Z</time></trkpt><trkpt lat="34.5806626" lon="136.5283789"><ele>1.105841585675428</ele><time>2026-09-23T07:35:16Z</time></trkpt><trkpt lat="34.5805179" lon="136.5285364"><ele>3.1040761085878805</ele><time>2026-09-23T07:36:04Z</time></trkpt><trkpt lat="34.5803518" lon="136.5287069"><ele>4.66898069525656</ele><time>2026-09-23T07:36:43Z</time></trkpt><trkpt lat="34.5801873" lon="136.5288703"><ele>5.400490936614548</ele><time>2026-09-23T07:37:08Z</time></trkpt><trkpt lat="34.5800446" lon="136.5290171"><ele>4.232027520576341</ele><time>2026-09-23T07:37:29Z</time></trkpt><trkpt lat="34.5799214" lon="136.5291928"><ele>3.4969551097682867</ele><time>2026-09-23T07:37:58Z</time></trkpt><trkpt lat="34.5799671" lon="136.5294558"><ele>9.060440126292008</ele><time>2026-09-23T07:44:30Z</time></trkpt><trkpt lat="34.5797904" lon="136.5292522"><ele>10.36090583677175</ele><time>2026-09-23T07:54:52Z</time></trkpt><trkpt lat="34.5795926" lon="136.5293526"><ele>10.360104825366022</ele><time>2026-09-23T07:55:20Z</time></trkpt><trkpt lat="34.5794444" lon="136.5294854"><ele>10.35931351311262</ele><time>2026-09-23T07:55:32Z</time></trkpt><trkpt lat="34.5792644" lon="136.529617"><ele>10.357682466233927</ele><time>2026-09-23T07:55:49Z</time></trkpt><trkpt lat="34.5790797" lon="136.5297061"><ele>10.356096855721825</ele><time>2026-09-23T07:56:07Z</time></trkpt><trkpt lat="34.5789518" lon="136.5298709"><ele>10.354474821670363</ele><time>2026-09-23T07:56:22Z</time></trkpt><trkpt lat="34.5788219" lon="136.5300389"><ele>10.352854688050506</ele><time>2026-09-23T07:57:13Z</time></trkpt><trkpt lat="34.5786053" lon="136.5300427"><ele>10.351367418140063</ele><time>2026-09-23T07:57:37Z</time></trkpt><trkpt lat="34.578423" lon="136.5301597"><ele>10.34989602043427</ele><time>2026-09-23T07:58:01Z</time></trkpt><trkpt lat="34.5782559" lon="136.5303005"><ele>7.615090830214875</ele><time>2026-09-23T07:58:20Z</time></trkpt><trkpt lat="34.5780845" lon="136.5304011"><ele>5.31348271028224</ele><time>2026-09-23T07:58:36Z</time></trkpt><trkpt lat="34.577894" lon="136.5305031"><ele>3.911893829926702</ele><time>2026-09-23T07:58:51Z</time></trkpt><trkpt lat="34.5777222" lon="136.5305926"><ele>5.677074257584486</ele><time>2026-09-23T07:59:06Z</time></trkpt><trkpt lat="34.5775391" lon="136.5307043"><ele>7.942212008940714</ele><time>2026-09-23T07:59:22Z</time></trkpt><trkpt lat="34.577365" lon="136.5308264"><ele>9.473999420365393</ele><time>2026-09-23T07:59:40Z</time></trkpt><trkpt lat="34.5771784" lon="136.5308671"><ele>10.739201704083312</ele><time>2026-09-23T07:59:58Z</time></trkpt><trkpt lat="34.5770075" lon="136.5309824"><ele>11.271082495935076</ele><time>2026-09-23T08:00:21Z</time></trkpt><trkpt lat="34.5767833" lon="136.5310435"><ele>12.503014512128367</ele><time>2026-09-23T08:00:33Z</time></trkpt><trkpt lat="34.5765801" lon="136.5311657"><ele>12.50141083303813</ele><time>2026-09-23T08:00:58Z</time></trkpt><trkpt lat="34.576413" lon="136.5313589"><ele>10.799645299891695</ele><time>2026-09-23T08:01:13Z</time></trkpt><trkpt lat="34.576222" lon="136.531422"><ele>7.731262076925721</ele><time>2026-09-23T08:01:34Z</time></trkpt><trkpt lat="34.5760286" lon="136.5315687"><ele>5.8961751220668575</ele><time>2026-09-23T08:02:18Z</time></trkpt><trkpt lat="34.5758025" lon="136.5316208"><ele>4.727964511018918</ele><time>2026-09-23T08:02:30Z</time></trkpt><trkpt lat="34.5756309" lon="136.5317553"><ele>4.359631090397137</ele><time>2026-09-23T08:02:42Z</time></trkpt><trkpt lat="34.575446" lon="136.5318072"><ele>4.491515752707635</ele><time>2026-09-23T08:03:18Z</time></trkpt><trkpt lat="34.575269" lon="136.5318506"><ele>5.0901646134294225</ele><time>2026-09-23T08:03:27Z</time></trkpt><trkpt lat="34.5750806" lon="136.5319194"><ele>5.3222615507115805</ele><time>2026-09-23T08:03:39Z</time></trkpt><trkpt lat="34.57492" lon="136.5320475"><ele>4.8208998598511625</ele><time>2026-09-23T08:03:51Z</time></trkpt><trkpt lat="34.5747545" lon="136.5321503"><ele>5.719428571078379</ele><time>2026-09-23T08:04:06Z</time></trkpt><trkpt lat="34.5749628" lon="136.5319075"><ele>6.285931968037102</ele><time>2026-09-23T08:05:24Z</time></trkpt><trkpt lat="34.5748148" lon="136.5321362"><ele>5.352238688807543</ele><time>2026-09-23T08:06:26Z</time></trkpt><trkpt lat="34.5746049" lon="136.5321179"><ele>5.2520686238103265</ele><time>2026-09-23T08:06:42Z</time></trkpt><trkpt lat="34.5744141" lon="136.5321318"><ele>7.384038409043666</ele><time>2026-09-23T08:07:28Z</time></trkpt><trkpt lat="34.5742415" lon="136.5322904"><ele>9.34945324731647</ele><time>2026-09-23T08:07:43Z</time></trkpt><trkpt lat="34.574076" lon="136.5324131"><ele>10.081302008024858</ele><time>2026-09-23T08:07:58Z</time></trkpt><trkpt lat="34.5739087" lon="136.532558"><ele>10.212906084005814</ele><time>2026-09-23T08:08:13Z</time></trkpt><trkpt lat="34.5737487" lon="136.5326767"><ele>11.377949755420097</ele><time>2026-09-23T08:08:28Z</time></trkpt><trkpt lat="34.5735859" lon="136.5327841"><ele>10.943030775980075</ele><time>2026-09-23T08:08:43Z</time></trkpt><trkpt lat="34.5734374" lon="136.532908"><ele>7.974853916391953</ele><time>2026-09-23T08:08:58Z</time></trkpt><trkpt lat="34.5732226" lon="136.5328232"><ele>15.706199377957489</ele><time>2026-09-23T08:17:26Z</time></trkpt><trkpt lat="34.5731401" lon="136.5330396"><ele>15.555301300847752</ele><time>2026-09-23T08:17:43Z</time></trkpt><trkpt lat="34.5730767" lon="136.5332938"><ele>13.43768571910082</ele><time>2026-09-23T08:17:58Z</time></trkpt><trkpt lat="34.5728925" lon="136.5334245"><ele>10.635860407597805</ele><time>2026-09-23T08:18:13Z</time></trkpt><trkpt lat="34.5727588" lon="136.5335776"><ele>7.034089478602614</ele><time>2026-09-23T08:18:27Z</time></trkpt><trkpt lat="34.5726222" lon="136.5337681"><ele>5.899005194612504</ele><time>2026-09-23T08:18:42Z</time></trkpt><trkpt lat="34.5724839" lon="136.5339296"><ele>5.3639281622816695</ele><time>2026-09-23T08:18:58Z</time></trkpt><trkpt lat="34.5723402" lon="136.5340689"><ele>5.462198215031471</ele><time>2026-09-23T08:19:12Z</time></trkpt><trkpt lat="34.5722152" lon="136.534265"><ele>4.7604748413942986</ele><time>2026-09-23T08:19:27Z</time></trkpt><trkpt lat="34.5720884" lon="136.5344555"><ele>3.392040781445116</ele><time>2026-09-23T08:19:42Z</time></trkpt><trkpt lat="34.5719789" lon="136.534648"><ele>1.0568802690677852</ele><time>2026-09-23T08:19:57Z</time></trkpt><trkpt lat="34.5718619" lon="136.5348227"><ele>-0.6782212577638376</ele><time>2026-09-23T08:20:12Z</time></trkpt><trkpt lat="34.5717271" lon="136.5349972"><ele>-0.5133010835524748</ele><time>2026-09-23T08:20:27Z</time></trkpt><trkpt lat="34.571609" lon="136.5351994"><ele>1.418251112330483</ele><time>2026-09-23T08:20:42Z</time></trkpt><trkpt lat="34.5714777" lon="136.535398"><ele>4.116395596413895</ele><time>2026-09-23T08:20:59Z</time></trkpt><trkpt lat="34.5713604" lon="136.535588"><ele>5.847868105946897</ele><time>2026-09-23T08:21:14Z</time></trkpt><trkpt lat="34.5713428" lon="136.5358398"><ele>5.212728171301968</ele><time>2026-09-23T08:21:34Z</time></trkpt><trkpt lat="34.5712045" lon="136.536001"><ele>3.044324318849706</ele><time>2026-09-23T08:22:10Z</time></trkpt><trkpt lat="34.5710585" lon="136.5361353"><ele>0.842661201833702</ele><time>2026-09-23T08:22:25Z</time></trkpt><trkpt lat="34.5708759" lon="136.5362498"><ele>0.9410295610684235</ele><time>2026-09-23T08:22:42Z</time></trkpt><trkpt lat="34.5707353" lon="136.5364475"><ele>0.7393156329428857</ele><time>2026-09-23T08:22:59Z</time></trkpt><trkpt lat="34.5706029" lon="136.5366299"><ele>0.4041865677850254</ele><time>2026-09-23T08:23:15Z</time></trkpt><trkpt lat="34.570503" lon="136.5368162"><ele>0.33570202280676636</ele><time>2026-09-23T08:23:27Z</time></trkpt><trkpt lat="34.570396" lon="136.5370355"><ele>1.2338914882191834</ele><time>2026-09-23T08:23:42Z</time></trkpt><trkpt lat="34.5702847" lon="136.5372376"><ele>2.365405692311583</ele><time>2026-09-23T08:23:57Z</time></trkpt><trkpt lat="34.5701417" lon="136.5370813"><ele>3.397589000525983</ele><time>2026-09-23T08:24:14Z</time></trkpt><trkpt lat="34.5699548" lon="136.5369729"><ele>5.0303503304139054</ele><time>2026-09-23T08:24:29Z</time></trkpt><trkpt lat="34.5701489" lon="136.5371098"><ele>6.763741439153797</ele><time>2026-09-23T08:25:27Z</time></trkpt><trkpt lat="34.5702646" lon="136.5373247"><ele>7.096747273184623</ele><time>2026-09-23T08:25:45Z</time></trkpt><trkpt lat="34.5702002" lon="136.5375694"><ele>6.429188640895899</ele><time>2026-09-23T08:26:00Z</time></trkpt><trkpt lat="34.5701309" lon="136.5377891"><ele>5.827696290273828</ele><time>2026-09-23T08:26:15Z</time></trkpt><trkpt lat="34.5700494" lon="136.5380163"><ele>5.9591948671624735</ele><time>2026-09-23T08:26:28Z</time></trkpt><trkpt lat="34.5699752" lon="136.5382251"><ele>5.457421787282885</ele><time>2026-09-23T08:26:43Z</time></trkpt><trkpt lat="34.5699621" lon="136.5384903"><ele>3.2889740618563743</ele><time>2026-09-23T08:26:58Z</time></trkpt><trkpt lat="34.5699109" lon="136.5387144"><ele>1.287248241003032</ele><time>2026-09-23T08:27:13Z</time></trkpt><trkpt lat="34.569849" lon="136.5389453"><ele>0.4188278671388825</ele><time>2026-09-23T08:27:32Z</time></trkpt><trkpt lat="34.569676" lon="136.5390656"><ele>1.1171302589299803</ele><time>2026-09-23T08:27:52Z</time></trkpt><trkpt lat="34.5694817" lon="136.5391486"><ele>1.3821741455218632</ele><time>2026-09-23T08:28:06Z</time></trkpt><trkpt lat="34.5692982" lon="136.5392433"><ele>0.5139834077216155</ele><time>2026-09-23T08:28:21Z</time></trkpt><trkpt lat="34.569115" lon="136.5393167"><ele>-1.4874559319503884</ele><time>2026-09-23T08:28:35Z</time></trkpt><trkpt lat="34.5689271" lon="136.5394335"><ele>-2.95562446598255</ele><time>2026-09-23T08:28:52Z</time></trkpt><trkpt lat="34.5687575" lon="136.5395238"><ele>-3.3570945634230234</ele><time>2026-09-23T08:29:06Z</time></trkpt><trkpt lat="34.5685883" lon="136.5396394"><ele>-2.4252997763980013</ele><time>2026-09-23T08:29:21Z</time></trkpt><trkpt lat="34.5683816" lon="136.5397097"><ele>-1.5601015654589172</ele><time>2026-09-23T08:29:36Z</time></trkpt><trkpt lat="34.5682081" lon="136.53983"><ele>-0.5283075168277804</ele><time>2026-09-23T08:29:51Z</time></trkpt><trkpt lat="34.5680193" lon="136.5399732"><ele>0.07006240756463455</ele><time>2026-09-23T08:30:06Z</time></trkpt><trkpt lat="34.5678367" lon="136.5400626"><ele>1.101763152936087</ele><time>2026-09-23T08:30:21Z</time></trkpt><trkpt lat="34.567696" lon="136.5402216"><ele>1.4667664429033611</ele><time>2026-09-23T08:30:38Z</time></trkpt><trkpt lat="34.5675125" lon="136.5402677"><ele>1.9986540473523842</ele><time>2026-09-23T08:30:56Z</time></trkpt><trkpt lat="34.567313" lon="136.5402603"><ele>2.064056421180171</ele><time>2026-09-23T08:31:11Z</time></trkpt><trkpt lat="34.5671021" lon="136.5402702"><ele>2.763000851842918</ele><time>2026-09-23T08:31:28Z</time></trkpt><trkpt lat="34.5668956" lon="136.5402362"><ele>3.362080956716641</ele><time>2026-09-23T08:31:43Z</time></trkpt><trkpt lat="34.5666824" lon="136.5402479"><ele>4.427764660585534</ele><time>2026-09-23T08:31:58Z</time></trkpt><trkpt lat="34.5664773" lon="136.5402735"><ele>4.226768436298144</ele><time>2026-09-23T08:32:18Z</time></trkpt><trkpt lat="34.5662767" lon="136.5402609"><ele>1.95908083451706</ele><time>2026-09-23T08:32:36Z</time></trkpt><trkpt lat="34.5661095" lon="136.5401695"><ele>-0.40830115258036415</ele><time>2026-09-23T08:32:48Z</time></trkpt><trkpt lat="34.5659163" lon="136.540161"><ele>-0.8422570900778439</ele><time>2026-09-23T08:33:04Z</time></trkpt><trkpt lat="34.5657169" lon="136.5400883"><ele>2.123918258532816</ele><time>2026-09-23T08:33:16Z</time></trkpt><trkpt lat="34.5655151" lon="136.5400797"><ele>3.9898619681311494</ele><time>2026-09-23T08:33:33Z</time></trkpt><trkpt lat="34.5653254" lon="136.5400338"><ele>4.255891625471648</ele><time>2026-09-23T08:33:45Z</time></trkpt><trkpt lat="34.5651382" lon="136.5400225"><ele>1.9884745360920846</ele><time>2026-09-23T08:34:02Z</time></trkpt><trkpt lat="34.5649369" lon="136.5399799"><ele>0.5877981160103426</ele><time>2026-09-23T08:34:19Z</time></trkpt><trkpt lat="34.5647352" lon="136.5399904"><ele>0.5869817336874897</ele><time>2026-09-23T08:34:34Z</time></trkpt><trkpt lat="34.5645465" lon="136.5400587"><ele>2.0526582633522756</ele><time>2026-09-23T08:34:49Z</time></trkpt><trkpt lat="34.5643438" lon="136.5400753"><ele>2.618205128735667</ele><time>2026-09-23T08:35:08Z</time></trkpt><trkpt lat="34.5642535" lon="136.5402684"><ele>3.516863753452334</ele><time>2026-09-23T08:35:30Z</time></trkpt><trkpt lat="34.5640878" lon="136.5404045"><ele>2.748745111711557</ele><time>2026-09-23T08:35:55Z</time></trkpt><trkpt lat="34.5639306" lon="136.5405318"><ele>2.580458152027435</ele><time>2026-09-23T08:36:24Z</time></trkpt><trkpt lat="34.5637653" lon="136.5406512"><ele>1.9122142822384969</ele><time>2026-09-23T08:37:36Z</time></trkpt><trkpt lat="34.5636995" lon="136.54086"><ele>2.8439678068916385</ele><time>2026-09-23T08:37:48Z</time></trkpt><trkpt lat="34.5636019" lon="136.5410495"><ele>4.34234587956117</ele><time>2026-09-23T08:38:02Z</time></trkpt><trkpt lat="34.5635308" lon="136.5412618"><ele>5.574002386169222</ele><time>2026-09-23T08:38:28Z</time></trkpt><trkpt lat="34.5636453" lon="136.5414407"><ele>5.839334625180508</ele><time>2026-09-23T08:38:43Z</time></trkpt><trkpt lat="34.563528" lon="136.5412667"><ele>6.1054194813808635</ele><time>2026-09-23T08:40:29Z</time></trkpt><trkpt lat="34.5633683" lon="136.5414047"><ele>7.438193922423601</ele><time>2026-09-23T08:41:33Z</time></trkpt><trkpt lat="34.5631873" lon="136.5414387"><ele>9.337491510972372</ele><time>2026-09-23T08:41:45Z</time></trkpt><trkpt lat="34.5630138" lon="136.5415211"><ele>10.702816790942363</ele><time>2026-09-23T08:41:56Z</time></trkpt><trkpt lat="34.5628411" lon="136.541589"><ele>10.701606853142685</ele><time>2026-09-23T08:42:08Z</time></trkpt><trkpt lat="34.5626675" lon="136.5417274"><ele>10.700183405554332</ele><time>2026-09-23T08:42:43Z</time></trkpt><trkpt lat="34.5624802" lon="136.5418184"><ele>10.698720128283417</ele><time>2026-09-23T08:42:57Z</time></trkpt><trkpt lat="34.5623251" lon="136.5420089"><ele>10.697019843709214</ele><time>2026-09-23T08:43:45Z</time></trkpt><trkpt lat="34.5621532" lon="136.5421298"><ele>10.695359848386914</ele><time>2026-09-23T08:43:57Z</time></trkpt><trkpt lat="34.5619694" lon="136.5422468"><ele>10.693649205231502</ele><time>2026-09-23T08:44:12Z</time></trkpt><trkpt lat="34.5618065" lon="136.5423558"><ele>10.692102085464443</ele><time>2026-09-23T08:44:29Z</time></trkpt><trkpt lat="34.5616827" lon="136.5425263"><ele>9.490522759852809</ele><time>2026-09-23T08:44:44Z</time></trkpt><trkpt lat="34.5614857" lon="136.5426174"><ele>8.688978849583302</ele><time>2026-09-23T08:44:59Z</time></trkpt><trkpt lat="34.5613064" lon="136.5427512"><ele>8.12068951796252</ele><time>2026-09-23T08:45:14Z</time></trkpt><trkpt lat="34.561227" lon="136.542958"><ele>8.185723243619817</ele><time>2026-09-23T08:45:33Z</time></trkpt><trkpt lat="34.5611002" lon="136.5431182"><ele>7.417382989613209</ele><time>2026-09-23T08:45:45Z</time></trkpt><trkpt lat="34.5609747" lon="136.5432785"><ele>5.982401915545886</ele><time>2026-09-23T08:46:02Z</time></trkpt><trkpt lat="34.560858" lon="136.543452"><ele>4.74743503450988</ele><time>2026-09-23T08:46:15Z</time></trkpt><trkpt lat="34.5607642" lon="136.5436689"><ele>3.5790635180077097</ele><time>2026-09-23T08:46:33Z</time></trkpt><trkpt lat="34.5606201" lon="136.5438101"><ele>2.744037770855776</ele><time>2026-09-23T08:46:47Z</time></trkpt><trkpt lat="34.560498" lon="136.5439743"><ele>2.3756903706816033</ele><time>2026-09-23T08:47:02Z</time></trkpt><trkpt lat="34.5603926" lon="136.5441579"><ele>2.10739680192332</ele><time>2026-09-23T08:47:16Z</time></trkpt><trkpt lat="34.5602753" lon="136.5443497"><ele>2.4723688432423807</ele><time>2026-09-23T08:47:29Z</time></trkpt><trkpt lat="34.5601495" lon="136.5445653"><ele>2.6038910521703706</ele><time>2026-09-23T08:47:46Z</time></trkpt><trkpt lat="34.5600176" lon="136.5447445"><ele>2.5353818298771267</ele><time>2026-09-23T08:48:03Z</time></trkpt><trkpt lat="34.5599265" lon="136.544937"><ele>1.666911486301726</ele><time>2026-09-23T08:48:16Z</time></trkpt><trkpt lat="34.5597998" lon="136.5451561"><ele>0.6984321759584091</ele><time>2026-09-23T08:48:33Z</time></trkpt><trkpt lat="34.5596946" lon="136.5453582"><ele>0.36327801046300817</ele><time>2026-09-23T08:48:49Z</time></trkpt><trkpt lat="34.5596105" lon="136.5455637"><ele>1.2947732684703415</ele><time>2026-09-23T08:49:04Z</time></trkpt><trkpt lat="34.5594627" lon="136.5457411"><ele>1.326325799857699</ele><time>2026-09-23T08:49:20Z</time></trkpt><trkpt lat="34.5593545" lon="136.5459275"><ele>1.224574172597367</ele><time>2026-09-23T08:49:35Z</time></trkpt><trkpt lat="34.5592185" lon="136.5461246"><ele>-0.4772394653446194</ele><time>2026-09-23T08:49:57Z</time></trkpt><trkpt lat="34.5591039" lon="136.5463375"><ele>-0.6790784163064103</ele><time>2026-09-23T08:50:11Z</time></trkpt><trkpt lat="34.5589827" lon="136.5465161"><ele>-0.8809206495769217</ele><time>2026-09-23T08:50:26Z</time></trkpt><trkpt lat="34.558868" lon="136.5467023"><ele>-0.41603989084777027</ele><time>2026-09-23T08:50:41Z</time></trkpt><trkpt lat="34.5587634" lon="136.5468899"><ele>-0.017755872665091488</ele><time>2026-09-23T08:50:56Z</time></trkpt><trkpt lat="34.5586344" lon="136.547086"><ele>0.6471450267397382</ele><time>2026-09-23T08:51:12Z</time></trkpt><trkpt lat="34.5585133" lon="136.5472633"><ele>0.5453885328970524</ele><time>2026-09-23T08:51:28Z</time></trkpt><trkpt lat="34.558352" lon="136.5474162"><ele>0.9769526221337372</ele><time>2026-09-23T08:52:04Z</time></trkpt><trkpt lat="34.5582544" lon="136.5476565"><ele>0.4084698727496914</ele><time>2026-09-23T08:52:46Z</time></trkpt><trkpt lat="34.558137" lon="136.5478568"><ele>0.5399432277408067</ele><time>2026-09-23T08:53:01Z</time></trkpt><trkpt lat="34.5580079" lon="136.5480636"><ele>0.8046834040234406</ele><time>2026-09-23T08:53:19Z</time></trkpt><trkpt lat="34.5578937" lon="136.5482742"><ele>1.1361286048540744</ele><time>2026-09-23T08:53:34Z</time></trkpt><trkpt lat="34.5577625" lon="136.5484555"><ele>1.9342600893963582</ele><time>2026-09-23T08:53:49Z</time></trkpt><trkpt lat="34.557614" lon="136.5486044"><ele>2.5658197265588663</ele><time>2026-09-23T08:54:04Z</time></trkpt><trkpt lat="34.5575117" lon="136.5487872"><ele>3.6974576229540808</ele><time>2026-09-23T08:54:15Z</time></trkpt><trkpt lat="34.5574003" lon="136.5489812"><ele>4.66243201062876</ele><time>2026-09-23T08:54:30Z</time></trkpt><trkpt lat="34.557275" lon="136.5491803"><ele>3.260667305429498</ele><time>2026-09-23T08:55:06Z</time></trkpt><trkpt lat="34.5571573" lon="136.54941"><ele>1.825444364268023</ele><time>2026-09-23T08:55:21Z</time></trkpt><trkpt lat="34.5570694" lon="136.5496469"><ele>2.3901649405944383</ele><time>2026-09-23T08:55:36Z</time></trkpt><trkpt lat="34.5569463" lon="136.5498368"><ele>4.521575376604773</ele><time>2026-09-23T08:55:51Z</time></trkpt><trkpt lat="34.5568722" lon="136.5500533"><ele>6.819769363248646</ele><time>2026-09-23T08:56:05Z</time></trkpt><trkpt lat="34.5567037" lon="136.550237"><ele>6.818026855132406</ele><time>2026-09-23T08:56:23Z</time></trkpt><trkpt lat="34.5566113" lon="136.5504246"><ele>6.8164113991457995</ele><time>2026-09-23T08:56:35Z</time></trkpt><trkpt lat="34.5564783" lon="136.5506116"><ele>6.814822146252927</ele><time>2026-09-23T08:56:50Z</time></trkpt><trkpt lat="34.5563232" lon="136.5508092"><ele>6.813229774263301</ele><time>2026-09-23T08:57:06Z</time></trkpt><trkpt lat="34.5561223" lon="136.5508776"><ele>6.811680104435108</ele><time>2026-09-23T08:58:10Z</time></trkpt><trkpt lat="34.556127" lon="136.5511197"><ele>6.810246306802526</ele><time>2026-09-23T08:58:22Z</time></trkpt><trkpt lat="34.5559874" lon="136.5513002"><ele>6.808866960713121</ele><time>2026-09-23T08:58:37Z</time></trkpt><trkpt lat="34.5558478" lon="136.5514584"><ele>4.507425071862211</ele><time>2026-09-23T08:58:52Z</time></trkpt><trkpt lat="34.5557229" lon="136.5516462"><ele>2.505879460081921</ele><time>2026-09-23T08:59:07Z</time></trkpt><trkpt lat="34.5555978" lon="136.5518347"><ele>0.7043426749676224</ele><time>2026-09-23T08:59:22Z</time></trkpt><trkpt lat="34.5554717" lon="136.5520094"><ele>1.502797976269972</ele><time>2026-09-23T09:00:00Z</time></trkpt><trkpt lat="34.5553774" lon="136.5522282"><ele>2.634579794935265</ele><time>2026-09-23T09:00:12Z</time></trkpt><trkpt lat="34.555284" lon="136.5524395"><ele>3.5997041702673322</ele><time>2026-09-23T09:00:27Z</time></trkpt><trkpt lat="34.5551541" lon="136.5526415"><ele>4.198108729360371</ele><time>2026-09-23T09:00:39Z</time></trkpt><trkpt lat="34.5550396" lon="136.5528605"><ele>3.596482481856133</ele><time>2026-09-23T09:01:12Z</time></trkpt><trkpt lat="34.5549331" lon="136.5530414"><ele>3.161556584330389</ele><time>2026-09-23T09:01:23Z</time></trkpt><trkpt lat="34.5547079" lon="136.5530405"><ele>2.6268405069230027</ele><time>2026-09-23T09:02:16Z</time></trkpt><trkpt lat="34.5545883" lon="136.5532164"><ele>2.892192606822993</ele><time>2026-09-23T09:03:32Z</time></trkpt><trkpt lat="34.5544188" lon="136.5533068"><ele>3.024273722610945</ele><time>2026-09-23T09:03:59Z</time></trkpt><trkpt lat="34.5545783" lon="136.5532517"><ele>5.990635778244609</ele><time>2026-09-23T21:00:13Z</time></trkpt><trkpt lat="34.55471" lon="136.553085"><ele>6.341375980664278</ele><time>2026-09-23T21:00:48Z</time></trkpt><trkpt lat="34.55489" lon="136.5530233"><ele>6.058673171809801</ele><time>2026-09-23T21:01:03Z</time></trkpt><trkpt lat="34.5548417" lon="136.5532583"><ele>6.459064947474023</ele><time>2026-09-23T21:01:35Z</time></trkpt><trkpt lat="34.5547149" lon="136.5534527"><ele>7.358428801435927</ele><time>2026-09-23T21:01:49Z</time></trkpt><trkpt lat="34.5545726" lon="136.5536365"><ele>9.056869443690154</ele><time>2026-09-23T21:02:07Z</time></trkpt><trkpt lat="34.5544637" lon="136.5538298"><ele>8.988624135104303</ele><time>2026-09-23T21:02:21Z</time></trkpt><trkpt lat="34.554339" lon="136.5540362"><ele>7.953694953139603</ele><time>2026-09-23T21:02:36Z</time></trkpt><trkpt lat="34.5542286" lon="136.554235"><ele>6.118788864750772</ele><time>2026-09-23T21:02:50Z</time></trkpt><trkpt lat="34.5541161" lon="136.5544185"><ele>5.517228261665167</ele><time>2026-09-23T21:03:04Z</time></trkpt><trkpt lat="34.554004" lon="136.5545904"><ele>5.349081082390517</ele><time>2026-09-23T21:03:19Z</time></trkpt><trkpt lat="34.5538833" lon="136.5547793"><ele>5.414269325025195</ele><time>2026-09-23T21:03:33Z</time></trkpt><trkpt lat="34.5537621" lon="136.5549873"><ele>6.112735330549955</ele><time>2026-09-23T21:03:49Z</time></trkpt><trkpt lat="34.5536201" lon="136.5551844"><ele>6.977778926324045</ele><time>2026-09-23T21:04:07Z</time></trkpt><trkpt lat="34.5534936" lon="136.555379"><ele>7.676137637258738</ele><time>2026-09-23T21:04:24Z</time></trkpt><trkpt lat="34.5533766" lon="136.5555765"><ele>7.1745216686555295</ele><time>2026-09-23T21:04:41Z</time></trkpt><trkpt lat="34.5532556" lon="136.5557873"><ele>6.639581038019441</ele><time>2026-09-23T21:04:57Z</time></trkpt><trkpt lat="34.5531526" lon="136.5559765"><ele>6.738019470216543</ele><time>2026-09-23T21:05:53Z</time></trkpt><trkpt lat="34.553044" lon="136.5562074"><ele>8.003079626077662</ele><time>2026-09-23T21:06:28Z</time></trkpt><trkpt lat="34.5529379" lon="136.5563985"><ele>8.601530667362114</ele><time>2026-09-23T21:06:42Z</time></trkpt><trkpt lat="34.5528475" lon="136.5565872"><ele>8.63333552498613</ele><time>2026-09-23T21:06:57Z</time></trkpt><trkpt lat="34.552719" lon="136.5567609"><ele>9.031877071745063</ele><time>2026-09-23T21:07:11Z</time></trkpt><trkpt lat="34.5526146" lon="136.5569491"><ele>9.730426723167318</ele><time>2026-09-23T21:07:24Z</time></trkpt><trkpt lat="34.5525121" lon="136.5571377"><ele>10.528958639195771</ele><time>2026-09-23T21:07:38Z</time></trkpt><trkpt lat="34.5523958" lon="136.5573326"><ele>9.760805963869663</ele><time>2026-09-23T21:07:53Z</time></trkpt><trkpt lat="34.5522945" lon="136.5575368"><ele>9.225963933379013</ele><time>2026-09-23T21:08:07Z</time></trkpt><trkpt lat="34.5521801" lon="136.5577234"><ele>8.924441176879808</ele><time>2026-09-23T21:08:21Z</time></trkpt><trkpt lat="34.5521151" lon="136.5579649"><ele>8.756248791674848</ele><time>2026-09-23T21:09:02Z</time></trkpt><trkpt lat="34.5519643" lon="136.5581398"><ele>8.321366345921101</ele><time>2026-09-23T21:09:24Z</time></trkpt><trkpt lat="34.5518583" lon="136.558346"><ele>7.619796350898231</ele><time>2026-09-23T21:09:39Z</time></trkpt><trkpt lat="34.5517614" lon="136.5585309"><ele>7.118277061410541</ele><time>2026-09-23T21:09:53Z</time></trkpt><trkpt lat="34.5516781" lon="136.5587438"><ele>6.350127532814223</ele><time>2026-09-23T21:10:07Z</time></trkpt><trkpt lat="34.5516069" lon="136.5589501"><ele>5.748697489642173</ele><time>2026-09-23T21:10:21Z</time></trkpt><trkpt lat="34.5515567" lon="136.5591885"><ele>5.613911968858922</ele><time>2026-09-23T21:10:35Z</time></trkpt><trkpt lat="34.5515215" lon="136.559411"><ele>5.9791826429319554</ele><time>2026-09-23T21:10:49Z</time></trkpt><trkpt lat="34.5514707" lon="136.5596577"><ele>7.17774748601025</ele><time>2026-09-23T21:11:06Z</time></trkpt><trkpt lat="34.5514115" lon="136.5598974"><ele>7.87629678995701</ele><time>2026-09-23T21:11:24Z</time></trkpt><trkpt lat="34.5513563" lon="136.5601284"><ele>8.474801464572353</ele><time>2026-09-23T21:11:41Z</time></trkpt><trkpt lat="34.5513294" lon="136.5603561"><ele>7.773375378398143</ele><time>2026-09-23T21:11:58Z</time></trkpt><trkpt lat="34.5512292" lon="136.560572"><ele>8.405262655636072</ele><time>2026-09-23T21:12:15Z</time></trkpt><trkpt lat="34.5512719" lon="136.5608092"><ele>9.137286486364976</ele><time>2026-09-23T21:13:25Z</time></trkpt><trkpt lat="34.5511633" lon="136.5610032"><ele>11.235913042881982</ele><time>2026-09-23T21:13:57Z</time></trkpt><trkpt lat="34.5511084" lon="136.5612419"><ele>11.967901689770644</ele><time>2026-09-23T21:14:12Z</time></trkpt><trkpt lat="34.5509268" lon="136.5612973"><ele>12.56653631547527</ele><time>2026-09-23T21:15:11Z</time></trkpt><trkpt lat="34.5507334" lon="136.5612458"><ele>12.932136878565059</ele><time>2026-09-23T21:15:28Z</time></trkpt><trkpt lat="34.5509263" lon="136.561338"><ele>12.831696946844689</ele><time>2026-09-23T21:17:21Z</time></trkpt><trkpt lat="34.5510903" lon="136.5614384"><ele>12.698363828587858</ele><time>2026-09-23T21:17:45Z</time></trkpt><trkpt lat="34.5510183" lon="136.5616769"><ele>11.931376102084373</ele><time>2026-09-23T21:18:00Z</time></trkpt><trkpt lat="34.55094" lon="136.5619195"><ele>11.930387345277248</ele><time>2026-09-23T21:18:17Z</time></trkpt><trkpt lat="34.550852" lon="136.5621528"><ele>11.928790368316742</ele><time>2026-09-23T21:18:35Z</time></trkpt><trkpt lat="34.550739" lon="136.5623381"><ele>11.927224799823717</ele><time>2026-09-23T21:18:49Z</time></trkpt><trkpt lat="34.5506368" lon="136.5625317"><ele>11.925708967265992</ele><time>2026-09-23T21:19:03Z</time></trkpt><trkpt lat="34.5505574" lon="136.5627555"><ele>11.924222946004</ele><time>2026-09-23T21:19:20Z</time></trkpt><trkpt lat="34.5505868" lon="136.5629705"><ele>11.922898538928678</ele><time>2026-09-23T21:19:35Z</time></trkpt><trkpt lat="34.5505294" lon="136.5632027"><ele>11.921574424783211</ele><time>2026-09-23T21:19:58Z</time></trkpt><trkpt lat="34.5505341" lon="136.5634455"><ele>11.920343089985892</ele><time>2026-09-23T21:20:13Z</time></trkpt><trkpt lat="34.5505094" lon="136.5636704"><ele>11.919013895345445</ele><time>2026-09-23T21:20:27Z</time></trkpt><trkpt lat="34.550462" lon="136.5638955"><ele>11.917712133715902</ele><time>2026-09-23T21:20:40Z</time></trkpt><trkpt lat="34.550387" lon="136.5641257"><ele>11.649646959464176</ele><time>2026-09-23T21:21:04Z</time></trkpt><trkpt lat="34.5503328" lon="136.5643567"><ele>11.248194185768838</ele><time>2026-09-23T21:21:18Z</time></trkpt><trkpt lat="34.550256" lon="136.5645759"><ele>11.71337487373466</ele><time>2026-09-23T21:21:32Z</time></trkpt><trkpt lat="34.5501739" lon="136.5647831"><ele>12.411918582324716</ele><time>2026-09-23T21:21:49Z</time></trkpt><trkpt lat="34.550099" lon="136.5650178"><ele>13.277092137889822</ele><time>2026-09-23T21:22:03Z</time></trkpt><trkpt lat="34.5500775" lon="136.5652457"><ele>13.175666435853339</ele><time>2026-09-23T21:22:17Z</time></trkpt><trkpt lat="34.549999" lon="136.5654596"><ele>13.907568399700303</ele><time>2026-09-23T21:23:06Z</time></trkpt><trkpt lat="34.5499265" lon="136.5656621"><ele>14.339547196272727</ele><time>2026-09-23T21:23:17Z</time></trkpt><trkpt lat="34.5498542" lon="136.5659315"><ele>14.971396289126021</ele><time>2026-09-23T21:23:42Z</time></trkpt><trkpt lat="34.5498111" lon="136.5661603"><ele>15.26994917887391</ele><time>2026-09-23T21:23:57Z</time></trkpt><trkpt lat="34.5497388" lon="136.566377"><ele>15.535145003754046</ele><time>2026-09-23T21:24:23Z</time></trkpt><trkpt lat="34.5496691" lon="136.5665952"><ele>15.233766629452896</ele><time>2026-09-23T21:24:37Z</time></trkpt><trkpt lat="34.5495237" lon="136.5667828"><ele>14.065666610806927</ele><time>2026-09-23T21:25:13Z</time></trkpt><trkpt lat="34.5495033" lon="136.5670069"><ele>13.030952052181652</ele><time>2026-09-23T21:25:24Z</time></trkpt><trkpt lat="34.5494472" lon="136.5672559"><ele>12.46286836490833</ele><time>2026-09-23T21:25:38Z</time></trkpt><trkpt lat="34.5494141" lon="136.5675163"><ele>13.194798383414465</ele><time>2026-09-23T21:25:53Z</time></trkpt><trkpt lat="34.5493711" lon="136.5677561"><ele>14.06000702305529</ele><time>2026-09-23T21:26:07Z</time></trkpt><trkpt lat="34.549368" lon="136.5679832"><ele>13.45865254622594</ele><time>2026-09-23T21:26:21Z</time></trkpt><trkpt lat="34.549349" lon="136.5682411"><ele>11.057320012341314</ele><time>2026-09-23T21:26:38Z</time></trkpt><trkpt lat="34.549316" lon="136.5684691"><ele>8.85602044593398</ele><time>2026-09-23T21:26:52Z</time></trkpt><trkpt lat="34.5492884" lon="136.5686846"><ele>8.8213776468449</ele><time>2026-09-23T21:27:05Z</time></trkpt><trkpt lat="34.5492473" lon="136.5689054"><ele>9.853438755697718</ele><time>2026-09-23T21:27:19Z</time></trkpt><trkpt lat="34.549198" lon="136.5691335"><ele>11.085480057256305</ele><time>2026-09-23T21:27:33Z</time></trkpt><trkpt lat="34.5491792" lon="136.5693596"><ele>11.984180764061142</ele><time>2026-09-23T21:27:47Z</time></trkpt><trkpt lat="34.5491202" lon="136.5695657"><ele>13.282885351948131</ele><time>2026-09-23T21:28:01Z</time></trkpt><trkpt lat="34.5491024" lon="136.569783"><ele>14.481647374649354</ele><time>2026-09-23T21:28:15Z</time></trkpt><trkpt lat="34.5490659" lon="136.5699997"><ele>14.147070967747029</ele><time>2026-09-23T21:28:29Z</time></trkpt><trkpt lat="34.5490473" lon="136.57023"><ele>13.91250232502213</ele><time>2026-09-23T21:28:42Z</time></trkpt><trkpt lat="34.5490427" lon="136.57046"><ele>13.311261311493142</ele><time>2026-09-23T21:28:56Z</time></trkpt><trkpt lat="34.5490243" lon="136.570678"><ele>13.743373588090584</ele><time>2026-09-23T21:29:10Z</time></trkpt><trkpt lat="34.5489787" lon="136.5709298"><ele>13.808749551649326</ele><time>2026-09-23T21:29:27Z</time></trkpt><trkpt lat="34.5489693" lon="136.5711813"><ele>13.607416078229832</ele><time>2026-09-23T21:29:44Z</time></trkpt><trkpt lat="34.5489702" lon="136.5714092"><ele>13.772755699382346</ele><time>2026-09-23T21:29:56Z</time></trkpt><trkpt lat="34.5490182" lon="136.5716518"><ele>13.638224404408765</ele><time>2026-09-23T21:30:13Z</time></trkpt><trkpt lat="34.5490831" lon="136.5718906"><ele>13.103804506578983</ele><time>2026-09-23T21:30:31Z</time></trkpt><trkpt lat="34.5490711" lon="136.5721157"><ele>12.269373744213981</ele><time>2026-09-23T21:30:48Z</time></trkpt><trkpt lat="34.5489638" lon="136.5722909"><ele>10.801538934567098</ele><time>2026-09-23T21:31:08Z</time></trkpt><trkpt lat="34.5489158" lon="136.5725133"><ele>10.333596697027124</ele><time>2026-09-23T21:31:23Z</time></trkpt><trkpt lat="34.5488266" lon="136.5727288"><ele>10.132245414116419</ele><time>2026-09-23T21:31:37Z</time></trkpt><trkpt lat="34.5487114" lon="136.5729058"><ele>10.730882286709551</ele><time>2026-09-23T21:31:51Z</time></trkpt><trkpt lat="34.5485931" lon="136.5730709"><ele>11.629534327384418</ele><time>2026-09-23T21:32:05Z</time></trkpt><trkpt lat="34.5485022" lon="136.5732735"><ele>12.528207342438291</ele><time>2026-09-23T21:32:19Z</time></trkpt><trkpt lat="34.5484159" lon="136.5734666"><ele>13.726887954498785</ele><time>2026-09-23T21:32:33Z</time></trkpt><trkpt lat="34.5483382" lon="136.5736866"><ele>14.425523289278125</ele><time>2026-09-23T21:32:50Z</time></trkpt><trkpt lat="34.5481574" lon="136.5737907"><ele>14.95755496410973</ele><time>2026-09-23T21:33:29Z</time></trkpt><trkpt lat="34.5479858" lon="136.5737211"><ele>15.223270622950812</ele><time>2026-09-23T21:33:41Z</time></trkpt><trkpt lat="34.5477753" lon="136.5736395"><ele>15.256013455085158</ele><time>2026-09-23T21:34:17Z</time></trkpt><trkpt lat="34.5479658" lon="136.5737211"><ele>16.322571335958</ele><time>2026-09-23T21:35:02Z</time></trkpt><trkpt lat="34.5481438" lon="136.5738002"><ele>16.522623723398368</ele><time>2026-09-23T21:35:32Z</time></trkpt><trkpt lat="34.5482385" lon="136.5740331"><ele>17.289165891771436</ele><time>2026-09-23T21:35:55Z</time></trkpt><trkpt lat="34.5481722" lon="136.5743029"><ele>15.788411405568013</ele><time>2026-09-23T21:36:17Z</time></trkpt><trkpt lat="34.5480795" lon="136.5745375"><ele>15.520400493982416</ele><time>2026-09-23T21:36:48Z</time></trkpt><trkpt lat="34.5479662" lon="136.5747127"><ele>15.41890845296962</ele><time>2026-09-23T21:37:17Z</time></trkpt><trkpt lat="34.5479472" lon="136.5749577"><ele>17.184182489880516</ele><time>2026-09-23T21:37:29Z</time></trkpt><trkpt lat="34.5478296" lon="136.5751727"><ele>17.416182047676788</ele><time>2026-09-23T21:37:57Z</time></trkpt><trkpt lat="34.5477695" lon="136.5753827"><ele>17.61491754554591</ele><time>2026-09-23T21:38:09Z</time></trkpt><trkpt lat="34.5477321" lon="136.5756042"><ele>16.813741001216965</ele><time>2026-09-23T21:38:23Z</time></trkpt><trkpt lat="34.5477014" lon="136.5758218"><ele>16.179343642144396</ele><time>2026-09-23T21:38:36Z</time></trkpt><trkpt lat="34.5476603" lon="136.5760794"><ele>14.411568601560747</ele><time>2026-09-23T21:38:53Z</time></trkpt><trkpt lat="34.5474335" lon="136.5761429"><ele>13.61045832010691</ele><time>2026-09-23T21:39:33Z</time></trkpt><trkpt lat="34.5472301" lon="136.5761652"><ele>13.37608495949135</ele><time>2026-09-23T21:39:56Z</time></trkpt><trkpt lat="34.5474615" lon="136.5761513"><ele>13.442415456513233</ele><time>2026-09-23T21:40:19Z</time></trkpt><trkpt lat="34.5476537" lon="136.5761125"><ele>13.776051948093198</ele><time>2026-09-23T21:40:31Z</time></trkpt><trkpt lat="34.547647" lon="136.576339"><ele>14.342967427920927</ele><time>2026-09-23T21:40:45Z</time></trkpt><trkpt lat="34.5476223" lon="136.5765711"><ele>14.509234313980544</ele><time>2026-09-23T21:40:59Z</time></trkpt><trkpt lat="34.5475542" lon="136.5767823"><ele>13.84150871967134</ele><time>2026-09-23T21:41:13Z</time></trkpt><trkpt lat="34.547483" lon="136.5769975"><ele>13.30705614462335</ele><time>2026-09-23T21:41:39Z</time></trkpt><trkpt lat="34.547418" lon="136.5772236"><ele>12.772564446508435</ele><time>2026-09-23T21:42:02Z</time></trkpt><trkpt lat="34.5474094" lon="136.5774498"><ele>11.771455389087253</ele><time>2026-09-23T21:42:16Z</time></trkpt><trkpt lat="34.5473653" lon="136.5776944"><ele>11.137003783529472</ele><time>2026-09-23T21:42:30Z</time></trkpt><trkpt lat="34.5473688" lon="136.5779127"><ele>11.235977431197815</ele><time>2026-09-23T21:42:44Z</time></trkpt><trkpt lat="34.5473924" lon="136.5780647"><ele>13.034419363479387</ele><time>2026-09-23T21:42:58Z</time></trkpt><trkpt lat="34.5477767" lon="136.5782433"><ele>14.484723365532236</ele><time>2026-09-23T21:43:33Z</time></trkpt><trkpt lat="34.5479431" lon="136.5783521"><ele>10.43486817294813</ele><time>2026-09-23T21:43:36Z</time></trkpt><trkpt lat="34.5480941" lon="136.5785209"><ele>9.601721888062976</ele><time>2026-09-23T21:44:15Z</time></trkpt><trkpt lat="34.5481527" lon="136.5787391"><ele>8.168135312309436</ele><time>2026-09-23T21:44:33Z</time></trkpt><trkpt lat="34.5481" lon="136.5789513"><ele>10.767478094349192</ele><time>2026-09-23T21:44:44Z</time></trkpt><trkpt lat="34.548059" lon="136.5791822"><ele>10.899840334909458</ele><time>2026-09-23T21:44:59Z</time></trkpt><trkpt lat="34.5482413" lon="136.5792067"><ele>11.13262073985674</ele><time>2026-09-23T21:45:53Z</time></trkpt><trkpt lat="34.5484319" lon="136.579162"><ele>11.53271594509441</ele><time>2026-09-23T21:46:05Z</time></trkpt><trkpt lat="34.5484683" lon="136.5790933"><ele>12.033891131556992</ele><time>2026-09-23T22:00:34Z</time></trkpt><trkpt lat="34.548328" lon="136.5792524"><ele>12.03330735126972</ele><time>2026-09-23T22:00:44Z</time></trkpt><trkpt lat="34.5481261" lon="136.5791904"><ele>12.032961835703738</ele><time>2026-09-23T22:01:01Z</time></trkpt><trkpt lat="34.5479905" lon="136.5790171"><ele>12.032505429077183</ele><time>2026-09-23T22:02:26Z</time></trkpt><trkpt lat="34.5480375" lon="136.5787688"><ele>12.032842706485242</ele><time>2026-09-23T22:02:41Z</time></trkpt><trkpt lat="34.5480759" lon="136.5785105"><ele>10.267072418327414</ele><time>2026-09-23T22:02:59Z</time></trkpt><trkpt lat="34.548012" lon="136.578302"><ele>8.934769458536081</ele><time>2026-09-23T22:03:14Z</time></trkpt><trkpt lat="34.5478178" lon="136.5782386"><ele>7.96858856587955</ele><time>2026-09-23T22:03:29Z</time></trkpt><trkpt lat="34.547666" lon="136.5780969"><ele>9.235352790191152</ele><time>2026-09-23T22:03:42Z</time></trkpt><trkpt lat="34.5474812" lon="136.5780573"><ele>9.86840346663787</ele><time>2026-09-23T22:03:57Z</time></trkpt><trkpt lat="34.5473146" lon="136.5781738"><ele>9.334567213232079</ele><time>2026-09-23T22:04:16Z</time></trkpt><trkpt lat="34.5472935" lon="136.5784127"><ele>8.367017109470304</ele><time>2026-09-23T22:04:30Z</time></trkpt><trkpt lat="34.5472457" lon="136.5786535"><ele>7.53256814009773</ele><time>2026-09-23T22:04:45Z</time></trkpt><trkpt lat="34.5472081" lon="136.5788884"><ele>6.9647718337046625</ele><time>2026-09-23T22:05:00Z</time></trkpt><trkpt lat="34.5471802" lon="136.5791247"><ele>7.663637872183966</ele><time>2026-09-23T22:06:49Z</time></trkpt><trkpt lat="34.5471095" lon="136.5793672"><ele>9.02914125627396</ele><time>2026-09-23T22:07:10Z</time></trkpt><trkpt lat="34.5470622" lon="136.5795792"><ele>9.927998772633735</ele><time>2026-09-23T22:07:23Z</time></trkpt><trkpt lat="34.5470404" lon="136.579815"><ele>9.19353090770273</ele><time>2026-09-23T22:07:37Z</time></trkpt><trkpt lat="34.5469752" lon="136.5800502"><ele>8.159079869917187</ele><time>2026-09-23T22:07:52Z</time></trkpt><trkpt lat="34.5469198" lon="136.580278"><ele>8.757930498981674</ele><time>2026-09-23T22:08:06Z</time></trkpt><trkpt lat="34.5468545" lon="136.5805175"><ele>10.256724750782574</ele><time>2026-09-23T22:08:21Z</time></trkpt><trkpt lat="34.5468126" lon="136.5807362"><ele>11.355569713027768</ele><time>2026-09-23T22:08:35Z</time></trkpt><trkpt lat="34.5467727" lon="136.5809507"><ele>12.054451686114104</ele><time>2026-09-23T22:08:49Z</time></trkpt><trkpt lat="34.546697" lon="136.5811659"><ele>11.953355630866142</ele><time>2026-09-23T22:09:03Z</time></trkpt><trkpt lat="34.5466521" lon="136.5814073"><ele>11.785557570927553</ele><time>2026-09-23T22:09:18Z</time></trkpt><trkpt lat="34.5465853" lon="136.5816259"><ele>11.251055505652808</ele><time>2026-09-23T22:09:32Z</time></trkpt><trkpt lat="34.5465405" lon="136.5818389"><ele>10.983259647377798</ele><time>2026-09-23T22:09:46Z</time></trkpt><trkpt lat="34.5464926" lon="136.582057"><ele>10.515493051919917</ele><time>2026-09-23T22:10:00Z</time></trkpt><trkpt lat="34.5464379" lon="136.5822896"><ele>10.381054449108843</ele><time>2026-09-23T22:10:15Z</time></trkpt><trkpt lat="34.5463877" lon="136.5825168"><ele>10.213256297055716</ele><time>2026-09-23T22:10:29Z</time></trkpt><trkpt lat="34.5463259" lon="136.5827745"><ele>10.378719620999261</ele><time>2026-09-23T22:11:16Z</time></trkpt><trkpt lat="34.546293" lon="136.5830115"><ele>10.444202471093824</ele><time>2026-09-23T22:11:31Z</time></trkpt><trkpt lat="34.5462375" lon="136.5832591"><ele>10.709650535118875</ele><time>2026-09-23T22:11:48Z</time></trkpt><trkpt lat="34.546343" lon="136.583451"><ele>10.77538755812408</ele><time>2026-09-23T22:13:25Z</time></trkpt><trkpt lat="34.5464411" lon="136.5836768"><ele>10.174627489105054</ele><time>2026-09-23T22:14:00Z</time></trkpt><trkpt lat="34.5463267" lon="136.5838699"><ele>9.707208116611099</ele><time>2026-09-23T22:14:15Z</time></trkpt><trkpt lat="34.5461552" lon="136.5839655"><ele>9.439598671821514</ele><time>2026-09-23T22:14:31Z</time></trkpt><trkpt lat="34.5460669" lon="136.5841936"><ele>9.13843387764433</ele><time>2026-09-23T22:14:47Z</time></trkpt><trkpt lat="34.5460156" lon="136.5844408"><ele>9.7039340129252</ele><time>2026-09-23T22:16:38Z</time></trkpt><trkpt lat="34.5459973" lon="136.5846735"><ele>10.569421621503595</ele><time>2026-09-23T22:16:54Z</time></trkpt><trkpt lat="34.5459353" lon="136.5848896"><ele>11.801623696014952</ele><time>2026-09-23T22:17:18Z</time></trkpt><trkpt lat="34.5458693" lon="136.5851166"><ele>11.833836957190345</ele><time>2026-09-23T22:17:32Z</time></trkpt><trkpt lat="34.5458871" lon="136.5853669"><ele>11.166067894576804</ele><time>2026-09-23T22:18:51Z</time></trkpt><trkpt lat="34.546102" lon="136.5854339"><ele>10.898832756165426</ele><time>2026-09-23T22:19:12Z</time></trkpt><trkpt lat="34.5463058" lon="136.5854827"><ele>11.132164005635554</ele><time>2026-09-23T22:19:27Z</time></trkpt><trkpt lat="34.5464786" lon="136.5855461"><ele>12.032605866930718</ele><time>2026-09-23T22:19:41Z</time></trkpt><trkpt lat="34.546509" lon="136.5857732"><ele>13.432606590977592</ele><time>2026-09-23T22:20:02Z</time></trkpt><trkpt lat="34.5464516" lon="136.5859882"><ele>13.032067771356752</ele><time>2026-09-23T22:20:15Z</time></trkpt><trkpt lat="34.5463688" lon="136.5861935"><ele>11.564363492146798</ele><time>2026-09-23T22:20:30Z</time></trkpt><trkpt lat="34.5463047" lon="136.5864061"><ele>9.063235562233345</ele><time>2026-09-23T22:20:45Z</time></trkpt><trkpt lat="34.5461301" lon="136.5862726"><ele>8.329126327002578</ele><time>2026-09-23T22:23:17Z</time></trkpt><trkpt lat="34.5460354" lon="136.5860649"><ele>8.528916258915777</ele><time>2026-09-23T22:23:32Z</time></trkpt><trkpt lat="34.5458942" lon="136.5858682"><ele>9.562523693986662</ele><time>2026-09-23T22:23:49Z</time></trkpt><trkpt lat="34.5457991" lon="136.5856745"><ele>9.76297527969964</ele><time>2026-09-23T22:24:04Z</time></trkpt><trkpt lat="34.5456727" lon="136.5854543"><ele>9.96340710320825</ele><time>2026-09-23T22:24:21Z</time></trkpt><trkpt lat="34.5455578" lon="136.5852353"><ele>9.963900874753639</ele><time>2026-09-23T22:24:36Z</time></trkpt><trkpt lat="34.54545" lon="136.5850377"><ele>10.697718416598311</ele><time>2026-09-23T22:24:49Z</time></trkpt><trkpt lat="34.5453268" lon="136.5848366"><ele>11.731512742979213</ele><time>2026-09-23T22:25:04Z</time></trkpt><trkpt lat="34.5451582" lon="136.5849819"><ele>12.831399610466619</ele><time>2026-09-23T22:25:30Z</time></trkpt><trkpt lat="34.5449995" lon="136.585147"><ele>13.830718000829712</ele><time>2026-09-23T22:25:47Z</time></trkpt><trkpt lat="34.5448634" lon="136.5853016"><ele>14.496189062311723</ele><time>2026-09-23T22:26:03Z</time></trkpt><trkpt lat="34.544706" lon="136.5854479"><ele>14.661672014695881</ele><time>2026-09-23T22:26:29Z</time></trkpt><trkpt lat="34.5445605" lon="136.5856137"><ele>14.793836290754575</ele><time>2026-09-23T22:26:43Z</time></trkpt><trkpt lat="34.5444173" lon="136.5857663"><ele>14.859328530024653</ele><time>2026-09-23T22:26:57Z</time></trkpt><trkpt lat="34.5442763" lon="136.5859329"><ele>15.358145022536645</ele><time>2026-09-23T22:27:11Z</time></trkpt><trkpt lat="34.5441225" lon="136.5861099"><ele>15.156936253978694</ele><time>2026-09-23T22:27:26Z</time></trkpt><trkpt lat="34.5439565" lon="136.5862643"><ele>14.689031743378925</ele><time>2026-09-23T22:27:42Z</time></trkpt><trkpt lat="34.5438069" lon="136.5864255"><ele>13.68779155751816</ele><time>2026-09-23T22:27:56Z</time></trkpt><trkpt lat="34.543649" lon="136.5865991"><ele>12.919884844791964</ele><time>2026-09-23T22:28:13Z</time></trkpt><trkpt lat="34.5434968" lon="136.5867674"><ele>12.085308325812294</ele><time>2026-09-23T22:28:28Z</time></trkpt><trkpt lat="34.5433466" lon="136.5870511"><ele>11.517226371253273</ele><time>2026-09-23T22:29:16Z</time></trkpt><trkpt lat="34.5434425" lon="136.5872545"><ele>11.782733234879542</ele><time>2026-09-23T22:29:30Z</time></trkpt><trkpt lat="34.5435546" lon="136.5874388"><ele>12.415193757173029</ele><time>2026-09-23T22:29:45Z</time></trkpt><trkpt lat="34.5437007" lon="136.5876105"><ele>12.848157877024326</ele><time>2026-09-23T22:30:00Z</time></trkpt><trkpt lat="34.5438143" lon="136.5878307"><ele>12.214452354225484</ele><time>2026-09-23T22:30:18Z</time></trkpt><trkpt lat="34.5438256" lon="136.5880778"><ele>11.41387414969549</ele><time>2026-09-23T22:30:41Z</time></trkpt><trkpt lat="34.5438266" lon="136.5883363"><ele>10.546337862379609</ele><time>2026-09-23T22:30:58Z</time></trkpt><trkpt lat="34.5438139" lon="136.5885553"><ele>9.911988844736287</ele><time>2026-09-23T22:31:12Z</time></trkpt><trkpt lat="34.5438235" lon="136.5887944"><ele>9.244315706838092</ele><time>2026-09-23T22:31:27Z</time></trkpt><trkpt lat="34.5438321" lon="136.5890577"><ele>9.143311388952304</ele><time>2026-09-23T22:31:44Z</time></trkpt><trkpt lat="34.5436466" lon="136.5891177"><ele>9.742327988420604</ele><time>2026-09-23T22:32:48Z</time></trkpt><trkpt lat="34.5434355" lon="136.5891022"><ele>12.041443471534535</ele><time>2026-09-23T22:33:02Z</time></trkpt><trkpt lat="34.5433675" lon="136.5893321"><ele>12.40718304990648</ele><time>2026-09-23T22:34:10Z</time></trkpt><trkpt lat="34.5432954" lon="136.5891171"><ele>10.873440289180229</ele><time>2026-09-23T22:36:01Z</time></trkpt><trkpt lat="34.5433459" lon="136.5890961"><ele>12.473738630785704</ele><time>2026-09-23T22:40:19Z</time></trkpt><trkpt lat="34.5435348" lon="136.5892016"><ele>12.473847973652251</ele><time>2026-09-23T22:40:44Z</time></trkpt><trkpt lat="34.5437311" lon="136.589213"><ele>11.707430826028954</ele><time>2026-09-23T22:41:11Z</time></trkpt><trkpt lat="34.5438348" lon="136.5893972"><ele>11.007579841045242</ele><time>2026-09-23T22:41:32Z</time></trkpt><trkpt lat="34.543827" lon="136.5896424"><ele>10.107303305045063</ele><time>2026-09-23T22:41:49Z</time></trkpt><trkpt lat="34.5437947" lon="136.5898828"><ele>10.806439171691778</ele><time>2026-09-23T22:42:03Z</time></trkpt><trkpt lat="34.5437768" lon="136.5901224"><ele>12.005355407966286</ele><time>2026-09-23T22:42:17Z</time></trkpt><trkpt lat="34.5437122" lon="136.5903556"><ele>13.237555537754872</ele><time>2026-09-23T22:42:34Z</time></trkpt><trkpt lat="34.5436677" lon="136.5905938"><ele>10.603077907888157</ele><time>2026-09-23T22:43:05Z</time></trkpt><trkpt lat="34.5436596" lon="136.5908304"><ele>7.3686159584651465</ele><time>2026-09-23T22:43:17Z</time></trkpt><trkpt lat="34.5436252" lon="136.5910724"><ele>5.167510310106256</ele><time>2026-09-23T22:43:31Z</time></trkpt><trkpt lat="34.5436096" lon="136.59133"><ele>5.733077900658647</ele><time>2026-09-23T22:43:48Z</time></trkpt><trkpt lat="34.5435552" lon="136.5915574"><ele>6.598604440356264</ele><time>2026-09-23T22:44:03Z</time></trkpt><trkpt lat="34.5434533" lon="136.5917406"><ele>5.83080141232215</ele><time>2026-09-23T22:44:29Z</time></trkpt><trkpt lat="34.5433768" lon="136.5919708"><ele>5.9296325419851525</ele><time>2026-09-23T22:44:44Z</time></trkpt><trkpt lat="34.5433222" lon="136.5921814"><ele>6.261820399118467</ele><time>2026-09-23T22:44:58Z</time></trkpt><trkpt lat="34.5432843" lon="136.5924704"><ele>7.160601402631255</ele><time>2026-09-23T22:45:46Z</time></trkpt><trkpt lat="34.5432273" lon="136.5926976"><ele>7.692742748241514</ele><time>2026-09-23T22:45:57Z</time></trkpt><trkpt lat="34.5431674" lon="136.5929088"><ele>7.658210497787796</ele><time>2026-09-23T22:46:11Z</time></trkpt><trkpt lat="34.5431205" lon="136.5931422"><ele>7.923745712150044</ele><time>2026-09-23T22:46:26Z</time></trkpt><trkpt lat="34.5430752" lon="136.5933556"><ele>7.289313946538885</ele><time>2026-09-23T22:46:40Z</time></trkpt><trkpt lat="34.5430132" lon="136.5935799"><ele>6.5215281426960585</ele><time>2026-09-23T22:46:55Z</time></trkpt><trkpt lat="34.5429697" lon="136.5938219"><ele>5.787067660622029</ele><time>2026-09-23T22:47:09Z</time></trkpt><trkpt lat="34.542906" lon="136.594068"><ele>6.419206740632471</ele><time>2026-09-23T22:47:26Z</time></trkpt><trkpt lat="34.5428083" lon="136.5942899"><ele>6.684641108403073</ele><time>2026-09-23T22:47:43Z</time></trkpt><trkpt lat="34.5427214" lon="136.5945174"><ele>6.716712094569753</ele><time>2026-09-23T22:47:57Z</time></trkpt><trkpt lat="34.5425994" lon="136.5947028"><ele>5.91546709121739</ele><time>2026-09-23T22:48:12Z</time></trkpt><trkpt lat="34.5425098" lon="136.5949084"><ele>4.980921123494764</ele><time>2026-09-23T22:48:30Z</time></trkpt><trkpt lat="34.5424338" lon="136.5951425"><ele>4.213045381604251</ele><time>2026-09-23T22:48:46Z</time></trkpt><trkpt lat="34.5423362" lon="136.5953414"><ele>3.678512560136113</ele><time>2026-09-23T22:49:00Z</time></trkpt><trkpt lat="34.5422525" lon="136.5955642"><ele>4.110629311500278</ele><time>2026-09-23T22:49:15Z</time></trkpt><trkpt lat="34.5421683" lon="136.5957882"><ele>4.276084133900912</ele><time>2026-09-23T22:49:29Z</time></trkpt><trkpt lat="34.5420841" lon="136.5959914"><ele>4.37488195371107</ele><time>2026-09-23T22:49:43Z</time></trkpt><trkpt lat="34.5419947" lon="136.596207"><ele>5.007016690372946</ele><time>2026-09-23T22:49:57Z</time></trkpt><trkpt lat="34.5419118" lon="136.596405"><ele>5.605856099464987</ele><time>2026-09-23T22:50:11Z</time></trkpt><trkpt lat="34.5418148" lon="136.5965957"><ele>5.504698265081423</ele><time>2026-09-23T22:50:26Z</time></trkpt><trkpt lat="34.5417375" lon="136.5968009"><ele>4.503569134005261</ele><time>2026-09-23T22:50:40Z</time></trkpt><trkpt lat="34.5416474" lon="136.5970371"><ele>3.8357116727983276</ele><time>2026-09-23T22:50:56Z</time></trkpt><trkpt lat="34.5415738" lon="136.597247"><ele>4.034521274051802</ele><time>2026-09-23T22:51:10Z</time></trkpt><trkpt lat="34.5414786" lon="136.5974933"><ele>4.799919433725289</ele><time>2026-09-23T22:52:11Z</time></trkpt><trkpt lat="34.5414269" lon="136.5977187"><ele>4.89871065584344</ele><time>2026-09-23T22:52:23Z</time></trkpt><trkpt lat="34.5413512" lon="136.5979241"><ele>4.764172512588961</ele><time>2026-09-23T22:52:36Z</time></trkpt><trkpt lat="34.541268" lon="136.5981634"><ele>4.296324853732732</ele><time>2026-09-23T22:52:53Z</time></trkpt><trkpt lat="34.5411981" lon="136.5984061"><ele>4.728432026946443</ele><time>2026-09-23T22:53:10Z</time></trkpt><trkpt lat="34.5411479" lon="136.5986781"><ele>5.227142382893722</ele><time>2026-09-23T22:54:41Z</time></trkpt><trkpt lat="34.5410884" lon="136.5988847"><ele>5.392592671414138</ele><time>2026-09-23T22:55:07Z</time></trkpt><trkpt lat="34.541055" lon="136.5991015"><ele>5.158121502618641</ele><time>2026-09-23T22:55:21Z</time></trkpt><trkpt lat="34.5409902" lon="136.5993475"><ele>4.823669874305392</ele><time>2026-09-23T22:55:35Z</time></trkpt><trkpt lat="34.5409409" lon="136.5995777"><ele>4.855863800702248</ele><time>2026-09-23T22:55:49Z</time></trkpt><trkpt lat="34.5408681" lon="136.599818"><ele>5.154646052388135</ele><time>2026-09-23T22:56:06Z</time></trkpt><trkpt lat="34.5407975" lon="136.6000545"><ele>4.986782167177725</ele><time>2026-09-23T22:56:21Z</time></trkpt><trkpt lat="34.5407048" lon="136.6002448"><ele>4.085638914389517</ele><time>2026-09-23T22:56:35Z</time></trkpt><trkpt lat="34.5406024" lon="136.6004472"><ele>1.784565703419318</ele><time>2026-09-23T22:56:50Z</time></trkpt><trkpt lat="34.5404954" lon="136.6006345"><ele>-0.4497807264017979</ele><time>2026-09-23T22:57:04Z</time></trkpt><trkpt lat="34.5403856" lon="136.6008227"><ele>-1.1841449307787617</ele><time>2026-09-23T22:57:18Z</time></trkpt><trkpt lat="34.5402644" lon="136.6009881"><ele>0.14817770433654687</ele><time>2026-09-23T22:57:35Z</time></trkpt><trkpt lat="34.5401665" lon="136.6011735"><ele>2.313846006601729</ele><time>2026-09-23T22:57:49Z</time></trkpt><trkpt lat="34.5400763" lon="136.601363"><ele>4.512868500546951</ele><time>2026-09-23T22:58:04Z</time></trkpt><trkpt lat="34.5399523" lon="136.60154"><ele>5.978540730772768</ele><time>2026-09-23T22:58:24Z</time></trkpt><trkpt lat="34.539826" lon="136.6017143"><ele>7.177525664608979</ele><time>2026-09-23T22:59:10Z</time></trkpt><trkpt lat="34.5397009" lon="136.6019069"><ele>6.609799441752055</ele><time>2026-09-23T22:59:25Z</time></trkpt><trkpt lat="34.5395565" lon="136.6020502"><ele>6.275421064949351</ele><time>2026-09-23T23:01:07Z</time></trkpt><trkpt lat="34.5394357" lon="136.6022218"><ele>5.707718414862808</ele><time>2026-09-23T23:01:21Z</time></trkpt><trkpt lat="34.5393191" lon="136.6023957"><ele>5.740046677741849</ele><time>2026-09-23T23:01:34Z</time></trkpt><trkpt lat="34.539191" lon="136.6025896"><ele>4.7723353795847485</ele><time>2026-09-23T23:01:49Z</time></trkpt><trkpt lat="34.5390457" lon="136.6027558"><ele>5.271267990782637</ele><time>2026-09-23T23:02:38Z</time></trkpt><trkpt lat="34.5389397" lon="136.6029657"><ele>5.670171144760005</ele><time>2026-09-23T23:02:50Z</time></trkpt><trkpt lat="34.5387884" lon="136.6030947"><ele>6.73578806694902</ele><time>2026-09-23T23:06:13Z</time></trkpt><trkpt lat="34.5386987" lon="136.6032945"><ele>6.568097410400547</ele><time>2026-09-23T23:06:27Z</time></trkpt><trkpt lat="34.5386313" lon="136.6035101"><ele>6.600444834392934</ele><time>2026-09-23T23:06:41Z</time></trkpt><trkpt lat="34.5385744" lon="136.6037682"><ele>6.599420208096691</ele><time>2026-09-23T23:06:56Z</time></trkpt><trkpt lat="34.5385105" lon="136.6040028"><ele>6.6650520151995565</ele><time>2026-09-23T23:07:11Z</time></trkpt><trkpt lat="34.5384483" lon="136.604235"><ele>6.697337172143496</ele><time>2026-09-23T23:07:26Z</time></trkpt><trkpt lat="34.538393" lon="136.6044922"><ele>6.862958281652911</ele><time>2026-09-23T23:07:41Z</time></trkpt><trkpt lat="34.5383393" lon="136.6047074"><ele>6.628613389832755</ele><time>2026-09-23T23:07:55Z</time></trkpt><trkpt lat="34.5382753" lon="136.604927"><ele>6.560947293135935</ele><time>2026-09-23T23:08:10Z</time></trkpt><trkpt lat="34.5381894" lon="136.605136"><ele>6.226633894256691</ele><time>2026-09-23T23:08:24Z</time></trkpt><trkpt lat="34.5380979" lon="136.6053401"><ele>5.925622002670582</ele><time>2026-09-23T23:08:38Z</time></trkpt><trkpt lat="34.5379846" lon="136.6055646"><ele>5.157879599453335</ele><time>2026-09-23T23:08:56Z</time></trkpt><trkpt lat="34.5378869" lon="136.6057711"><ele>4.7567925023763395</ele><time>2026-09-23T23:09:10Z</time></trkpt><trkpt lat="34.5377935" lon="136.6059985"><ele>5.322342571678139</ele><time>2026-09-23T23:09:25Z</time></trkpt><trkpt lat="34.537718" lon="136.6062177"><ele>7.15460942135076</ele><time>2026-09-23T23:09:38Z</time></trkpt><trkpt lat="34.537639" lon="136.6064146"><ele>8.68690896961796</ele><time>2026-09-23T23:09:53Z</time></trkpt><trkpt lat="34.5375511" lon="136.6066521"><ele>9.585869623260502</ele><time>2026-09-23T23:10:08Z</time></trkpt><trkpt lat="34.5374567" lon="136.6068769"><ele>9.084801201338115</ele><time>2026-09-23T23:10:23Z</time></trkpt><trkpt lat="34.5373659" lon="136.607093"><ele>9.150363020285155</ele><time>2026-09-23T23:10:37Z</time></trkpt><trkpt lat="34.5372818" lon="136.6073166"><ele>8.649278303578626</ele><time>2026-09-23T23:10:52Z</time></trkpt><trkpt lat="34.5371908" lon="136.6075472"><ele>8.548190496041032</ele><time>2026-09-23T23:11:07Z</time></trkpt><trkpt lat="34.5370801" lon="136.6077919"><ele>8.013712402617193</ele><time>2026-09-23T23:11:22Z</time></trkpt><trkpt lat="34.5369762" lon="136.6080457"><ele>11.045842251351013</ele><time>2026-09-23T23:13:20Z</time></trkpt><trkpt lat="34.5368886" lon="136.6082668"><ele>12.54465332589887</ele><time>2026-09-23T23:13:34Z</time></trkpt><trkpt lat="34.5368334" lon="136.6084821"><ele>11.510230272393978</ele><time>2026-09-23T23:13:51Z</time></trkpt><trkpt lat="34.5367755" lon="136.6087172"><ele>6.309216236182768</ele><time>2026-09-23T23:14:05Z</time></trkpt><trkpt lat="34.5367065" lon="136.6089577"><ele>4.44153479716406</ele><time>2026-09-23T23:14:20Z</time></trkpt><trkpt lat="34.5366833" lon="136.6092082"><ele>5.473850332429471</ele><time>2026-09-23T23:14:35Z</time></trkpt><trkpt lat="34.5366319" lon="136.6094342"><ele>7.7395171930623405</ele><time>2026-09-23T23:14:54Z</time></trkpt><trkpt lat="34.5366161" lon="136.6096779"><ele>9.37190992906537</ele><time>2026-09-23T23:15:16Z</time></trkpt><trkpt lat="34.5365877" lon="136.609954"><ele>9.970933394578383</ele><time>2026-09-23T23:16:04Z</time></trkpt><trkpt lat="34.5365481" lon="136.6101878"><ele>10.703295003475729</ele><time>2026-09-23T23:16:16Z</time></trkpt><trkpt lat="34.5365198" lon="136.6104087"><ele>10.135668020745944</ele><time>2026-09-23T23:16:30Z</time></trkpt><trkpt lat="34.5364961" lon="136.6106313"><ele>9.53477508031186</ele><time>2026-09-23T23:16:44Z</time></trkpt><trkpt lat="34.536455" lon="136.6108546"><ele>9.133892350693399</ele><time>2026-09-23T23:16:58Z</time></trkpt><trkpt lat="34.536428" lon="136.6110854"><ele>8.466332912373375</ele><time>2026-09-23T23:17:12Z</time></trkpt><trkpt lat="34.5364016" lon="136.6113072"><ele>8.865437726095537</ele><time>2026-09-23T23:17:24Z</time></trkpt><trkpt lat="34.5364161" lon="136.6115431"><ele>9.297927499819062</ele><time>2026-09-23T23:17:39Z</time></trkpt><trkpt lat="34.5363971" lon="136.6117697"><ele>10.097098270128155</ele><time>2026-09-23T23:17:53Z</time></trkpt><trkpt lat="34.5363879" lon="136.6120163"><ele>10.7962608004856</ele><time>2026-09-23T23:18:08Z</time></trkpt><trkpt lat="34.5363774" lon="136.6122365"><ele>10.995411630129786</ele><time>2026-09-23T23:18:22Z</time></trkpt><trkpt lat="34.5363842" lon="136.6124648"><ele>11.027924632019909</ele><time>2026-09-23T23:18:36Z</time></trkpt><trkpt lat="34.5363946" lon="136.6127099"><ele>10.293796147562935</ele><time>2026-09-23T23:18:51Z</time></trkpt><trkpt lat="34.5363843" lon="136.6129344"><ele>8.892996237703805</ele><time>2026-09-23T23:19:05Z</time></trkpt><trkpt lat="34.5364084" lon="136.6131781"><ele>7.592199262409541</ele><time>2026-09-23T23:19:20Z</time></trkpt><trkpt lat="34.5364113" lon="136.6134189"><ele>7.124731643013393</ele><time>2026-09-23T23:19:34Z</time></trkpt><trkpt lat="34.5364124" lon="136.6136593"><ele>8.023925956561785</ele><time>2026-09-23T23:19:51Z</time></trkpt><trkpt lat="34.5364128" lon="136.6138916"><ele>9.789771738629055</ele><time>2026-09-23T23:20:05Z</time></trkpt><trkpt lat="34.5364072" lon="136.6141471"><ele>11.622256956223266</ele><time>2026-09-23T23:20:20Z</time></trkpt><trkpt lat="34.5364457" lon="136.6143651"><ele>11.454813107083517</ele><time>2026-09-23T23:20:34Z</time></trkpt><trkpt lat="34.5364531" lon="136.6145842"><ele>9.954059660592057</ele><time>2026-09-23T23:20:49Z</time></trkpt><trkpt lat="34.5364706" lon="136.6148194"><ele>8.386690897967908</ele><time>2026-09-23T23:21:03Z</time></trkpt><trkpt lat="34.5364938" lon="136.6150592"><ele>8.052611921057784</ele><time>2026-09-23T23:21:25Z</time></trkpt><trkpt lat="34.5365238" lon="136.6153238"><ele>10.151840156250763</ele><time>2026-09-23T23:22:16Z</time></trkpt><trkpt lat="34.5365395" lon="136.6155708"><ele>11.85105265746986</ele><time>2026-09-23T23:22:29Z</time></trkpt><trkpt lat="34.536525" lon="136.6158357"><ele>13.550190679748356</ele><time>2026-09-23T23:22:44Z</time></trkpt><trkpt lat="34.5365653" lon="136.6160816"><ele>13.549363662548645</ele><time>2026-09-23T23:22:59Z</time></trkpt><trkpt lat="34.5365591" lon="136.6163141"><ele>13.548527011260767</ele><time>2026-09-23T23:23:18Z</time></trkpt><trkpt lat="34.536569" lon="136.616542"><ele>13.547762698221455</ele><time>2026-09-23T23:23:29Z</time></trkpt><trkpt lat="34.5367497" lon="136.6165999"><ele>13.547386024793063</ele><time>2026-09-23T23:23:53Z</time></trkpt><trkpt lat="34.5369802" lon="136.6165656"><ele>13.547604605931767</ele><time>2026-09-23T23:24:48Z</time></trkpt><trkpt lat="34.5371969" lon="136.6165329"><ele>13.548375040259529</ele><time>2026-09-23T23:25:03Z</time></trkpt><trkpt lat="34.5374072" lon="136.6164945"><ele>10.049293371358756</ele><time>2026-09-23T23:25:18Z</time></trkpt><trkpt lat="34.5376185" lon="136.6164469"><ele>7.350203664466292</ele><time>2026-09-23T23:25:33Z</time></trkpt><trkpt lat="34.537814" lon="136.6164184"><ele>4.851083312291095</ele><time>2026-09-23T23:25:47Z</time></trkpt><trkpt lat="34.537993" lon="136.6163228"><ele>6.118656778073475</ele><time>2026-09-23T23:26:17Z</time></trkpt><trkpt lat="34.5381984" lon="136.6163345"><ele>5.852821248580931</ele><time>2026-09-23T23:26:31Z</time></trkpt><trkpt lat="34.5384031" lon="136.6163102"><ele>5.420325217628249</ele><time>2026-09-23T23:27:21Z</time></trkpt><trkpt lat="34.5385038" lon="136.6160855"><ele>4.887882858704089</ele><time>2026-09-23T23:27:46Z</time></trkpt><trkpt lat="34.5385456" lon="136.615862"><ele>5.622179959256495</ele><time>2026-09-23T23:28:07Z</time></trkpt><trkpt lat="34.5385673" lon="136.6156292"><ele>5.9898289423987565</ele><time>2026-09-23T23:28:26Z</time></trkpt><trkpt lat="34.53853" lon="136.6154042"><ele>5.423978090851695</ele><time>2026-09-23T23:28:43Z</time></trkpt><trkpt lat="34.5387077" lon="136.6155294"><ele>4.457889859172987</ele><time>2026-09-23T23:30:07Z</time></trkpt><trkpt lat="34.5388484" lon="136.6153783"><ele>3.925184400251941</ele><time>2026-09-23T23:31:45Z</time></trkpt><trkpt lat="34.5387483" lon="136.6155767"><ele>4.525249368616993</ele><time>2026-09-23T23:32:33Z</time></trkpt><trkpt lat="34.538703" lon="136.6158166"><ele>4.958246638061034</ele><time>2026-09-23T23:33:40Z</time></trkpt><trkpt lat="34.5385181" lon="136.6159097"><ele>7.890569082857567</ele><time>2026-09-23T23:34:00Z</time></trkpt><trkpt lat="34.5384813" lon="136.6161617"><ele>10.58957313301206</ele><time>2026-09-23T23:34:16Z</time></trkpt><trkpt lat="34.5384777" lon="136.6163907"><ele>13.321973215307247</ele><time>2026-09-23T23:34:31Z</time></trkpt><trkpt lat="34.5385901" lon="136.6164203"><ele>13.45474233868785</ele><time>2026-09-23T23:44:28Z</time></trkpt><trkpt lat="34.5383949" lon="136.6164402"><ele>13.454353722862304</ele><time>2026-09-23T23:45:18Z</time></trkpt><trkpt lat="34.538207" lon="136.6164596"><ele>13.453974490482386</ele><time>2026-09-23T23:45:33Z</time></trkpt><trkpt lat="34.5379983" lon="136.6164488"><ele>9.75322589856659</ele><time>2026-09-23T23:45:50Z</time></trkpt><trkpt lat="34.5377894" lon="136.6164318"><ele>6.185836565744734</ele><time>2026-09-23T23:46:07Z</time></trkpt><trkpt lat="34.5376123" lon="136.6164849"><ele>3.185088045184569</ele><time>2026-09-23T23:46:21Z</time></trkpt><trkpt lat="34.537419" lon="136.6165316"><ele>3.517624852488924</ele><time>2026-09-23T23:46:38Z</time></trkpt><trkpt lat="34.5372312" lon="136.6165443"><ele>3.3834861933514966</ele><time>2026-09-23T23:46:53Z</time></trkpt><trkpt lat="34.5370392" lon="136.6165919"><ele>2.882669026574947</ele><time>2026-09-23T23:47:08Z</time></trkpt><trkpt lat="34.5368444" lon="136.6165871"><ele>2.5485761138880463</ele><time>2026-09-23T23:47:23Z</time></trkpt><trkpt lat="34.5366427" lon="136.6166239"><ele>2.3477717639925424</ele><time>2026-09-23T23:47:37Z</time></trkpt><trkpt lat="34.5365974" lon="136.6168568"><ele>2.6802637659933573</ele><time>2026-09-23T23:48:00Z</time></trkpt><trkpt lat="34.536635" lon="136.6170996"><ele>3.279417257143971</ele><time>2026-09-23T23:48:14Z</time></trkpt><trkpt lat="34.5366501" lon="136.6173349"><ele>3.378603502004488</ele><time>2026-09-23T23:48:29Z</time></trkpt><trkpt lat="34.5366527" lon="136.6175538"><ele>2.411197312294931</ele><time>2026-09-23T23:48:43Z</time></trkpt><trkpt lat="34.5366497" lon="136.6177763"><ele>1.5770987719637546</ele><time>2026-09-23T23:48:57Z</time></trkpt><trkpt lat="34.5366516" lon="136.6180219"><ele>2.6096389858341644</ele><time>2026-09-23T23:49:14Z</time></trkpt><trkpt lat="34.5366577" lon="136.6182611"><ele>3.1754933063276334</ele><time>2026-09-23T23:49:28Z</time></trkpt><trkpt lat="34.5366889" lon="136.6184905"><ele>3.474714582203125</ele><time>2026-09-23T23:49:45Z</time></trkpt><trkpt lat="34.5367191" lon="136.618744"><ele>3.7739612085995233</ele><time>2026-09-23T23:50:27Z</time></trkpt><trkpt lat="34.5368238" lon="136.6189548"><ele>3.9400275360440227</ele><time>2026-09-23T23:50:56Z</time></trkpt><trkpt lat="34.5370386" lon="136.6189702"><ele>4.573231871802565</ele><time>2026-09-23T23:51:34Z</time></trkpt><trkpt lat="34.5372249" lon="136.6189774"><ele>3.173578041345048</ele><time>2026-09-23T23:52:11Z</time></trkpt><trkpt lat="34.5372616" lon="136.6187594"><ele>3.574337066461356</ele><time>2026-09-23T23:53:44Z</time></trkpt><trkpt lat="34.5371067" lon="136.6189523"><ele>6.374440967368251</ele><time>2026-09-23T23:55:19Z</time></trkpt><trkpt lat="34.5369214" lon="136.6189949"><ele>10.040717916680961</ele><time>2026-09-23T23:55:33Z</time></trkpt><trkpt lat="34.5367553" lon="136.6189062"><ele>12.839931920424497</ele><time>2026-09-23T23:57:10Z</time></trkpt><trkpt lat="34.5366768" lon="136.6191271"><ele>12.839205982473489</ele><time>2026-09-23T23:57:36Z</time></trkpt><trkpt lat="34.536707" lon="136.6193832"><ele>12.83849554063481</ele><time>2026-09-23T23:57:53Z</time></trkpt><trkpt lat="34.5366882" lon="136.6196315"><ele>12.837574642781187</ele><time>2026-09-23T23:58:10Z</time></trkpt><trkpt lat="34.5366957" lon="136.6198535"><ele>12.836757252856273</ele><time>2026-09-23T23:58:22Z</time></trkpt><trkpt lat="34.5366898" lon="136.620076"><ele>8.83593445860163</ele><time>2026-09-23T23:58:36Z</time></trkpt><trkpt lat="34.5366658" lon="136.6203185"><ele>4.201778627436667</ele><time>2026-09-23T23:58:51Z</time></trkpt><trkpt lat="34.5366587" lon="136.6205515"><ele>0.43425887426354376</ele><time>2026-09-23T23:59:09Z</time></trkpt><trkpt lat="34.5366698" lon="136.6207856"><ele>0.5000800567307498</ele><time>2026-09-23T23:59:24Z</time></trkpt><trkpt lat="34.5366378" lon="136.6210288"><ele>1.4992238909732667</ele><time>2026-09-23T23:59:38Z</time></trkpt><trkpt lat="34.5366539" lon="136.621278"><ele>1.4983773792551887</ele><time>2026-09-23T23:59:53Z</time></trkpt><trkpt lat="34.5366472" lon="136.621529"><ele>1.7641561687003058</ele><time>2026-09-24T00:00:07Z</time></trkpt><trkpt lat="34.5366377" lon="136.6217794"><ele>2.263287480647847</ele><time>2026-09-24T00:00:22Z</time></trkpt><trkpt lat="34.5366306" lon="136.6220198"><ele>3.1624005198906815</ele><time>2026-09-24T00:00:37Z</time></trkpt><trkpt lat="34.5366302" lon="136.6222387"><ele>4.161558412332634</ele><time>2026-09-24T00:00:51Z</time></trkpt><trkpt lat="34.5366072" lon="136.6224663"><ele>4.327392719114482</ele><time>2026-09-24T00:01:05Z</time></trkpt><trkpt lat="34.5365713" lon="136.6226804"><ele>3.559888653831185</ele><time>2026-09-24T00:01:19Z</time></trkpt><trkpt lat="34.5365808" lon="136.6229491"><ele>3.2590057638112007</ele><time>2026-09-24T00:01:36Z</time></trkpt><trkpt lat="34.5365414" lon="136.6232025"><ele>1.958072715278566</ele><time>2026-09-24T00:01:53Z</time></trkpt><trkpt lat="34.5365406" lon="136.623467"><ele>1.3237911350216318</ele><time>2026-09-24T00:02:08Z</time></trkpt><trkpt lat="34.5365402" lon="136.6237129"><ele>-0.24380960568316348</ele><time>2026-09-24T00:02:23Z</time></trkpt><trkpt lat="34.5365549" lon="136.6239391"><ele>0.2553544623832262</ele><time>2026-09-24T00:03:03Z</time></trkpt><trkpt lat="34.5365216" lon="136.6241738"><ele>1.0211795515578312</ele><time>2026-09-24T00:03:14Z</time></trkpt><trkpt lat="34.5365095" lon="136.6244077"><ele>2.1203373864696027</ele><time>2026-09-24T00:03:28Z</time></trkpt><trkpt lat="34.5366796" lon="136.6245134"><ele>1.9864935187870902</ele><time>2026-09-24T00:03:58Z</time></trkpt><trkpt lat="34.5364979" lon="136.6245294"><ele>1.5527192593285264</ele><time>2026-09-24T00:05:46Z</time></trkpt><trkpt lat="34.5364701" lon="136.6247503"><ele>0.9856072600785287</ele><time>2026-09-24T00:06:08Z</time></trkpt><trkpt lat="34.5364379" lon="136.6249841"><ele>0.3180967701047284</ele><time>2026-09-24T00:06:22Z</time></trkpt><trkpt lat="34.5363768" lon="136.6252378"><ele>-0.7494465217871635</ele><time>2026-09-24T00:06:39Z</time></trkpt><trkpt lat="34.5362536" lon="136.6254387"><ele>-1.3170061151561991</ele><time>2026-09-24T00:06:55Z</time></trkpt><trkpt lat="34.5360695" lon="136.6255367"><ele>-0.6178917962444856</ele><time>2026-09-24T00:07:12Z</time></trkpt><trkpt lat="34.5358776" lon="136.6254645"><ele>1.1146492573606395</ele><time>2026-09-24T00:07:26Z</time></trkpt><trkpt lat="34.5360655" lon="136.6254882"><ele>2.3143781673626314</ele><time>2026-09-24T00:08:45Z</time></trkpt><trkpt lat="34.5361356" lon="136.6257153"><ele>3.114323335021138</ele><time>2026-09-24T00:09:06Z</time></trkpt><trkpt lat="34.5360417" lon="136.6259108"><ele>3.6141847879076963</ele><time>2026-09-24T00:09:25Z</time></trkpt><trkpt lat="34.5359607" lon="136.6261329"><ele>6.142643073603477</ele><time>2026-09-24T00:09:43Z</time></trkpt><trkpt lat="34.5358877" lon="136.626375"><ele>8.371188390875956</ele><time>2026-09-24T00:10:00Z</time></trkpt><trkpt lat="34.5358254" lon="136.6266034"><ele>10.3</ele><time>2026-09-24T00:10:15Z</time></trkpt><trkpt lat="34.5357563" lon="136.6268156"><ele>10.3</ele><time>2026-09-24T00:10:29Z</time></trkpt><trkpt lat="34.5357019" lon="136.6270267"><ele>10.3</ele><time>2026-09-24T00:10:43Z</time></trkpt><trkpt lat="34.535649" lon="136.6272592"><ele>10.266666666666667</ele><time>2026-09-24T00:10:57Z</time></trkpt><trkpt lat="34.5355937" lon="136.6274718"><ele>10.233333333333334</ele><time>2026-09-24T00:11:11Z</time></trkpt><trkpt lat="34.5355308" lon="136.6276906"><ele>10.186666666666667</ele><time>2026-09-24T00:11:25Z</time></trkpt><trkpt lat="34.5354705" lon="136.6279131"><ele>10.153333333333334</ele><time>2026-09-24T00:11:39Z</time></trkpt><trkpt lat="34.535452" lon="136.6281321"><ele>10.103333333333333</ele><time>2026-09-24T00:12:20Z</time></trkpt><trkpt lat="34.5353722" lon="136.6283304"><ele>10.053333333333333</ele><time>2026-09-24T00:12:31Z</time></trkpt><trkpt lat="34.5352783" lon="136.6285669"><ele>10.020000000000001</ele><time>2026-09-24T00:12:49Z</time></trkpt><trkpt lat="34.5351741" lon="136.6287509"><ele>10.036666666666667</ele><time>2026-09-24T00:13:03Z</time></trkpt><trkpt lat="34.5350698" lon="136.6289643"><ele>10.066666666666668</ele><time>2026-09-24T00:13:17Z</time></trkpt><trkpt lat="34.5349347" lon="136.629124"><ele>10.066666666666666</ele><time>2026-09-24T00:13:39Z</time></trkpt><trkpt lat="34.5347903" lon="136.6293279"><ele>10.033333333333333</ele><time>2026-09-24T00:13:52Z</time></trkpt><trkpt lat="34.534612" lon="136.6292645"><ele>10.0</ele><time>2026-09-24T00:14:07Z</time></trkpt><trkpt lat="34.5346774" lon="136.6292142"><ele>10.0</ele><time>2026-09-24T00:27:40Z</time></trkpt><trkpt lat="34.5348174" lon="136.629365"><ele>10.0</ele><time>2026-09-24T00:27:58Z</time></trkpt><trkpt lat="34.5347011" lon="136.629587"><ele>9.966666666666667</ele><time>2026-09-24T00:28:16Z</time></trkpt><trkpt lat="34.5345929" lon="136.629768"><ele>9.909999999999998</ele><time>2026-09-24T00:28:31Z</time></trkpt><trkpt lat="34.5344968" lon="136.6299784"><ele>9.770000000000001</ele><time>2026-09-24T00:28:45Z</time></trkpt><trkpt lat="34.5344016" lon="136.6301772"><ele>9.59</ele><time>2026-09-24T00:29:00Z</time></trkpt><trkpt lat="34.5343343" lon="136.630393"><ele>9.406666666666666</ele><time>2026-09-24T00:29:16Z</time></trkpt><trkpt lat="34.5342109" lon="136.6306091"><ele>9.386666666666667</ele><time>2026-09-24T00:29:34Z</time></trkpt><trkpt lat="34.5341796" lon="136.6308445"><ele>9.623333333333333</ele><time>2026-09-24T00:29:49Z</time></trkpt><trkpt lat="34.5341851" lon="136.6310665"><ele>9.896666666666667</ele><time>2026-09-24T00:30:33Z</time></trkpt><trkpt lat="34.5342169" lon="136.6313058"><ele>10.090000000000002</ele><time>2026-09-24T00:30:46Z</time></trkpt><trkpt lat="34.534233" lon="136.6315568"><ele>10.1</ele><time>2026-09-24T00:31:00Z</time></trkpt><trkpt lat="34.5342094" lon="136.6317774"><ele>10.1</ele><time>2026-09-24T00:31:12Z</time></trkpt><trkpt lat="34.5341463" lon="136.6320294"><ele>10.1</ele><time>2026-09-24T00:31:27Z</time></trkpt><trkpt lat="34.5340943" lon="136.6322496"><ele>10.1</ele><time>2026-09-24T00:31:39Z</time></trkpt><trkpt lat="34.5340189" lon="136.6324815"><ele>10.083333333333334</ele><time>2026-09-24T00:31:54Z</time></trkpt><trkpt lat="34.5339457" lon="136.6326817"><ele>10.049999999999999</ele><time>2026-09-24T00:32:06Z</time></trkpt><trkpt lat="34.5338634" lon="136.6329232"><ele>10.016666666666667</ele><time>2026-09-24T00:32:24Z</time></trkpt><trkpt lat="34.5338155" lon="136.6331712"><ele>10.0</ele><time>2026-09-24T00:32:39Z</time></trkpt><trkpt lat="34.5337312" lon="136.6333963"><ele>10.0</ele><time>2026-09-24T00:32:53Z</time></trkpt><trkpt lat="34.5336924" lon="136.6336254"><ele>10.033333333333333</ele><time>2026-09-24T00:33:07Z</time></trkpt><trkpt lat="34.5338641" lon="136.6337006"><ele>10.066666666666668</ele><time>2026-09-24T00:34:14Z</time></trkpt><trkpt lat="34.5340671" lon="136.6336777"><ele>10.08</ele><time>2026-09-24T00:36:23Z</time></trkpt><trkpt lat="34.5342318" lon="136.6338258"><ele>10.08</ele><time>2026-09-24T00:36:53Z</time></trkpt><trkpt lat="34.5342495" lon="136.6340438"><ele>10.046666666666667</ele><time>2026-09-24T00:37:46Z</time></trkpt><trkpt lat="34.5342637" lon="136.6338206"><ele>10.066666666666668</ele><time>2026-09-24T00:38:04Z</time></trkpt><trkpt lat="34.5341549" lon="136.6336292"><ele>10.046666666666667</ele><time>2026-09-24T00:38:23Z</time></trkpt><trkpt lat="34.5339603" lon="136.6335993"><ele>10.066666666666668</ele><time>2026-09-24T00:38:44Z</time></trkpt><trkpt lat="34.5337527" lon="136.6336716"><ele>10.066666666666668</ele><time>2026-09-24T00:39:08Z</time></trkpt><trkpt lat="34.5335879" lon="136.6338048"><ele>10.086666666666666</ele><time>2026-09-24T00:39:28Z</time></trkpt><trkpt lat="34.5335208" lon="136.6340236"><ele>10.066666666666666</ele><time>2026-09-24T00:39:42Z</time></trkpt><trkpt lat="34.5335043" lon="136.6342437"><ele>10.033333333333333</ele><time>2026-09-24T00:39:57Z</time></trkpt><trkpt lat="34.5334107" lon="136.6344465"><ele>10.0</ele><time>2026-09-24T00:40:12Z</time></trkpt><trkpt lat="34.5333975" lon="136.6346782"><ele>10.0</ele><time>2026-09-24T00:40:26Z</time></trkpt><trkpt lat="34.5333472" lon="136.6349036"><ele>10.0</ele><time>2026-09-24T00:40:40Z</time></trkpt><trkpt lat="34.5332915" lon="136.6351194"><ele>10.0</ele><time>2026-09-24T00:40:55Z</time></trkpt><trkpt lat="34.5331811" lon="136.6353054"><ele>10.0</ele><time>2026-09-24T00:41:10Z</time></trkpt><trkpt lat="34.5330999" lon="136.6355251"><ele>10.0</ele><time>2026-09-24T00:41:24Z</time></trkpt><trkpt lat="34.5330361" lon="136.6357806"><ele>10.0</ele><time>2026-09-24T00:41:39Z</time></trkpt><trkpt lat="34.5329406" lon="136.6359994"><ele>10.0</ele><time>2026-09-24T00:41:55Z</time></trkpt><trkpt lat="34.5328331" lon="136.6362003"><ele>10.0</ele><time>2026-09-24T00:42:09Z</time></trkpt><trkpt lat="34.5327362" lon="136.6363855"><ele>10.0</ele><time>2026-09-24T00:42:24Z</time></trkpt><trkpt lat="34.5326394" lon="136.6365909"><ele>10.0</ele><time>2026-09-24T00:42:39Z</time></trkpt><trkpt lat="34.5325125" lon="136.6367655"><ele>10.0</ele><time>2026-09-24T00:42:54Z</time></trkpt><trkpt lat="34.5323851" lon="136.6369349"><ele>10.0</ele><time>2026-09-24T00:43:10Z</time></trkpt><trkpt lat="34.5322514" lon="136.6371081"><ele>9.903333333333334</ele><time>2026-09-24T00:43:25Z</time></trkpt><trkpt lat="34.5321141" lon="136.6372583"><ele>9.590000000000002</ele><time>2026-09-24T00:43:40Z</time></trkpt><trkpt lat="34.5319972" lon="136.6374258"><ele>9.07</ele><time>2026-09-24T00:43:57Z</time></trkpt><trkpt lat="34.5318235" lon="136.6375427"><ele>8.553333333333333</ele><time>2026-09-24T00:44:12Z</time></trkpt><trkpt lat="34.5316467" lon="136.6376952"><ele>8.646666666666667</ele><time>2026-09-24T00:44:30Z</time></trkpt><trkpt lat="34.5314434" lon="136.637787"><ele>9.176666666666668</ele><time>2026-09-24T00:44:46Z</time></trkpt><trkpt lat="34.5312" lon="136.6377243"><ele>9.819999999999999</ele><time>2026-09-24T00:45:33Z</time></trkpt><trkpt lat="34.5310434" lon="136.6378339"><ele>10.116666666666665</ele><time>2026-09-24T00:45:47Z</time></trkpt><trkpt lat="34.5308533" lon="136.6379328"><ele>10.236666666666666</ele><time>2026-09-24T00:46:01Z</time></trkpt><trkpt lat="34.5306718" lon="136.6380258"><ele>10.4</ele><time>2026-09-24T00:46:15Z</time></trkpt><trkpt lat="34.5305174" lon="136.6381456"><ele>10.556666666666667</ele><time>2026-09-24T00:46:29Z</time></trkpt><trkpt lat="34.5303708" lon="136.6383349"><ele>10.656666666666666</ele><time>2026-09-24T00:46:46Z</time></trkpt><trkpt lat="34.530203" lon="136.6384714"><ele>10.663333333333334</ele><time>2026-09-24T00:47:01Z</time></trkpt><trkpt lat="34.5300186" lon="136.6385955"><ele>10.59</ele><time>2026-09-24T00:47:18Z</time></trkpt><trkpt lat="34.5298903" lon="136.6387677"><ele>10.493333333333332</ele><time>2026-09-24T00:47:32Z</time></trkpt><trkpt lat="34.5297503" lon="136.6389337"><ele>10.443333333333335</ele><time>2026-09-24T00:47:47Z</time></trkpt><trkpt lat="34.5296288" lon="136.6391025"><ele>10.403333333333334</ele><time>2026-09-24T00:48:01Z</time></trkpt><trkpt lat="34.529473" lon="136.6392526"><ele>10.38</ele><time>2026-09-24T00:48:17Z</time></trkpt><trkpt lat="34.5293495" lon="136.6394187"><ele>10.336666666666666</ele><time>2026-09-24T00:48:31Z</time></trkpt><trkpt lat="34.5292088" lon="136.6396034"><ele>10.366666666666667</ele><time>2026-09-24T00:48:48Z</time></trkpt><trkpt lat="34.5290623" lon="136.6397323"><ele>10.483333333333334</ele><time>2026-09-24T00:49:06Z</time></trkpt><trkpt lat="34.5289136" lon="136.6396065"><ele>10.610000000000001</ele><time>2026-09-24T00:49:35Z</time></trkpt><trkpt lat="34.5287285" lon="136.6394474"><ele>10.76</ele><time>2026-09-24T00:50:02Z</time></trkpt><trkpt lat="34.528599" lon="136.6392953"><ele>10.873333333333335</ele><time>2026-09-24T00:50:19Z</time></trkpt><trkpt lat="34.5287718" lon="136.639419"><ele>10.916666666666666</ele><time>2026-09-24T00:52:35Z</time></trkpt><trkpt lat="34.5287547" lon="136.6396368"><ele>10.933333333333335</ele><time>2026-09-24T00:53:15Z</time></trkpt><trkpt lat="34.5289423" lon="136.6395944"><ele>10.826666666666668</ele><time>2026-09-24T00:53:59Z</time></trkpt><trkpt lat="34.5290719" lon="136.6397633"><ele>10.776666666666666</ele><time>2026-09-24T00:54:14Z</time></trkpt><trkpt lat="34.5289583" lon="136.6399358"><ele>10.726666666666668</ele><time>2026-09-24T00:55:05Z</time></trkpt><trkpt lat="34.5288296" lon="136.640112"><ele>10.803333333333333</ele><time>2026-09-24T00:55:20Z</time></trkpt><trkpt lat="34.5286932" lon="136.640302"><ele>10.88</ele><time>2026-09-24T00:56:20Z</time></trkpt><trkpt lat="34.5285721" lon="136.6405015"><ele>10.993333333333334</ele><time>2026-09-24T00:56:34Z</time></trkpt><trkpt lat="34.5284438" lon="136.6406871"><ele>11.146666666666667</ele><time>2026-09-24T00:56:48Z</time></trkpt><trkpt lat="34.5282915" lon="136.6408381"><ele>11.37</ele><time>2026-09-24T00:57:07Z</time></trkpt><trkpt lat="34.5281739" lon="136.6410516"><ele>11.586666666666666</ele><time>2026-09-24T00:57:24Z</time></trkpt><trkpt lat="34.5280226" lon="136.6411894"><ele>11.780000000000001</ele><time>2026-09-24T00:57:37Z</time></trkpt><trkpt lat="34.5278955" lon="136.6413502"><ele>11.973333333333334</ele><time>2026-09-24T00:57:52Z</time></trkpt><trkpt lat="34.5278093" lon="136.6415577"><ele>12.146666666666668</ele><time>2026-09-24T00:58:06Z</time></trkpt><trkpt lat="34.5277323" lon="136.6417672"><ele>12.32</ele><time>2026-09-24T00:58:20Z</time></trkpt><trkpt lat="34.5276551" lon="136.6420114"><ele>12.46</ele><time>2026-09-24T00:58:37Z</time></trkpt><trkpt lat="34.5276349" lon="136.642247"><ele>12.540000000000001</ele><time>2026-09-24T00:58:54Z</time></trkpt><trkpt lat="34.5275514" lon="136.6424588"><ele>12.57</ele><time>2026-09-24T00:59:13Z</time></trkpt><trkpt lat="34.5274823" lon="136.6426614"><ele>12.566666666666668</ele><time>2026-09-24T00:59:29Z</time></trkpt><trkpt lat="34.5273929" lon="136.64286"><ele>12.583333333333334</ele><time>2026-09-24T00:59:46Z</time></trkpt><trkpt lat="34.5273586" lon="136.6430859"><ele>12.556666666666667</ele><time>2026-09-24T01:00:01Z</time></trkpt><trkpt lat="34.5272902" lon="136.6432883"><ele>12.556666666666667</ele><time>2026-09-24T01:00:15Z</time></trkpt><trkpt lat="34.5272454" lon="136.6435153"><ele>12.533333333333333</ele><time>2026-09-24T01:00:29Z</time></trkpt><trkpt lat="34.5271863" lon="136.6437564"><ele>12.566666666666668</ele><time>2026-09-24T01:00:43Z</time></trkpt><trkpt lat="34.5271367" lon="136.643994"><ele>12.57</ele><time>2026-09-24T01:00:58Z</time></trkpt><trkpt lat="34.5270706" lon="136.6442054"><ele>12.58</ele><time>2026-09-24T01:01:15Z</time></trkpt><trkpt lat="34.5270114" lon="136.6444738"><ele>12.563333333333333</ele><time>2026-09-24T01:01:48Z</time></trkpt><trkpt lat="34.527022" lon="136.644702"><ele>12.533333333333333</ele><time>2026-09-24T01:02:02Z</time></trkpt><trkpt lat="34.5269943" lon="136.644952"><ele>12.433333333333332</ele><time>2026-09-24T01:02:30Z</time></trkpt><trkpt lat="34.5269886" lon="136.6451746"><ele>12.286666666666667</ele><time>2026-09-24T01:02:42Z</time></trkpt><trkpt lat="34.5269545" lon="136.6454076"><ele>12.079999999999998</ele><time>2026-09-24T01:02:56Z</time></trkpt><trkpt lat="34.5269263" lon="136.6456325"><ele>11.873333333333335</ele><time>2026-09-24T01:03:10Z</time></trkpt><trkpt lat="34.5268798" lon="136.6458648"><ele>11.633333333333335</ele><time>2026-09-24T01:03:24Z</time></trkpt><trkpt lat="34.5268382" lon="136.6461214"><ele>11.396666666666667</ele><time>2026-09-24T01:03:40Z</time></trkpt><trkpt lat="34.5268209" lon="136.6463474"><ele>11.156666666666666</ele><time>2026-09-24T01:03:56Z</time></trkpt><trkpt lat="34.5267924" lon="136.6465843"><ele>10.896666666666667</ele><time>2026-09-24T01:04:09Z</time></trkpt><trkpt lat="34.5267505" lon="136.646837"><ele>10.656666666666666</ele><time>2026-09-24T01:04:26Z</time></trkpt><trkpt lat="34.5266833" lon="136.6470698"><ele>10.433333333333332</ele><time>2026-09-24T01:04:43Z</time></trkpt><trkpt lat="34.5266397" lon="136.6472919"><ele>10.263333333333334</ele><time>2026-09-24T01:04:56Z</time></trkpt><trkpt lat="34.5266088" lon="136.6475145"><ele>10.123333333333333</ele><time>2026-09-24T01:05:10Z</time></trkpt><trkpt lat="34.5265793" lon="136.6477322"><ele>10.04</ele><time>2026-09-24T01:05:32Z</time></trkpt><trkpt lat="34.526517" lon="136.6479893"><ele>9.996666666666668</ele><time>2026-09-24T01:05:49Z</time></trkpt><trkpt lat="34.5264622" lon="136.6481999"><ele>10.0</ele><time>2026-09-24T01:06:03Z</time></trkpt><trkpt lat="34.5263813" lon="136.6484279"><ele>10.033333333333333</ele><time>2026-09-24T01:06:19Z</time></trkpt><trkpt lat="34.5262943" lon="136.6486629"><ele>10.063333333333333</ele><time>2026-09-24T01:06:36Z</time></trkpt><trkpt lat="34.5262101" lon="136.6488748"><ele>10.083333333333334</ele><time>2026-09-24T01:06:53Z</time></trkpt><trkpt lat="34.5261615" lon="136.6490977"><ele>10.049999999999999</ele><time>2026-09-24T01:07:07Z</time></trkpt><trkpt lat="34.5261183" lon="136.6493186"><ele>10.03</ele><time>2026-09-24T01:07:21Z</time></trkpt><trkpt lat="34.5260742" lon="136.64954"><ele>10.013333333333334</ele><time>2026-09-24T01:07:35Z</time></trkpt><trkpt lat="34.5260457" lon="136.6497633"><ele>10.023333333333333</ele><time>2026-09-24T01:07:49Z</time></trkpt><trkpt lat="34.525997" lon="136.650007"><ele>10.049999999999999</ele><time>2026-09-24T01:08:05Z</time></trkpt><trkpt lat="34.5259771" lon="136.6502465"><ele>10.063333333333333</ele><time>2026-09-24T01:08:20Z</time></trkpt><trkpt lat="34.5259403" lon="136.6504688"><ele>10.053333333333333</ele><time>2026-09-24T01:08:34Z</time></trkpt><trkpt lat="34.5259069" lon="136.6507042"><ele>10.026666666666666</ele><time>2026-09-24T01:08:49Z</time></trkpt><trkpt lat="34.5258868" lon="136.6509311"><ele>10.0</ele><time>2026-09-24T01:09:02Z</time></trkpt><trkpt lat="34.5258528" lon="136.6511455"><ele>10.0</ele><time>2026-09-24T01:09:16Z</time></trkpt><trkpt lat="34.5258158" lon="136.6513817"><ele>10.0</ele><time>2026-09-24T01:09:33Z</time></trkpt><trkpt lat="34.5258043" lon="136.6516024"><ele>10.0</ele><time>2026-09-24T01:09:47Z</time></trkpt><trkpt lat="34.5257899" lon="136.651825"><ele>9.96</ele><time>2026-09-24T01:10:01Z</time></trkpt><trkpt lat="34.5257564" lon="136.6520698"><ele>9.893333333333334</ele><time>2026-09-24T01:10:17Z</time></trkpt><trkpt lat="34.5257392" lon="136.6522931"><ele>9.816666666666666</ele><time>2026-09-24T01:10:31Z</time></trkpt><trkpt lat="34.5256794" lon="136.6525368"><ele>9.766666666666667</ele><time>2026-09-24T01:10:48Z</time></trkpt><trkpt lat="34.5256092" lon="136.6527815"><ele>9.743333333333334</ele><time>2026-09-24T01:11:05Z</time></trkpt><trkpt lat="34.5255595" lon="136.6530371"><ele>9.72</ele><time>2026-09-24T01:11:20Z</time></trkpt><trkpt lat="34.5255119" lon="136.6532664"><ele>9.703333333333333</ele><time>2026-09-24T01:11:34Z</time></trkpt><trkpt lat="34.5254509" lon="136.6534739"><ele>9.660000000000002</ele><time>2026-09-24T01:11:49Z</time></trkpt><trkpt lat="34.5253888" lon="136.6536918"><ele>9.626666666666667</ele><time>2026-09-24T01:12:03Z</time></trkpt><trkpt lat="34.5253374" lon="136.6539117"><ele>9.6</ele><time>2026-09-24T01:12:17Z</time></trkpt><trkpt lat="34.5253028" lon="136.6541793"><ele>9.6</ele><time>2026-09-24T01:13:02Z</time></trkpt><trkpt lat="34.5252271" lon="136.6544231"><ele>9.596666666666666</ele><time>2026-09-24T01:13:16Z</time></trkpt><trkpt lat="34.525158" lon="136.6546305"><ele>9.566666666666665</ele><time>2026-09-24T01:13:30Z</time></trkpt><trkpt lat="34.5250909" lon="136.6548432"><ele>9.533333333333333</ele><time>2026-09-24T01:13:44Z</time></trkpt><trkpt lat="34.5250035" lon="136.6550562"><ele>9.503333333333332</ele><time>2026-09-24T01:13:58Z</time></trkpt><trkpt lat="34.5249354" lon="136.6552631"><ele>9.466666666666667</ele><time>2026-09-24T01:14:12Z</time></trkpt><trkpt lat="34.5248538" lon="136.6554729"><ele>9.413333333333332</ele><time>2026-09-24T01:14:26Z</time></trkpt><trkpt lat="34.5247727" lon="136.6556705"><ele>9.346666666666668</ele><time>2026-09-24T01:14:40Z</time></trkpt><trkpt lat="34.5247064" lon="136.6558789"><ele>9.32</ele><time>2026-09-24T01:14:54Z</time></trkpt><trkpt lat="34.5246363" lon="136.6561236"><ele>9.336666666666668</ele><time>2026-09-24T01:15:10Z</time></trkpt><trkpt lat="34.5245919" lon="136.6563372"><ele>9.336666666666668</ele><time>2026-09-24T01:15:24Z</time></trkpt><trkpt lat="34.5245596" lon="136.656587"><ele>9.32</ele><time>2026-09-24T01:15:42Z</time></trkpt><trkpt lat="34.5245117" lon="136.6568346"><ele>9.290000000000001</ele><time>2026-09-24T01:16:23Z</time></trkpt><trkpt lat="34.5244724" lon="136.6570732"><ele>9.28</ele><time>2026-09-24T01:16:37Z</time></trkpt><trkpt lat="34.5244292" lon="136.6572892"><ele>9.26</ele><time>2026-09-24T01:16:51Z</time></trkpt><trkpt lat="34.5243748" lon="136.6574976"><ele>9.226666666666667</ele><time>2026-09-24T01:17:05Z</time></trkpt><trkpt lat="34.5243053" lon="136.6577285"><ele>9.203333333333335</ele><time>2026-09-24T01:17:22Z</time></trkpt><trkpt lat="34.5242391" lon="136.6579471"><ele>9.203333333333335</ele><time>2026-09-24T01:17:39Z</time></trkpt><trkpt lat="34.524129" lon="136.658167"><ele>9.273333333333335</ele><time>2026-09-24T01:17:55Z</time></trkpt><trkpt lat="34.5240329" lon="136.6583565"><ele>9.373333333333333</ele><time>2026-09-24T01:18:09Z</time></trkpt><trkpt lat="34.523931" lon="136.6585393"><ele>9.476666666666667</ele><time>2026-09-24T01:18:23Z</time></trkpt><trkpt lat="34.5238389" lon="136.6587294"><ele>9.536666666666667</ele><time>2026-09-24T01:18:37Z</time></trkpt><trkpt lat="34.5237594" lon="136.6589333"><ele>9.543333333333333</ele><time>2026-09-24T01:18:51Z</time></trkpt><trkpt lat="34.5236198" lon="136.6591309"><ele>9.54</ele><time>2026-09-24T01:19:54Z</time></trkpt><trkpt lat="34.5236142" lon="136.6593663"><ele>9.503333333333334</ele><time>2026-09-24T01:20:05Z</time></trkpt><trkpt lat="34.5234685" lon="136.6595765"><ele>9.496666666666668</ele><time>2026-09-24T01:20:36Z</time></trkpt><trkpt lat="34.5233895" lon="136.659796"><ele>9.516666666666667</ele><time>2026-09-24T01:20:48Z</time></trkpt><trkpt lat="34.52328" lon="136.6600201"><ele>9.590000000000002</ele><time>2026-09-24T01:21:02Z</time></trkpt><trkpt lat="34.5231853" lon="136.6602324"><ele>9.690000000000001</ele><time>2026-09-24T01:21:16Z</time></trkpt><trkpt lat="34.5230861" lon="136.6604153"><ele>9.799999999999999</ele><time>2026-09-24T01:21:30Z</time></trkpt><trkpt lat="34.522988" lon="136.6606024"><ele>9.883333333333335</ele><time>2026-09-24T01:21:44Z</time></trkpt><trkpt lat="34.5228831" lon="136.660783"><ele>9.993333333333334</ele><time>2026-09-24T01:21:58Z</time></trkpt><trkpt lat="34.5227831" lon="136.6609706"><ele>10.166666666666666</ele><time>2026-09-24T01:22:11Z</time></trkpt><trkpt lat="34.5226602" lon="136.6611606"><ele>10.453333333333333</ele><time>2026-09-24T01:22:26Z</time></trkpt><trkpt lat="34.5225558" lon="136.6613443"><ele>10.776666666666666</ele><time>2026-09-24T01:22:40Z</time></trkpt><trkpt lat="34.5224205" lon="136.6615472"><ele>11.12</ele><time>2026-09-24T01:22:57Z</time></trkpt><trkpt lat="34.5223041" lon="136.6617183"><ele>11.406666666666666</ele><time>2026-09-24T01:23:11Z</time></trkpt><trkpt lat="34.5221937" lon="136.6619208"><ele>11.613333333333335</ele><time>2026-09-24T01:23:33Z</time></trkpt><trkpt lat="34.5220889" lon="136.6621068"><ele>11.723333333333334</ele><time>2026-09-24T01:23:47Z</time></trkpt><trkpt lat="34.5219654" lon="136.6623129"><ele>11.603333333333333</ele><time>2026-09-24T01:24:04Z</time></trkpt><trkpt lat="34.5218418" lon="136.6625104"><ele>11.353333333333333</ele><time>2026-09-24T01:24:21Z</time></trkpt><trkpt lat="34.5217412" lon="136.6627012"><ele>10.96</ele><time>2026-09-24T01:24:35Z</time></trkpt><trkpt lat="34.5216412" lon="136.6628969"><ele>10.64</ele><time>2026-09-24T01:24:49Z</time></trkpt><trkpt lat="34.5215341" lon="136.6630778"><ele>10.283333333333333</ele><time>2026-09-24T01:25:03Z</time></trkpt><trkpt lat="34.5214222" lon="136.6632533"><ele>10.049999999999999</ele><time>2026-09-24T01:25:17Z</time></trkpt><trkpt lat="34.521313" lon="136.6634542"><ele>9.87</ele><time>2026-09-24T01:25:31Z</time></trkpt><trkpt lat="34.5211816" lon="136.6636477"><ele>9.836666666666668</ele><time>2026-09-24T01:25:48Z</time></trkpt><trkpt lat="34.5210718" lon="136.6638441"><ele>9.770000000000001</ele><time>2026-09-24T01:26:05Z</time></trkpt><trkpt lat="34.5209261" lon="136.6640212"><ele>9.733333333333334</ele><time>2026-09-24T01:28:00Z</time></trkpt><trkpt lat="34.5207976" lon="136.6642286"><ele>9.706666666666669</ele><time>2026-09-24T01:28:17Z</time></trkpt><trkpt lat="34.520675" lon="136.6644412"><ele>9.74</ele><time>2026-09-24T01:28:34Z</time></trkpt><trkpt lat="34.5205719" lon="136.6646262"><ele>9.773333333333335</ele><time>2026-09-24T01:28:48Z</time></trkpt><trkpt lat="34.5204556" lon="136.6648453"><ele>9.813333333333334</ele><time>2026-09-24T01:29:05Z</time></trkpt><trkpt lat="34.520352" lon="136.6650251"><ele>9.833333333333334</ele><time>2026-09-24T01:29:19Z</time></trkpt><trkpt lat="34.5202635" lon="136.6652263"><ele>9.866666666666667</ele><time>2026-09-24T01:29:36Z</time></trkpt><trkpt lat="34.5200927" lon="136.6653935"><ele>9.886666666666665</ele><time>2026-09-24T01:29:57Z</time></trkpt><trkpt lat="34.5199107" lon="136.6654856"><ele>9.950000000000001</ele><time>2026-09-24T01:30:13Z</time></trkpt><trkpt lat="34.5197382" lon="136.6655645"><ele>10.07</ele><time>2026-09-24T01:30:28Z</time></trkpt><trkpt lat="34.5196604" lon="136.6657972"><ele>10.230000000000002</ele><time>2026-09-24T01:30:57Z</time></trkpt><trkpt lat="34.519637" lon="136.6660361"><ele>10.383333333333333</ele><time>2026-09-24T01:31:15Z</time></trkpt><trkpt lat="34.5195972" lon="136.6662648"><ele>10.466666666666667</ele><time>2026-09-24T01:31:33Z</time></trkpt><trkpt lat="34.5195674" lon="136.6664843"><ele>10.53</ele><time>2026-09-24T01:31:47Z</time></trkpt><trkpt lat="34.5195533" lon="136.666717"><ele>10.53</ele><time>2026-09-24T01:32:01Z</time></trkpt><trkpt lat="34.5195302" lon="136.666982"><ele>10.49</ele><time>2026-09-24T01:32:19Z</time></trkpt><trkpt lat="34.5193674" lon="136.6670795"><ele>10.403333333333334</ele><time>2026-09-24T01:32:37Z</time></trkpt><trkpt lat="34.5191869" lon="136.6670707"><ele>10.370000000000001</ele><time>2026-09-24T01:32:57Z</time></trkpt><trkpt lat="34.5189902" lon="136.6670755"><ele>10.376666666666667</ele><time>2026-09-24T01:33:12Z</time></trkpt><trkpt lat="34.5187704" lon="136.6670827"><ele>10.443333333333333</ele><time>2026-09-24T01:33:28Z</time></trkpt><trkpt lat="34.5185786" lon="136.6670871"><ele>10.476666666666667</ele><time>2026-09-24T01:33:42Z</time></trkpt><trkpt lat="34.5183957" lon="136.6671118"><ele>10.483333333333333</ele><time>2026-09-24T01:33:56Z</time></trkpt><trkpt lat="34.5181871" lon="136.6671227"><ele>10.423333333333332</ele><time>2026-09-24T01:34:13Z</time></trkpt><trkpt lat="34.517978" lon="136.6671458"><ele>10.323333333333332</ele><time>2026-09-24T01:34:30Z</time></trkpt><trkpt lat="34.5177453" lon="136.6671535"><ele>10.193333333333333</ele><time>2026-09-24T01:34:49Z</time></trkpt><trkpt lat="34.5175635" lon="136.6671548"><ele>9.963333333333333</ele><time>2026-09-24T01:35:21Z</time></trkpt><trkpt lat="34.5175899" lon="136.66743"><ele>9.74</ele><time>2026-09-24T01:51:49Z</time></trkpt><trkpt lat="34.5174782" lon="136.6672222"><ele>9.615</ele><time>2026-09-24T01:52:11Z</time></trkpt><trkpt lat="34.5172875" lon="136.6671707"><ele>9.62</ele><time>2026-09-24T01:52:23Z</time></trkpt><trkpt lat="34.5170845" lon="136.6671589"><ele>9.583333333333334</ele><time>2026-09-24T01:52:38Z</time></trkpt><trkpt lat="34.5168864" lon="136.6671667"><ele>9.62</ele><time>2026-09-24T01:52:58Z</time></trkpt><trkpt lat="34.5167069" lon="136.667196"><ele>9.576666666666666</ele><time>2026-09-24T01:53:13Z</time></trkpt><trkpt lat="34.5165205" lon="136.667262"><ele>9.5</ele><time>2026-09-24T01:53:32Z</time></trkpt><trkpt lat="34.516331" lon="136.6673559"><ele>9.423333333333334</ele><time>2026-09-24T01:53:51Z</time></trkpt><trkpt lat="34.516158" lon="136.6674515"><ele>9.350000000000001</ele><time>2026-09-24T01:54:09Z</time></trkpt><trkpt lat="34.5159812" lon="136.6675512"><ele>9.283333333333333</ele><time>2026-09-24T01:54:24Z</time></trkpt><trkpt lat="34.5157997" lon="136.6676794"><ele>9.19</ele><time>2026-09-24T01:54:39Z</time></trkpt><trkpt lat="34.515608" lon="136.667778"><ele>9.086666666666666</ele><time>2026-09-24T01:54:56Z</time></trkpt><trkpt lat="34.5154187" lon="136.6678727"><ele>8.986666666666666</ele><time>2026-09-24T01:55:11Z</time></trkpt><trkpt lat="34.5152219" lon="136.6679924"><ele>8.89</ele><time>2026-09-24T01:55:32Z</time></trkpt><trkpt lat="34.515055" lon="136.6681079"><ele>8.806666666666667</ele><time>2026-09-24T01:55:46Z</time></trkpt><trkpt lat="34.5148955" lon="136.6682364"><ele>8.71</ele><time>2026-09-24T01:56:01Z</time></trkpt><trkpt lat="34.5147356" lon="136.6683423"><ele>8.61</ele><time>2026-09-24T01:56:13Z</time></trkpt><trkpt lat="34.5145581" lon="136.6684555"><ele>8.52</ele><time>2026-09-24T01:56:28Z</time></trkpt><trkpt lat="34.5143935" lon="136.6685819"><ele>8.42</ele><time>2026-09-24T01:56:43Z</time></trkpt><trkpt lat="34.5142344" lon="136.6686987"><ele>8.333333333333334</ele><time>2026-09-24T01:56:56Z</time></trkpt><trkpt lat="34.5140581" lon="136.6688282"><ele>8.246666666666668</ele><time>2026-09-24T01:57:11Z</time></trkpt><trkpt lat="34.5138916" lon="136.6689523"><ele>8.176666666666668</ele><time>2026-09-24T01:57:26Z</time></trkpt><trkpt lat="34.5137078" lon="136.6688813"><ele>8.1</ele><time>2026-09-24T01:57:43Z</time></trkpt><trkpt lat="34.5135085" lon="136.6689911"><ele>8.033333333333333</ele><time>2026-09-24T01:59:18Z</time></trkpt><trkpt lat="34.5133351" lon="136.6690794"><ele>8.0</ele><time>2026-09-24T01:59:32Z</time></trkpt><trkpt lat="34.5131485" lon="136.669188"><ele>7.996666666666667</ele><time>2026-09-24T02:01:00Z</time></trkpt><trkpt lat="34.5129421" lon="136.6692812"><ele>8.03</ele><time>2026-09-24T02:01:24Z</time></trkpt><trkpt lat="34.5127733" lon="136.669392"><ele>8.063333333333333</ele><time>2026-09-24T02:01:38Z</time></trkpt><trkpt lat="34.5125937" lon="136.6694362"><ele>8.096666666666666</ele><time>2026-09-24T02:01:52Z</time></trkpt><trkpt lat="34.5124186" lon="136.6695265"><ele>8.1</ele><time>2026-09-24T02:02:06Z</time></trkpt><trkpt lat="34.5122402" lon="136.6696334"><ele>8.133333333333333</ele><time>2026-09-24T02:02:23Z</time></trkpt><trkpt lat="34.5120432" lon="136.6696836"><ele>8.166666666666666</ele><time>2026-09-24T02:02:39Z</time></trkpt><trkpt lat="34.5118702" lon="136.6697608"><ele>8.2</ele><time>2026-09-24T02:02:54Z</time></trkpt><trkpt lat="34.511698" lon="136.6698416"><ele>8.209999999999999</ele><time>2026-09-24T02:03:08Z</time></trkpt><trkpt lat="34.5115216" lon="136.6699018"><ele>8.243333333333334</ele><time>2026-09-24T02:03:22Z</time></trkpt><trkpt lat="34.5113346" lon="136.6699851"><ele>8.276666666666667</ele><time>2026-09-24T02:03:36Z</time></trkpt><trkpt lat="34.5111438" lon="136.6700743"><ele>8.313333333333334</ele><time>2026-09-24T02:03:50Z</time></trkpt><trkpt lat="34.5109462" lon="136.6701642"><ele>8.346666666666666</ele><time>2026-09-24T02:04:04Z</time></trkpt><trkpt lat="34.5107888" lon="136.6702942"><ele>8.38</ele><time>2026-09-24T02:04:18Z</time></trkpt><trkpt lat="34.5106065" lon="136.6703693"><ele>8.4</ele><time>2026-09-24T02:04:35Z</time></trkpt><trkpt lat="34.5103928" lon="136.670386"><ele>8.426666666666668</ele><time>2026-09-24T02:04:54Z</time></trkpt><trkpt lat="34.5102315" lon="136.6705486"><ele>8.46</ele><time>2026-09-24T02:05:09Z</time></trkpt><trkpt lat="34.5100449" lon="136.6706342"><ele>8.493333333333334</ele><time>2026-09-24T02:05:23Z</time></trkpt><trkpt lat="34.5098559" lon="136.6707315"><ele>8.53</ele><time>2026-09-24T02:05:39Z</time></trkpt><trkpt lat="34.5096771" lon="136.6708146"><ele>8.563333333333333</ele><time>2026-09-24T02:05:54Z</time></trkpt><trkpt lat="34.5094916" lon="136.6709032"><ele>8.596666666666666</ele><time>2026-09-24T02:06:08Z</time></trkpt><trkpt lat="34.5092956" lon="136.6709959"><ele>8.6</ele><time>2026-09-24T02:06:23Z</time></trkpt><trkpt lat="34.5091212" lon="136.6710739"><ele>8.633333333333333</ele><time>2026-09-24T02:06:37Z</time></trkpt><trkpt lat="34.5089538" lon="136.6711551"><ele>8.666666666666666</ele><time>2026-09-24T02:06:51Z</time></trkpt><trkpt lat="34.5087766" lon="136.6712163"><ele>8.700000000000001</ele><time>2026-09-24T02:07:05Z</time></trkpt><trkpt lat="34.5085988" lon="136.6712915"><ele>8.733333333333334</ele><time>2026-09-24T02:07:19Z</time></trkpt><trkpt lat="34.5084218" lon="136.6713895"><ele>8.766666666666667</ele><time>2026-09-24T02:07:33Z</time></trkpt><trkpt lat="34.5082509" lon="136.6714779"><ele>8.8</ele><time>2026-09-24T02:07:47Z</time></trkpt><trkpt lat="34.5080801" lon="136.6715644"><ele>8.8</ele><time>2026-09-24T02:08:01Z</time></trkpt><trkpt lat="34.5079" lon="136.6716313"><ele>8.833333333333334</ele><time>2026-09-24T02:08:19Z</time></trkpt><trkpt lat="34.5077066" lon="136.6717473"><ele>8.866666666666667</ele><time>2026-09-24T02:08:52Z</time></trkpt><trkpt lat="34.5075357" lon="136.6718774"><ele>8.9</ele><time>2026-09-24T02:09:15Z</time></trkpt><trkpt lat="34.5073573" lon="136.6719964"><ele>8.906666666666666</ele><time>2026-09-24T02:09:52Z</time></trkpt><trkpt lat="34.5072353" lon="136.6721766"><ele>8.94</ele><time>2026-09-24T02:10:06Z</time></trkpt><trkpt lat="34.5070743" lon="136.672298"><ele>8.973333333333334</ele><time>2026-09-24T02:10:20Z</time></trkpt><trkpt lat="34.5069306" lon="136.6724442"><ele>9.0</ele><time>2026-09-24T02:10:38Z</time></trkpt><trkpt lat="34.5067617" lon="136.6725742"><ele>9.033333333333333</ele><time>2026-09-24T02:10:58Z</time></trkpt><trkpt lat="34.5066115" lon="136.6727232"><ele>9.066666666666668</ele><time>2026-09-24T02:11:12Z</time></trkpt><trkpt lat="34.5064298" lon="136.6728399"><ele>9.1</ele><time>2026-09-24T02:11:26Z</time></trkpt><trkpt lat="34.5062633" lon="136.6729904"><ele>9.133333333333333</ele><time>2026-09-24T02:11:40Z</time></trkpt><trkpt lat="34.5061005" lon="136.6731439"><ele>9.166666666666666</ele><time>2026-09-24T02:11:57Z</time></trkpt><trkpt lat="34.5059631" lon="136.673292"><ele>9.200000000000001</ele><time>2026-09-24T02:12:11Z</time></trkpt><trkpt lat="34.5058321" lon="136.6734456"><ele>9.233333333333334</ele><time>2026-09-24T02:12:24Z</time></trkpt><trkpt lat="34.5056808" lon="136.6735851"><ele>9.266666666666667</ele><time>2026-09-24T02:12:38Z</time></trkpt><trkpt lat="34.5055464" lon="136.6737415"><ele>9.3</ele><time>2026-09-24T02:12:52Z</time></trkpt><trkpt lat="34.5053602" lon="136.6736384"><ele>9.3</ele><time>2026-09-24T02:13:26Z</time></trkpt><trkpt lat="34.5053346" lon="136.6738658"><ele>9.32</ele><time>2026-09-24T02:14:22Z</time></trkpt><trkpt lat="34.5051911" lon="136.6741016"><ele>9.353333333333333</ele><time>2026-09-24T02:14:52Z</time></trkpt><trkpt lat="34.5049996" lon="136.6741975"><ele>9.386666666666665</ele><time>2026-09-24T02:15:11Z</time></trkpt><trkpt lat="34.5048592" lon="136.6743429"><ele>9.413333333333334</ele><time>2026-09-24T02:15:25Z</time></trkpt><trkpt lat="34.5046955" lon="136.6744814"><ele>9.446666666666667</ele><time>2026-09-24T02:15:40Z</time></trkpt><trkpt lat="34.5045224" lon="136.6745998"><ele>9.479999999999999</ele><time>2026-09-24T02:15:54Z</time></trkpt><trkpt lat="34.5043603" lon="136.6747066"><ele>9.516666666666667</ele><time>2026-09-24T02:16:08Z</time></trkpt><trkpt lat="34.5041562" lon="136.6748001"><ele>9.549999999999999</ele><time>2026-09-24T02:16:46Z</time></trkpt><trkpt lat="34.5042841" lon="136.6749786"><ele>9.583333333333334</ele><time>2026-09-24T02:18:22Z</time></trkpt><trkpt lat="34.5042826" lon="136.6751995"><ele>9.6</ele><time>2026-09-24T02:18:43Z</time></trkpt><trkpt lat="34.5043323" lon="136.6754244"><ele>9.583333333333334</ele><time>2026-09-24T02:20:12Z</time></trkpt><trkpt lat="34.5043333" lon="136.6756471"><ele>9.566666666666666</ele><time>2026-09-24T02:20:23Z</time></trkpt><trkpt lat="34.5042821" lon="136.6758649"><ele>9.553333333333335</ele><time>2026-09-24T02:20:38Z</time></trkpt><trkpt lat="34.5042818" lon="136.6761129"><ele>9.543333333333333</ele><time>2026-09-24T02:20:53Z</time></trkpt><trkpt lat="34.5042216" lon="136.6763182"><ele>9.553333333333333</ele><time>2026-09-24T02:21:24Z</time></trkpt><trkpt lat="34.5042644" lon="136.6765639"><ele>9.536666666666667</ele><time>2026-09-24T02:21:36Z</time></trkpt><trkpt lat="34.504374" lon="136.6767775"><ele>9.53</ele><time>2026-09-24T02:22:12Z</time></trkpt><trkpt lat="34.5041739" lon="136.6767551"><ele>9.503333333333332</ele><time>2026-09-24T02:23:39Z</time></trkpt><trkpt lat="34.5040069" lon="136.6766685"><ele>9.533333333333333</ele><time>2026-09-24T02:23:57Z</time></trkpt><trkpt lat="34.5037991" lon="136.6766989"><ele>9.566666666666668</ele><time>2026-09-24T02:24:12Z</time></trkpt><trkpt lat="34.5035996" lon="136.6767575"><ele>9.633333333333333</ele><time>2026-09-24T02:24:27Z</time></trkpt><trkpt lat="34.5034082" lon="136.6767875"><ele>9.666666666666666</ele><time>2026-09-24T02:24:47Z</time></trkpt><trkpt lat="34.5032281" lon="136.6767411"><ele>9.733333333333334</ele><time>2026-09-24T02:24:59Z</time></trkpt><trkpt lat="34.5030464" lon="136.67676"><ele>9.766666666666667</ele><time>2026-09-24T02:25:15Z</time></trkpt><trkpt lat="34.503009" lon="136.6770085"><ele>9.8</ele><time>2026-09-24T02:25:38Z</time></trkpt><trkpt lat="34.5029594" lon="136.6772343"><ele>9.8</ele><time>2026-09-24T02:25:50Z</time></trkpt><trkpt lat="34.5029642" lon="136.6774682"><ele>9.8</ele><time>2026-09-24T02:26:08Z</time></trkpt><trkpt lat="34.5029069" lon="136.6776787"><ele>9.783333333333333</ele><time>2026-09-24T02:26:55Z</time></trkpt><trkpt lat="34.502898" lon="136.6779537"><ele>9.75</ele><time>2026-09-24T02:27:03Z</time></trkpt><trkpt lat="34.502904" lon="136.6781789"><ele>9.716666666666669</ele><time>2026-09-24T02:27:18Z</time></trkpt><trkpt lat="34.5028928" lon="136.678416"><ele>9.700000000000001</ele><time>2026-09-24T02:27:32Z</time></trkpt><trkpt lat="34.5028928" lon="136.6786722"><ele>9.673333333333334</ele><time>2026-09-24T02:27:49Z</time></trkpt><trkpt lat="34.5029099" lon="136.6788929"><ele>9.64</ele><time>2026-09-24T02:28:03Z</time></trkpt><trkpt lat="34.5029522" lon="136.6791068"><ele>9.596666666666666</ele><time>2026-09-24T02:28:19Z</time></trkpt><trkpt lat="34.5029055" lon="136.6793546"><ele>9.566666666666668</ele><time>2026-09-24T02:28:38Z</time></trkpt><trkpt lat="34.5027913" lon="136.6795772"><ele>9.55</ele><time>2026-09-24T02:29:21Z</time></trkpt><trkpt lat="34.5026951" lon="136.6798346"><ele>9.533333333333333</ele><time>2026-09-24T02:30:21Z</time></trkpt><trkpt lat="34.5027526" lon="136.6800551"><ele>9.523333333333333</ele><time>2026-09-24T02:30:32Z</time></trkpt><trkpt lat="34.502744" lon="136.6802895"><ele>9.493333333333334</ele><time>2026-09-24T02:30:47Z</time></trkpt><trkpt lat="34.5026803" lon="136.6805003"><ele>9.46</ele><time>2026-09-24T02:31:01Z</time></trkpt><trkpt lat="34.5026648" lon="136.6807327"><ele>9.433333333333335</ele><time>2026-09-24T02:31:55Z</time></trkpt><trkpt lat="34.5025545" lon="136.680933"><ele>9.413333333333334</ele><time>2026-09-24T02:32:22Z</time></trkpt><trkpt lat="34.502464" lon="136.6811393"><ele>9.406666666666666</ele><time>2026-09-24T02:32:47Z</time></trkpt><trkpt lat="34.5023681" lon="136.6813583"><ele>9.4</ele><time>2026-09-24T02:33:02Z</time></trkpt><trkpt lat="34.5022233" lon="136.6815358"><ele>9.4</ele><time>2026-09-24T02:33:27Z</time></trkpt><trkpt lat="34.5021277" lon="136.6816966"><ele>9.34</ele><time>2026-09-24T02:38:09Z</time></trkpt><trkpt lat="34.5020526" lon="136.6819337"><ele>9.245000000000001</ele><time>2026-09-24T02:38:33Z</time></trkpt><trkpt lat="34.5021598" lon="136.681734"><ele>9.276666666666667</ele><time>2026-09-24T02:39:45Z</time></trkpt><trkpt lat="34.502158" lon="136.6815141"><ele>9.286666666666667</ele><time>2026-09-24T02:40:15Z</time></trkpt><trkpt lat="34.5019451" lon="136.681466"><ele>9.296666666666667</ele><time>2026-09-24T02:40:29Z</time></trkpt><trkpt lat="34.501747" lon="136.6814332"><ele>9.18</ele><time>2026-09-24T02:40:43Z</time></trkpt><trkpt lat="34.5015443" lon="136.6813701"><ele>8.963333333333333</ele><time>2026-09-24T02:41:00Z</time></trkpt><trkpt lat="34.5013008" lon="136.6813224"><ele>8.676666666666668</ele><time>2026-09-24T02:41:32Z</time></trkpt><trkpt lat="34.5010497" lon="136.6813339"><ele>8.363333333333333</ele><time>2026-09-24T02:41:41Z</time></trkpt><trkpt lat="34.5008478" lon="136.6812994"><ele>8.066666666666668</ele><time>2026-09-24T02:41:55Z</time></trkpt><trkpt lat="34.5006419" lon="136.6812729"><ele>7.8066666666666675</ele><time>2026-09-24T02:42:11Z</time></trkpt><trkpt lat="34.500454" lon="136.6812567"><ele>7.54</ele><time>2026-09-24T02:42:25Z</time></trkpt><trkpt lat="34.5002716" lon="136.6813121"><ele>7.303333333333334</ele><time>2026-09-24T02:42:53Z</time></trkpt><trkpt lat="34.5000948" lon="136.6812505"><ele>7.066666666666667</ele><time>2026-09-24T02:43:10Z</time></trkpt><trkpt lat="34.499907" lon="136.6812728"><ele>6.829999999999999</ele><time>2026-09-24T02:43:24Z</time></trkpt><trkpt lat="34.4997598" lon="136.6814053"><ele>6.593333333333334</ele><time>2026-09-24T02:43:50Z</time></trkpt><trkpt lat="34.4997409" lon="136.6816622"><ele>6.453333333333333</ele><time>2026-09-24T02:44:04Z</time></trkpt><trkpt lat="34.4997354" lon="136.6818969"><ele>6.413333333333334</ele><time>2026-09-24T02:44:18Z</time></trkpt><trkpt lat="34.4997302" lon="136.6821458"><ele>6.446666666666666</ele><time>2026-09-24T02:44:35Z</time></trkpt><trkpt lat="34.4997263" lon="136.6823838"><ele>6.4799999999999995</ele><time>2026-09-24T02:44:50Z</time></trkpt><trkpt lat="34.499711" lon="136.6826155"><ele>6.506666666666667</ele><time>2026-09-24T02:45:04Z</time></trkpt><trkpt lat="34.4997041" lon="136.6828356"><ele>6.37</ele><time>2026-09-24T02:45:18Z</time></trkpt><trkpt lat="34.4996838" lon="136.6830632"><ele>6.090000000000001</ele><time>2026-09-24T02:45:32Z</time></trkpt><trkpt lat="34.4996987" lon="136.6832978"><ele>5.7299999999999995</ele><time>2026-09-24T02:45:46Z</time></trkpt><trkpt lat="34.4996899" lon="136.6835313"><ele>5.363333333333333</ele><time>2026-09-24T02:45:59Z</time></trkpt><trkpt lat="34.4996859" lon="136.6837961"><ele>5.010000000000001</ele><time>2026-09-24T02:46:16Z</time></trkpt><trkpt lat="34.4996847" lon="136.6840297"><ele>4.609999999999999</ele><time>2026-09-24T02:46:30Z</time></trkpt><trkpt lat="34.4996706" lon="136.6842615"><ele>4.213333333333334</ele><time>2026-09-24T02:46:44Z</time></trkpt><trkpt lat="34.4996574" lon="136.6845109"><ele>3.893333333333333</ele><time>2026-09-24T02:47:01Z</time></trkpt><trkpt lat="34.4996518" lon="136.6847373"><ele>3.823333333333333</ele><time>2026-09-24T02:47:15Z</time></trkpt><trkpt lat="34.4996599" lon="136.6849813"><ele>4.04</ele><time>2026-09-24T02:47:32Z</time></trkpt><trkpt lat="34.4996276" lon="136.6852314"><ele>4.419999999999999</ele><time>2026-09-24T02:47:48Z</time></trkpt><trkpt lat="34.4995361" lon="136.6854399"><ele>4.75</ele><time>2026-09-24T02:48:05Z</time></trkpt><trkpt lat="34.4994443" lon="136.6856489"><ele>4.973333333333333</ele><time>2026-09-24T02:48:20Z</time></trkpt><trkpt lat="34.4995284" lon="136.6858556"><ele>5.1066666666666665</ele><time>2026-09-24T02:48:45Z</time></trkpt><trkpt lat="34.4993673" lon="136.6857217"><ele>5.173333333333333</ele><time>2026-09-24T02:49:12Z</time></trkpt><trkpt lat="34.4992721" lon="136.6859459"><ele>5.196666666666666</ele><time>2026-09-24T02:49:27Z</time></trkpt><trkpt lat="34.4991627" lon="136.6861303"><ele>5.2</ele><time>2026-09-24T02:49:44Z</time></trkpt><trkpt lat="34.4990708" lon="136.6863838"><ele>5.2</ele><time>2026-09-24T02:50:05Z</time></trkpt><trkpt lat="34.4989717" lon="136.6865828"><ele>5.2</ele><time>2026-09-24T02:50:19Z</time></trkpt><trkpt lat="34.4988692" lon="136.6867843"><ele>5.2</ele><time>2026-09-24T02:50:34Z</time></trkpt><trkpt lat="34.4988122" lon="136.68702"><ele>5.2</ele><time>2026-09-24T02:50:47Z</time></trkpt><trkpt lat="34.4987331" lon="136.6872209"><ele>5.2</ele><time>2026-09-24T02:51:01Z</time></trkpt><trkpt lat="34.4986548" lon="136.6874235"><ele>5.2</ele><time>2026-09-24T02:51:18Z</time></trkpt><trkpt lat="34.4985975" lon="136.6876463"><ele>5.2</ele><time>2026-09-24T02:51:32Z</time></trkpt><trkpt lat="34.4985356" lon="136.6878874"><ele>5.19</ele><time>2026-09-24T02:51:47Z</time></trkpt><trkpt lat="34.4984965" lon="136.688118"><ele>5.156666666666667</ele><time>2026-09-24T02:52:06Z</time></trkpt><trkpt lat="34.498422" lon="136.6883553"><ele>5.123333333333334</ele><time>2026-09-24T02:52:27Z</time></trkpt><trkpt lat="34.4983709" lon="136.6885783"><ele>5.1000000000000005</ele><time>2026-09-24T02:52:45Z</time></trkpt><trkpt lat="34.4982208" lon="136.6887395"><ele>5.1000000000000005</ele><time>2026-09-24T02:53:03Z</time></trkpt><trkpt lat="34.4980803" lon="136.6889159"><ele>5.1000000000000005</ele><time>2026-09-24T02:53:24Z</time></trkpt><trkpt lat="34.4979053" lon="136.6890437"><ele>5.1066666666666665</ele><time>2026-09-24T02:53:41Z</time></trkpt><trkpt lat="34.497754" lon="136.689191"><ele>5.1066666666666665</ele><time>2026-09-24T02:53:55Z</time></trkpt><trkpt lat="34.4975896" lon="136.6892947"><ele>5.140000000000001</ele><time>2026-09-24T02:54:10Z</time></trkpt><trkpt lat="34.4974088" lon="136.68934"><ele>5.166666666666667</ele><time>2026-09-24T02:54:27Z</time></trkpt><trkpt lat="34.4972342" lon="136.6894404"><ele>5.22</ele><time>2026-09-24T02:54:46Z</time></trkpt><trkpt lat="34.4970667" lon="136.6895835"><ele>5.25</ele><time>2026-09-24T02:55:21Z</time></trkpt><trkpt lat="34.496895" lon="136.6896993"><ele>5.286666666666667</ele><time>2026-09-24T02:55:32Z</time></trkpt><trkpt lat="34.4967277" lon="136.6898302"><ele>5.323333333333334</ele><time>2026-09-24T02:55:46Z</time></trkpt><trkpt lat="34.4965969" lon="136.68999"><ele>5.3566666666666665</ele><time>2026-09-24T02:55:59Z</time></trkpt><trkpt lat="34.496445" lon="136.6901801"><ele>5.353333333333333</ele><time>2026-09-24T02:56:19Z</time></trkpt><trkpt lat="34.496335" lon="136.6904069"><ele>5.296666666666667</ele><time>2026-09-24T02:56:37Z</time></trkpt><trkpt lat="34.4962359" lon="136.6906069"><ele>5.213333333333334</ele><time>2026-09-24T02:57:05Z</time></trkpt><trkpt lat="34.4961328" lon="136.690795"><ele>5.136666666666667</ele><time>2026-09-24T02:57:16Z</time></trkpt><trkpt lat="34.4960301" lon="136.6909985"><ele>5.07</ele><time>2026-09-24T02:57:29Z</time></trkpt><trkpt lat="34.4959276" lon="136.6912067"><ele>5.023333333333333</ele><time>2026-09-24T02:57:44Z</time></trkpt><trkpt lat="34.495777" lon="136.6913765"><ele>5.0</ele><time>2026-09-24T02:58:01Z</time></trkpt><trkpt lat="34.495582" lon="136.6914123"><ele>5.0200000000000005</ele><time>2026-09-24T02:58:17Z</time></trkpt><trkpt lat="34.4954066" lon="136.6915248"><ele>5.053333333333334</ele><time>2026-09-24T02:58:38Z</time></trkpt><trkpt lat="34.4951984" lon="136.6915074"><ele>5.0633333333333335</ele><time>2026-09-24T03:00:55Z</time></trkpt><trkpt lat="34.4949854" lon="136.6915273"><ele>5.043333333333334</ele><time>2026-09-24T03:01:12Z</time></trkpt><trkpt lat="34.4947962" lon="136.6915294"><ele>5.010000000000001</ele><time>2026-09-24T03:01:26Z</time></trkpt><trkpt lat="34.4946315" lon="136.6916604"><ele>5.0</ele><time>2026-09-24T03:01:47Z</time></trkpt><trkpt lat="34.4945659" lon="136.6918873"><ele>5.0</ele><time>2026-09-24T03:02:05Z</time></trkpt><trkpt lat="34.4944949" lon="136.6920946"><ele>5.0</ele><time>2026-09-24T03:02:20Z</time></trkpt><trkpt lat="34.4944036" lon="136.6922999"><ele>5.0</ele><time>2026-09-24T03:02:35Z</time></trkpt><trkpt lat="34.4943276" lon="136.692499"><ele>5.016666666666667</ele><time>2026-09-24T03:02:49Z</time></trkpt><trkpt lat="34.4941999" lon="136.6926603"><ele>5.050000000000001</ele><time>2026-09-24T03:03:03Z</time></trkpt><trkpt lat="34.4940375" lon="136.6927706"><ele>5.083333333333333</ele><time>2026-09-24T03:03:16Z</time></trkpt><trkpt lat="34.4938563" lon="136.6928184"><ele>5.126666666666667</ele><time>2026-09-24T03:03:32Z</time></trkpt><trkpt lat="34.4937893" lon="136.6930607"><ele>5.1066666666666665</ele><time>2026-09-24T03:04:04Z</time></trkpt><trkpt lat="34.4938229" lon="136.6932977"><ele>5.073333333333333</ele><time>2026-09-24T03:04:16Z</time></trkpt><trkpt lat="34.4938212" lon="136.693566"><ele>5.04</ele><time>2026-09-24T03:04:34Z</time></trkpt><trkpt lat="34.4938285" lon="136.6938013"><ele>5.06</ele><time>2026-09-24T03:04:48Z</time></trkpt><trkpt lat="34.4938521" lon="136.6940303"><ele>5.093333333333334</ele><time>2026-09-24T03:05:02Z</time></trkpt><trkpt lat="34.4938681" lon="136.694273"><ele>5.1000000000000005</ele><time>2026-09-24T03:05:18Z</time></trkpt><trkpt lat="34.4938819" lon="136.6945088"><ele>5.1000000000000005</ele><time>2026-09-24T03:05:37Z</time></trkpt><trkpt lat="34.4938792" lon="136.6947307"><ele>5.1000000000000005</ele><time>2026-09-24T03:05:58Z</time></trkpt><trkpt lat="34.4936989" lon="136.6947357"><ele>5.066666666666667</ele><time>2026-09-24T03:06:27Z</time></trkpt><trkpt lat="34.4935175" lon="136.6946731"><ele>5.053333333333334</ele><time>2026-09-24T03:06:46Z</time></trkpt><trkpt lat="34.4933191" lon="136.6947241"><ele>5.176666666666667</ele><time>2026-09-24T03:07:01Z</time></trkpt><trkpt lat="34.4931345" lon="136.6947738"><ele>5.453333333333333</ele><time>2026-09-24T03:07:15Z</time></trkpt><trkpt lat="34.4929295" lon="136.6948273"><ele>5.87</ele><time>2026-09-24T03:07:29Z</time></trkpt><trkpt lat="34.4927316" lon="136.6948644"><ele>6.263333333333333</ele><time>2026-09-24T03:07:47Z</time></trkpt><trkpt lat="34.4927416" lon="136.6950864"><ele>6.383333333333334</ele><time>2026-09-24T03:08:12Z</time></trkpt><trkpt lat="34.492797" lon="136.6953033"><ele>6.243333333333333</ele><time>2026-09-24T03:08:26Z</time></trkpt><trkpt lat="34.4926622" lon="136.6955008"><ele>5.8999999999999995</ele><time>2026-09-24T03:08:48Z</time></trkpt><trkpt lat="34.4925528" lon="136.6956762"><ele>5.760000000000001</ele><time>2026-09-24T03:09:06Z</time></trkpt><trkpt lat="34.4923912" lon="136.6958139"><ele>5.876666666666668</ele><time>2026-09-24T03:09:46Z</time></trkpt><trkpt lat="34.4923179" lon="136.6960507"><ele>6.180000000000001</ele><time>2026-09-24T03:10:10Z</time></trkpt><trkpt lat="34.492485" lon="136.696125"><ele>6.04</ele><time>2026-09-24T03:12:04Z</time></trkpt><trkpt lat="34.4923166" lon="136.6959973"><ele>6.255</ele><time>2026-09-24T03:12:50Z</time></trkpt><trkpt lat="34.4922619" lon="136.696224"><ele>6.403333333333333</ele><time>2026-09-24T03:13:02Z</time></trkpt><trkpt lat="34.49205" lon="136.6961833"><ele>6.75</ele><time>2026-09-24T03:13:19Z</time></trkpt><trkpt lat="34.4918616" lon="136.6961895"><ele>7.033333333333334</ele><time>2026-09-24T03:13:51Z</time></trkpt><trkpt lat="34.4920645" lon="136.6962334"><ele>7.116666666666667</ele><time>2026-09-24T03:15:21Z</time></trkpt><trkpt lat="34.4922502" lon="136.696227"><ele>6.989999999999999</ele><time>2026-09-24T03:15:34Z</time></trkpt><trkpt lat="34.4922045" lon="136.6964548"><ele>6.776666666666666</ele><time>2026-09-24T03:15:55Z</time></trkpt><trkpt lat="34.4922477" lon="136.6967056"><ele>6.6499999999999995</ele><time>2026-09-24T03:16:09Z</time></trkpt><trkpt lat="34.4921615" lon="136.6969153"><ele>6.57</ele><time>2026-09-24T03:16:23Z</time></trkpt><trkpt lat="34.4920998" lon="136.6971419"><ele>6.543333333333334</ele><time>2026-09-24T03:16:38Z</time></trkpt><trkpt lat="34.4920616" lon="136.6973635"><ele>6.503333333333334</ele><time>2026-09-24T03:16:53Z</time></trkpt><trkpt lat="34.4920246" lon="136.6976144"><ele>6.43</ele><time>2026-09-24T03:17:09Z</time></trkpt><trkpt lat="34.4919814" lon="136.6978715"><ele>6.253333333333334</ele><time>2026-09-24T03:17:26Z</time></trkpt><trkpt lat="34.4919532" lon="136.698119"><ele>6.05</ele><time>2026-09-24T03:17:43Z</time></trkpt><trkpt lat="34.4919163" lon="136.6983346"><ele>5.84</ele><time>2026-09-24T03:17:57Z</time></trkpt><trkpt lat="34.4918724" lon="136.6985765"><ele>5.636666666666667</ele><time>2026-09-24T03:18:16Z</time></trkpt><trkpt lat="34.491843" lon="136.6988028"><ele>5.44</ele><time>2026-09-24T03:18:31Z</time></trkpt><trkpt lat="34.4918091" lon="136.6990372"><ele>5.276666666666667</ele><time>2026-09-24T03:18:49Z</time></trkpt><trkpt lat="34.4917282" lon="136.6992497"><ele>5.186666666666667</ele><time>2026-09-24T03:19:06Z</time></trkpt><trkpt lat="34.4916994" lon="136.6994824"><ele>5.170000000000001</ele><time>2026-09-24T03:19:20Z</time></trkpt><trkpt lat="34.4916377" lon="136.6996907"><ele>5.22</ele><time>2026-09-24T03:19:34Z</time></trkpt><trkpt lat="34.4915882" lon="136.6999335"><ele>5.260000000000001</ele><time>2026-09-24T03:19:51Z</time></trkpt><trkpt lat="34.4915094" lon="136.7001737"><ele>5.326666666666667</ele><time>2026-09-24T03:20:49Z</time></trkpt><trkpt lat="34.4914325" lon="136.7004062"><ele>5.3566666666666665</ele><time>2026-09-24T03:21:11Z</time></trkpt><trkpt lat="34.4913684" lon="136.7006363"><ele>5.386666666666668</ele><time>2026-09-24T03:21:25Z</time></trkpt><trkpt lat="34.4913214" lon="136.7008608"><ele>5.463333333333334</ele><time>2026-09-24T03:21:39Z</time></trkpt><trkpt lat="34.4912468" lon="136.7010723"><ele>5.603333333333334</ele><time>2026-09-24T03:21:52Z</time></trkpt><trkpt lat="34.4911498" lon="136.7012919"><ele>5.736666666666667</ele><time>2026-09-24T03:22:09Z</time></trkpt><trkpt lat="34.491051" lon="136.701503"><ele>5.713333333333334</ele><time>2026-09-24T03:22:28Z</time></trkpt><trkpt lat="34.4909621" lon="136.7017118"><ele>5.5566666666666675</ele><time>2026-09-24T03:22:43Z</time></trkpt><trkpt lat="34.4908912" lon="136.7019219"><ele>5.406666666666667</ele><time>2026-09-24T03:23:13Z</time></trkpt><trkpt lat="34.4907796" lon="136.7021542"><ele>5.316666666666666</ele><time>2026-09-24T03:23:24Z</time></trkpt><trkpt lat="34.4906598" lon="136.702366"><ele>5.3</ele><time>2026-09-24T03:23:41Z</time></trkpt><trkpt lat="34.4905745" lon="136.70256"><ele>5.25</ele><time>2026-09-24T03:23:56Z</time></trkpt><trkpt lat="34.4905236" lon="136.702769"><ele>5.226666666666667</ele><time>2026-09-24T03:24:10Z</time></trkpt><trkpt lat="34.4904325" lon="136.7029811"><ele>5.206666666666667</ele><time>2026-09-24T03:24:24Z</time></trkpt><trkpt lat="34.4903595" lon="136.7031375"><ele>5.2</ele><time>2026-09-24T03:26:16Z</time></trkpt><trkpt lat="34.4902518" lon="136.7033677"><ele>5.15</ele><time>2026-09-24T03:26:34Z</time></trkpt><trkpt lat="34.4901211" lon="136.7035732"><ele>5.133333333333334</ele><time>2026-09-24T03:26:49Z</time></trkpt><trkpt lat="34.4900364" lon="136.703805"><ele>5.1000000000000005</ele><time>2026-09-24T03:27:04Z</time></trkpt><trkpt lat="34.4899219" lon="136.7039974"><ele>5.086666666666667</ele><time>2026-09-24T03:27:19Z</time></trkpt><trkpt lat="34.489816" lon="136.7042205"><ele>5.053333333333334</ele><time>2026-09-24T03:27:34Z</time></trkpt><trkpt lat="34.4896996" lon="136.7044329"><ele>5.0200000000000005</ele><time>2026-09-24T03:27:49Z</time></trkpt><trkpt lat="34.4895781" lon="136.7046214"><ele>5.0</ele><time>2026-09-24T03:28:03Z</time></trkpt><trkpt lat="34.4894507" lon="136.704835"><ele>5.0</ele><time>2026-09-24T03:28:19Z</time></trkpt><trkpt lat="34.4893066" lon="136.705032"><ele>5.0</ele><time>2026-09-24T03:28:34Z</time></trkpt><trkpt lat="34.4891417" lon="136.7051995"><ele>5.0</ele><time>2026-09-24T03:28:57Z</time></trkpt><trkpt lat="34.4889713" lon="136.705071"><ele>5.0</ele><time>2026-09-24T03:29:12Z</time></trkpt><trkpt lat="34.4889909" lon="136.7048482"><ele>4.963333333333334</ele><time>2026-09-24T03:29:31Z</time></trkpt><trkpt lat="34.4890166" lon="136.7048465"><ele>4.9</ele><time>2026-09-24T03:51:00Z</time></trkpt><trkpt lat="34.4889193" lon="136.7050589"><ele>4.9350000000000005</ele><time>2026-09-24T03:51:29Z</time></trkpt><trkpt lat="34.4890604" lon="136.7052034"><ele>4.956666666666667</ele><time>2026-09-24T03:51:43Z</time></trkpt><trkpt lat="34.4890122" lon="136.7054145"><ele>4.989999999999999</ele><time>2026-09-24T03:53:12Z</time></trkpt><trkpt lat="34.4889005" lon="136.705597"><ele>5.0</ele><time>2026-09-24T03:53:26Z</time></trkpt><trkpt lat="34.4887543" lon="136.7057602"><ele>4.993333333333333</ele><time>2026-09-24T03:53:47Z</time></trkpt><trkpt lat="34.4886284" lon="136.7059582"><ele>4.903333333333333</ele><time>2026-09-24T03:54:07Z</time></trkpt><trkpt lat="34.4887679" lon="136.7058079"><ele>4.88</ele><time>2026-09-24T03:55:02Z</time></trkpt><trkpt lat="34.488884" lon="136.7056204"><ele>4.886666666666667</ele><time>2026-09-24T03:55:16Z</time></trkpt><trkpt lat="34.4890313" lon="136.7054163"><ele>4.976666666666667</ele><time>2026-09-24T03:55:34Z</time></trkpt><trkpt lat="34.4891729" lon="136.7052444"><ele>5.0</ele><time>2026-09-24T03:55:49Z</time></trkpt><trkpt lat="34.4892842" lon="136.7050427"><ele>5.0</ele><time>2026-09-24T03:56:01Z</time></trkpt><trkpt lat="34.4893913" lon="136.7048287"><ele>5.0</ele><time>2026-09-24T03:56:17Z</time></trkpt><trkpt lat="34.4895267" lon="136.7046453"><ele>5.0</ele><time>2026-09-24T03:56:32Z</time></trkpt><trkpt lat="34.4896584" lon="136.7044574"><ele>5.0</ele><time>2026-09-24T03:56:47Z</time></trkpt><trkpt lat="34.4894804" lon="136.7043155"><ele>5.0</ele><time>2026-09-24T03:57:21Z</time></trkpt><trkpt lat="34.4892961" lon="136.7042884"><ele>4.963333333333334</ele><time>2026-09-24T03:57:44Z</time></trkpt><trkpt lat="34.48911" lon="136.7043359"><ele>4.9</ele><time>2026-09-24T03:58:03Z</time></trkpt><trkpt lat="34.4890282" lon="136.7045599"><ele>4.8500000000000005</ele><time>2026-09-24T03:58:18Z</time></trkpt><trkpt lat="34.4889111" lon="136.7047657"><ele>4.82</ele><time>2026-09-24T03:58:33Z</time></trkpt><trkpt lat="34.488793" lon="136.7049572"><ele>4.83</ele><time>2026-09-24T03:58:45Z</time></trkpt><trkpt lat="34.4886923" lon="136.7051415"><ele>4.836666666666667</ele><time>2026-09-24T03:59:00Z</time></trkpt><trkpt lat="34.4885825" lon="136.7053302"><ele>4.833333333333333</ele><time>2026-09-24T03:59:15Z</time></trkpt><trkpt lat="34.488461" lon="136.70553"><ele>4.8133333333333335</ele><time>2026-09-24T03:59:30Z</time></trkpt><trkpt lat="34.488326" lon="136.705733"><ele>4.683333333333334</ele><time>2026-09-24T03:59:45Z</time></trkpt><trkpt lat="34.4881791" lon="136.705915"><ele>4.500000000000001</ele><time>2026-09-24T04:00:03Z</time></trkpt><trkpt lat="34.4880296" lon="136.7060879"><ele>4.293333333333334</ele><time>2026-09-24T04:00:17Z</time></trkpt><trkpt lat="34.4879093" lon="136.7063033"><ele>4.146666666666667</ele><time>2026-09-24T04:00:32Z</time></trkpt><trkpt lat="34.4877668" lon="136.7064862"><ele>4.01</ele><time>2026-09-24T04:01:07Z</time></trkpt><trkpt lat="34.4876385" lon="136.7066527"><ele>3.9433333333333334</ele><time>2026-09-24T04:01:22Z</time></trkpt><trkpt lat="34.4874598" lon="136.7066212"><ele>4.0</ele><time>2026-09-24T04:01:47Z</time></trkpt><trkpt lat="34.4873109" lon="136.7064832"><ele>4.273333333333333</ele><time>2026-09-24T04:01:59Z</time></trkpt><trkpt lat="34.4871591" lon="136.7063415"><ele>4.586666666666667</ele><time>2026-09-24T04:02:16Z</time></trkpt><trkpt lat="34.4870705" lon="136.706132"><ele>4.876666666666667</ele><time>2026-09-24T04:03:06Z</time></trkpt><trkpt lat="34.4868747" lon="136.706033"><ele>5.09</ele><time>2026-09-24T04:03:57Z</time></trkpt><trkpt lat="34.4867502" lon="136.7058464"><ele>5.223333333333334</ele><time>2026-09-24T04:04:23Z</time></trkpt><trkpt lat="34.4866066" lon="136.7056989"><ele>5.296666666666667</ele><time>2026-09-24T04:04:35Z</time></trkpt><trkpt lat="34.4864867" lon="136.7055225"><ele>5.266666666666667</ele><time>2026-09-24T04:04:50Z</time></trkpt><trkpt lat="34.486405" lon="136.7052801"><ele>5.21</ele><time>2026-09-24T04:05:07Z</time></trkpt><trkpt lat="34.4863801" lon="136.7050634"><ele>5.156666666666666</ele><time>2026-09-24T04:05:29Z</time></trkpt><trkpt lat="34.486441" lon="136.704842"><ele>5.216666666666666</ele><time>2026-09-24T04:05:47Z</time></trkpt><trkpt lat="34.4864391" lon="136.7046058"><ele>5.3133333333333335</ele><time>2026-09-24T04:06:27Z</time></trkpt><trkpt lat="34.4864262" lon="136.7043826"><ele>5.406666666666666</ele><time>2026-09-24T04:06:41Z</time></trkpt><trkpt lat="34.4864222" lon="136.7041115"><ele>5.5633333333333335</ele><time>2026-09-24T04:07:00Z</time></trkpt><trkpt lat="34.4864413" lon="136.7038806"><ele>6.063333333333333</ele><time>2026-09-24T04:07:15Z</time></trkpt><trkpt lat="34.4865066" lon="136.703664"><ele>6.829999999999999</ele><time>2026-09-24T04:07:33Z</time></trkpt><trkpt lat="34.4863917" lon="136.7034298"><ele>7.833333333333333</ele><time>2026-09-24T04:08:00Z</time></trkpt><trkpt lat="34.4863897" lon="136.7032038"><ele>8.393333333333333</ele><time>2026-09-24T04:08:14Z</time></trkpt><trkpt lat="34.4863807" lon="136.7029679"><ele>8.549999999999999</ele><time>2026-09-24T04:08:36Z</time></trkpt><trkpt lat="34.4865694" lon="136.702937"><ele>7.866666666666667</ele><time>2026-09-24T04:09:11Z</time></trkpt><trkpt lat="34.4865058" lon="136.703149"><ele>7.646666666666667</ele><time>2026-09-24T04:10:44Z</time></trkpt><trkpt lat="34.486387" lon="136.7033942"><ele>7.93</ele><time>2026-09-24T04:11:30Z</time></trkpt><trkpt lat="34.4863007" lon="136.7035906"><ele>8.296666666666667</ele><time>2026-09-24T04:11:48Z</time></trkpt><trkpt lat="34.4863242" lon="136.7038283"><ele>7.873333333333335</ele><time>2026-09-24T04:12:09Z</time></trkpt><trkpt lat="34.4864248" lon="136.704065"><ele>6.91</ele><time>2026-09-24T04:13:03Z</time></trkpt><trkpt lat="34.4862463" lon="136.7039622"><ele>6.3566666666666665</ele><time>2026-09-24T04:13:42Z</time></trkpt><trkpt lat="34.486062" lon="136.7039534"><ele>6.243333333333333</ele><time>2026-09-24T04:13:57Z</time></trkpt><trkpt lat="34.4858553" lon="136.7039158"><ele>6.446666666666666</ele><time>2026-09-24T04:14:15Z</time></trkpt><trkpt lat="34.4857025" lon="136.7040378"><ele>7.293333333333334</ele><time>2026-09-24T04:14:40Z</time></trkpt><trkpt lat="34.4858724" lon="136.7041832"><ele>7.396666666666667</ele><time>2026-09-24T04:15:41Z</time></trkpt><trkpt lat="34.4857367" lon="136.7040315"><ele>8.073333333333334</ele><time>2026-09-24T04:15:58Z</time></trkpt><trkpt lat="34.4855448" lon="136.7040669"><ele>10.866666666666667</ele><time>2026-09-24T04:16:25Z</time></trkpt><trkpt lat="34.4854547" lon="136.7042637"><ele>15.59666666666667</ele><time>2026-09-24T04:16:49Z</time></trkpt><trkpt lat="34.4853009" lon="136.7041277"><ele>20.523333333333333</ele><time>2026-09-24T04:17:05Z</time></trkpt><trkpt lat="34.4852411" lon="136.7038884"><ele>22.99</ele><time>2026-09-24T04:20:44Z</time></trkpt><trkpt lat="34.4852362" lon="136.7041175"><ele>24.39</ele><time>2026-09-24T04:21:15Z</time></trkpt><trkpt lat="34.4853926" lon="136.7042364"><ele>23.953333333333333</ele><time>2026-09-24T04:21:30Z</time></trkpt><trkpt lat="34.4855664" lon="136.7041661"><ele>20.55</ele><time>2026-09-24T04:21:47Z</time></trkpt><trkpt lat="34.4856634" lon="136.7039693"><ele>15.373333333333335</ele><time>2026-09-24T04:22:03Z</time></trkpt><trkpt lat="34.4857434" lon="136.703757"><ele>10.676666666666668</ele><time>2026-09-24T04:22:20Z</time></trkpt><trkpt lat="34.4858774" lon="136.7035954"><ele>8.646666666666667</ele><time>2026-09-24T04:22:45Z</time></trkpt><trkpt lat="34.4857883" lon="136.7038067"><ele>8.076666666666666</ele><time>2026-09-24T04:24:13Z</time></trkpt><trkpt lat="34.485975" lon="136.7038583"><ele>7.616666666666666</ele><time>2026-09-24T04:24:31Z</time></trkpt><trkpt lat="34.4861543" lon="136.7038918"><ele>7.1000000000000005</ele><time>2026-09-24T04:24:46Z</time></trkpt><trkpt lat="34.4863358" lon="136.7039993"><ele>6.510000000000001</ele><time>2026-09-24T04:25:01Z</time></trkpt><trkpt lat="34.4864611" lon="136.7042028"><ele>6.126666666666666</ele><time>2026-09-24T04:25:16Z</time></trkpt><trkpt lat="34.4864394" lon="136.7044693"><ele>5.6933333333333325</ele><time>2026-09-24T04:25:46Z</time></trkpt><trkpt lat="34.4864502" lon="136.7047212"><ele>5.489999999999999</ele><time>2026-09-24T04:26:00Z</time></trkpt><trkpt lat="34.486381" lon="136.7049482"><ele>5.343333333333334</ele><time>2026-09-24T04:26:37Z</time></trkpt><trkpt lat="34.4864311" lon="136.7051947"><ele>5.239999999999999</ele><time>2026-09-24T04:26:55Z</time></trkpt><trkpt lat="34.4865015" lon="136.7054463"><ele>5.170000000000001</ele><time>2026-09-24T04:27:10Z</time></trkpt><trkpt lat="34.4866133" lon="136.7056646"><ele>5.206666666666667</ele><time>2026-09-24T04:27:25Z</time></trkpt><trkpt lat="34.486742" lon="136.7058327"><ele>5.266666666666667</ele><time>2026-09-24T04:27:39Z</time></trkpt><trkpt lat="34.4868349" lon="136.7060688"><ele>5.286666666666667</ele><time>2026-09-24T04:28:02Z</time></trkpt><trkpt lat="34.486746" lon="136.7062817"><ele>5.213333333333334</ele><time>2026-09-24T04:28:19Z</time></trkpt><trkpt lat="34.4866591" lon="136.706302"><ele>5.03</ele><time>2026-09-24T04:34:24Z</time></trkpt><trkpt lat="34.4867978" lon="136.7061596"><ele>5.095000000000001</ele><time>2026-09-24T04:34:37Z</time></trkpt><trkpt lat="34.4869885" lon="136.7060701"><ele>5.123333333333334</ele><time>2026-09-24T04:34:45Z</time></trkpt><trkpt lat="34.4871567" lon="136.7061558"><ele>5.096666666666667</ele><time>2026-09-24T04:35:00Z</time></trkpt><trkpt lat="34.4873096" lon="136.7063435"><ele>4.9433333333333325</ele><time>2026-09-24T04:35:27Z</time></trkpt><trkpt lat="34.4874025" lon="136.7065701"><ele>4.663333333333333</ele><time>2026-09-24T04:35:41Z</time></trkpt><trkpt lat="34.4875796" lon="136.7066783"><ele>4.376666666666666</ele><time>2026-09-24T04:35:58Z</time></trkpt><trkpt lat="34.48746" lon="136.7069065"><ele>4.183333333333334</ele><time>2026-09-24T04:36:26Z</time></trkpt><trkpt lat="34.4873405" lon="136.7070951"><ele>4.146666666666667</ele><time>2026-09-24T04:36:40Z</time></trkpt><trkpt lat="34.4871832" lon="136.7072806"><ele>4.3566666666666665</ele><time>2026-09-24T04:36:57Z</time></trkpt><trkpt lat="34.4870364" lon="136.7074598"><ele>4.76</ele><time>2026-09-24T04:37:12Z</time></trkpt><trkpt lat="34.4868704" lon="136.707624"><ele>5.3566666666666665</ele><time>2026-09-24T04:37:29Z</time></trkpt><trkpt lat="34.4867068" lon="136.7077501"><ele>5.926666666666667</ele><time>2026-09-24T04:37:46Z</time></trkpt><trkpt lat="34.4865599" lon="136.7079104"><ele>6.493333333333333</ele><time>2026-09-24T04:38:01Z</time></trkpt><trkpt lat="34.486376" lon="136.7077687"><ele>6.866666666666667</ele><time>2026-09-24T04:38:27Z</time></trkpt><trkpt lat="34.4862045" lon="136.7075994"><ele>7.243333333333335</ele><time>2026-09-24T04:38:43Z</time></trkpt><trkpt lat="34.4860894" lon="136.7073702"><ele>7.573333333333333</ele><time>2026-09-24T04:39:09Z</time></trkpt><trkpt lat="34.4862716" lon="136.7072981"><ele>7.55</ele><time>2026-09-24T04:39:50Z</time></trkpt><trkpt lat="34.4861578" lon="136.7075141"><ele>7.623333333333334</ele><time>2026-09-24T04:40:51Z</time></trkpt><trkpt lat="34.4863581" lon="136.7076935"><ele>7.330000000000001</ele><time>2026-09-24T04:41:05Z</time></trkpt><trkpt lat="34.4865172" lon="136.7078835"><ele>7.346666666666668</ele><time>2026-09-24T04:41:21Z</time></trkpt><trkpt lat="34.4864172" lon="136.7081007"><ele>7.293333333333334</ele><time>2026-09-24T04:41:39Z</time></trkpt><trkpt lat="34.4862816" lon="136.7082596"><ele>7.603333333333334</ele><time>2026-09-24T04:41:55Z</time></trkpt><trkpt lat="34.4861527" lon="136.7084176"><ele>8.090000000000002</ele><time>2026-09-24T04:42:09Z</time></trkpt><trkpt lat="34.4860184" lon="136.7086056"><ele>8.596666666666666</ele><time>2026-09-24T04:42:24Z</time></trkpt><trkpt lat="34.4858793" lon="136.7088054"><ele>9.093333333333334</ele><time>2026-09-24T04:42:39Z</time></trkpt><trkpt lat="34.485709" lon="136.7089783"><ele>9.443333333333335</ele><time>2026-09-24T04:42:56Z</time></trkpt><trkpt lat="34.4856061" lon="136.7091598"><ele>9.603333333333333</ele><time>2026-09-24T04:44:13Z</time></trkpt><trkpt lat="34.4857988" lon="136.7092061"><ele>9.556666666666667</ele><time>2026-09-24T04:44:25Z</time></trkpt><trkpt lat="34.4859147" lon="136.7094089"><ele>9.383333333333333</ele><time>2026-09-24T04:44:59Z</time></trkpt><trkpt lat="34.4859615" lon="136.7096325"><ele>9.176666666666668</ele><time>2026-09-24T04:45:11Z</time></trkpt><trkpt lat="34.4860357" lon="136.7098463"><ele>8.943333333333333</ele><time>2026-09-24T04:45:25Z</time></trkpt><trkpt lat="34.4858807" lon="136.71"><ele>8.86</ele><time>2026-09-24T04:47:38Z</time></trkpt><trkpt lat="34.4857026" lon="136.7101183"><ele>8.803333333333333</ele><time>2026-09-24T04:47:52Z</time></trkpt><trkpt lat="34.4855004" lon="136.7100945"><ele>8.936666666666666</ele><time>2026-09-24T04:48:07Z</time></trkpt><trkpt lat="34.4857125" lon="136.7101328"><ele>8.926666666666668</ele><time>2026-09-24T04:49:08Z</time></trkpt><trkpt lat="34.485701" lon="136.7103953"><ele>8.883333333333335</ele><time>2026-09-24T04:50:10Z</time></trkpt><trkpt lat="34.4855995" lon="136.7106051"><ele>8.756666666666668</ele><time>2026-09-24T04:50:22Z</time></trkpt><trkpt lat="34.4855168" lon="136.7108419"><ele>8.706666666666667</ele><time>2026-09-24T04:50:37Z</time></trkpt><trkpt lat="34.4854133" lon="136.7110221"><ele>8.65</ele><time>2026-09-24T04:50:49Z</time></trkpt><trkpt lat="34.4853076" lon="136.7112109"><ele>8.49</ele><time>2026-09-24T04:51:18Z</time></trkpt><trkpt lat="34.4852602" lon="136.7114428"><ele>8.296666666666667</ele><time>2026-09-24T04:51:33Z</time></trkpt><trkpt lat="34.4851984" lon="136.7116624"><ele>8.096666666666666</ele><time>2026-09-24T04:51:47Z</time></trkpt><trkpt lat="34.4851784" lon="136.7118885"><ele>7.933333333333334</ele><time>2026-09-24T04:52:01Z</time></trkpt><trkpt lat="34.4852415" lon="136.712135"><ele>7.803333333333334</ele><time>2026-09-24T04:52:16Z</time></trkpt><trkpt lat="34.4852849" lon="136.7123534"><ele>7.706666666666667</ele><time>2026-09-24T04:52:31Z</time></trkpt><trkpt lat="34.4854047" lon="136.7125398"><ele>7.666666666666667</ele><time>2026-09-24T04:52:45Z</time></trkpt><trkpt lat="34.4854058" lon="136.7127594"><ele>7.57</ele><time>2026-09-24T04:52:57Z</time></trkpt><trkpt lat="34.4854102" lon="136.7129944"><ele>7.466666666666666</ele><time>2026-09-24T04:53:14Z</time></trkpt><trkpt lat="34.4854938" lon="136.7132184"><ele>7.263333333333333</ele><time>2026-09-24T04:53:28Z</time></trkpt><trkpt lat="34.4855642" lon="136.7134367"><ele>7.073333333333334</ele><time>2026-09-24T04:53:42Z</time></trkpt><trkpt lat="34.4856725" lon="136.7136472"><ele>6.836666666666667</ele><time>2026-09-24T04:53:57Z</time></trkpt><trkpt lat="34.4857175" lon="136.7138586"><ele>6.626666666666668</ele><time>2026-09-24T04:54:12Z</time></trkpt><trkpt lat="34.4858044" lon="136.71406"><ele>6.396666666666667</ele><time>2026-09-24T04:54:25Z</time></trkpt><trkpt lat="34.4858948" lon="136.7142887"><ele>6.186666666666667</ele><time>2026-09-24T04:54:43Z</time></trkpt><trkpt lat="34.4860042" lon="136.7144852"><ele>5.93</ele><time>2026-09-24T04:55:02Z</time></trkpt><trkpt lat="34.486011" lon="136.7147209"><ele>5.7299999999999995</ele><time>2026-09-24T04:55:13Z</time></trkpt><trkpt lat="34.4859823" lon="136.7149639"><ele>5.516666666666667</ele><time>2026-09-24T04:56:03Z</time></trkpt><trkpt lat="34.4860261" lon="136.7151826"><ele>5.076666666666667</ele><time>2026-09-24T04:56:55Z</time></trkpt><trkpt lat="34.486016" lon="136.7154023"><ele>4.296666666666668</ele><time>2026-09-24T04:57:10Z</time></trkpt><trkpt lat="34.4859238" lon="136.715599"><ele>3.7300000000000004</ele><time>2026-09-24T04:58:58Z</time></trkpt><trkpt lat="34.4858164" lon="136.7157809"><ele>3.77</ele><time>2026-09-24T04:59:10Z</time></trkpt><trkpt lat="34.4857301" lon="136.7160402"><ele>4.33</ele><time>2026-09-24T04:59:28Z</time></trkpt><trkpt lat="34.4856418" lon="136.7162587"><ele>4.976666666666667</ele><time>2026-09-24T04:59:42Z</time></trkpt><trkpt lat="34.4854921" lon="136.7164309"><ele>5.5633333333333335</ele><time>2026-09-24T05:00:02Z</time></trkpt><trkpt lat="34.4854083" lon="136.7166707"><ele>6.283333333333334</ele><time>2026-09-24T05:00:17Z</time></trkpt><trkpt lat="34.4853294" lon="136.7168877"><ele>7.12</ele><time>2026-09-24T05:00:31Z</time></trkpt><trkpt lat="34.4852269" lon="136.7171061"><ele>7.853333333333334</ele><time>2026-09-24T05:00:47Z</time></trkpt><trkpt lat="34.4851047" lon="136.7172996"><ele>8.53</ele><time>2026-09-24T05:01:02Z</time></trkpt><trkpt lat="34.4850975" lon="136.717367"><ele>9.22</ele><time>2026-09-24T05:25:38Z</time></trkpt><trkpt lat="34.4852144" lon="136.7175499"><ele>9.105</ele><time>2026-09-24T05:25:56Z</time></trkpt><trkpt lat="34.4853156" lon="136.7177952"><ele>9.116666666666667</ele><time>2026-09-24T05:26:11Z</time></trkpt><trkpt lat="34.4853798" lon="136.718003"><ele>9.143333333333334</ele><time>2026-09-24T05:26:22Z</time></trkpt><trkpt lat="34.4853961" lon="136.718244"><ele>9.280000000000001</ele><time>2026-09-24T05:26:37Z</time></trkpt><trkpt lat="34.4853217" lon="136.718496"><ele>9.373333333333335</ele><time>2026-09-24T05:26:54Z</time></trkpt><trkpt lat="34.4852446" lon="136.7187145"><ele>9.46</ele><time>2026-09-24T05:27:09Z</time></trkpt><trkpt lat="34.4851141" lon="136.7188792"><ele>9.556666666666667</ele><time>2026-09-24T05:27:21Z</time></trkpt><trkpt lat="34.4850074" lon="136.7190826"><ele>9.673333333333334</ele><time>2026-09-24T05:27:39Z</time></trkpt><trkpt lat="34.4848269" lon="136.7191271"><ele>9.780000000000001</ele><time>2026-09-24T05:27:56Z</time></trkpt><trkpt lat="34.484683" lon="136.7193028"><ele>10.246666666666666</ele><time>2026-09-24T05:28:10Z</time></trkpt><trkpt lat="34.4845482" lon="136.719468"><ele>11.143333333333333</ele><time>2026-09-24T05:28:24Z</time></trkpt><trkpt lat="34.4843833" lon="136.719564"><ele>12.413333333333334</ele><time>2026-09-24T05:28:50Z</time></trkpt><trkpt lat="34.4842339" lon="136.7197239"><ele>14.266666666666666</ele><time>2026-09-24T05:29:04Z</time></trkpt><trkpt lat="34.4840893" lon="136.7198585"><ele>16.386666666666667</ele><time>2026-09-24T05:29:18Z</time></trkpt><trkpt lat="34.4839496" lon="136.7200084"><ele>18.576666666666668</ele><time>2026-09-24T05:29:32Z</time></trkpt><trkpt lat="34.483807" lon="136.7201748"><ele>21.363333333333333</ele><time>2026-09-24T05:29:46Z</time></trkpt><trkpt lat="34.4836771" lon="136.7203273"><ele>24.55</ele><time>2026-09-24T05:30:00Z</time></trkpt><trkpt lat="34.4835351" lon="136.720479"><ele>27.44333333333333</ele><time>2026-09-24T05:30:15Z</time></trkpt><trkpt lat="34.483396" lon="136.7206248"><ele>28.883333333333336</ele><time>2026-09-24T05:30:30Z</time></trkpt><trkpt lat="34.483211" lon="136.7207522"><ele>29.070000000000004</ele><time>2026-09-24T05:30:45Z</time></trkpt><trkpt lat="34.4830182" lon="136.7208502"><ele>28.916666666666668</ele><time>2026-09-24T05:31:00Z</time></trkpt><trkpt lat="34.4828045" lon="136.720911"><ele>28.313333333333333</ele><time>2026-09-24T05:31:15Z</time></trkpt><trkpt lat="34.4826" lon="136.7209695"><ele>27.650000000000002</ele><time>2026-09-24T05:31:30Z</time></trkpt><trkpt lat="34.4824334" lon="136.7211101"><ele>26.63</ele><time>2026-09-24T05:31:45Z</time></trkpt><trkpt lat="34.4822593" lon="136.7212834"><ele>26.08666666666667</ele><time>2026-09-24T05:32:05Z</time></trkpt><trkpt lat="34.4821292" lon="136.7214375"><ele>26.026666666666667</ele><time>2026-09-24T05:32:20Z</time></trkpt><trkpt lat="34.4819896" lon="136.7216284"><ele>26.74</ele><time>2026-09-24T05:32:41Z</time></trkpt><trkpt lat="34.481829" lon="136.7217963"><ele>27.543333333333333</ele><time>2026-09-24T05:32:58Z</time></trkpt><trkpt lat="34.4816614" lon="136.7219173"><ele>28.266666666666666</ele><time>2026-09-24T05:33:12Z</time></trkpt><trkpt lat="34.4814772" lon="136.7220227"><ele>29.080000000000002</ele><time>2026-09-24T05:33:26Z</time></trkpt><trkpt lat="34.4812575" lon="136.7220805"><ele>29.646666666666665</ele><time>2026-09-24T05:33:53Z</time></trkpt><trkpt lat="34.481286" lon="136.72232"><ele>30.0</ele><time>2026-09-24T05:34:20Z</time></trkpt><trkpt lat="34.4810828" lon="136.7223068"><ele>30.0</ele><time>2026-09-24T05:34:47Z</time></trkpt><trkpt lat="34.4808881" lon="136.7223814"><ele>30.0</ele><time>2026-09-24T05:35:06Z</time></trkpt><trkpt lat="34.4806744" lon="136.7223523"><ele>30.0</ele><time>2026-09-24T05:35:21Z</time></trkpt><trkpt lat="34.4804807" lon="136.722345"><ele>30.0</ele><time>2026-09-24T05:35:40Z</time></trkpt><trkpt lat="34.4803414" lon="136.7221802"><ele>30.0</ele><time>2026-09-24T05:36:07Z</time></trkpt><trkpt lat="34.4801537" lon="136.7221529"><ele>30.01</ele><time>2026-09-24T05:36:19Z</time></trkpt><trkpt lat="34.4800196" lon="136.7220063"><ele>30.040000000000003</ele><time>2026-09-24T05:36:33Z</time></trkpt><trkpt lat="34.4798567" lon="136.721856"><ele>30.13</ele><time>2026-09-24T05:36:47Z</time></trkpt><trkpt lat="34.4796744" lon="136.7217816"><ele>30.310000000000002</ele><time>2026-09-24T05:37:03Z</time></trkpt><trkpt lat="34.479552" lon="136.7216187"><ele>30.156666666666666</ele><time>2026-09-24T05:37:29Z</time></trkpt><trkpt lat="34.4794015" lon="136.7214822"><ele>29.636666666666667</ele><time>2026-09-24T05:37:47Z</time></trkpt><trkpt lat="34.4792314" lon="136.7213997"><ele>29.44666666666667</ele><time>2026-09-24T05:38:00Z</time></trkpt><trkpt lat="34.4790405" lon="136.7213975"><ele>29.570000000000004</ele><time>2026-09-24T05:38:14Z</time></trkpt><trkpt lat="34.4788507" lon="136.721448"><ele>30.0</ele><time>2026-09-24T05:38:29Z</time></trkpt><trkpt lat="34.4786682" lon="136.7214718"><ele>30.0</ele><time>2026-09-24T05:38:54Z</time></trkpt><trkpt lat="34.4786594" lon="136.7216945"><ele>30.0</ele><time>2026-09-24T05:39:22Z</time></trkpt><trkpt lat="34.4787238" lon="136.7214507"><ele>30.0</ele><time>2026-09-24T05:40:07Z</time></trkpt><trkpt lat="34.4786279" lon="136.721258"><ele>30.0</ele><time>2026-09-24T05:40:28Z</time></trkpt><trkpt lat="34.478459" lon="136.7211416"><ele>30.0</ele><time>2026-09-24T05:40:43Z</time></trkpt><trkpt lat="34.478275" lon="136.7211042"><ele>30.0</ele><time>2026-09-24T05:40:54Z</time></trkpt><trkpt lat="34.4780715" lon="136.7210547"><ele>30.0</ele><time>2026-09-24T05:41:09Z</time></trkpt><trkpt lat="34.4778655" lon="136.721051"><ele>30.0</ele><time>2026-09-24T05:41:24Z</time></trkpt><trkpt lat="34.4776586" lon="136.7210182"><ele>30.0</ele><time>2026-09-24T05:41:47Z</time></trkpt><trkpt lat="34.4774682" lon="136.7209568"><ele>30.0</ele><time>2026-09-24T05:42:01Z</time></trkpt><trkpt lat="34.477317" lon="136.7208136"><ele>30.0</ele><time>2026-09-24T05:42:36Z</time></trkpt><trkpt lat="34.4772217" lon="136.7210081"><ele>30.0</ele><time>2026-09-24T05:42:45Z</time></trkpt><trkpt lat="34.4770928" lon="136.7211703"><ele>30.0</ele><time>2026-09-24T05:43:47Z</time></trkpt><trkpt lat="34.4771958" lon="136.7213589"><ele>30.0</ele><time>2026-09-24T05:45:57Z</time></trkpt><trkpt lat="34.4772224" lon="136.7211325"><ele>30.0</ele><time>2026-09-24T05:47:10Z</time></trkpt><trkpt lat="34.4773178" lon="136.7209183"><ele>30.0</ele><time>2026-09-24T05:47:28Z</time></trkpt><trkpt lat="34.4772267" lon="136.7206803"><ele>30.0</ele><time>2026-09-24T05:47:48Z</time></trkpt><trkpt lat="34.4770528" lon="136.7205096"><ele>30.0</ele><time>2026-09-24T05:48:03Z</time></trkpt><trkpt lat="34.4768693" lon="136.7204029"><ele>30.0</ele><time>2026-09-24T05:48:21Z</time></trkpt><trkpt lat="34.4766977" lon="136.7202732"><ele>30.0</ele><time>2026-09-24T05:48:35Z</time></trkpt><trkpt lat="34.4764985" lon="136.7202274"><ele>30.026666666666667</ele><time>2026-09-24T05:48:50Z</time></trkpt><trkpt lat="34.4762911" lon="136.720227"><ele>30.060000000000002</ele><time>2026-09-24T05:49:05Z</time></trkpt><trkpt lat="34.4761777" lon="136.7202051"><ele>30.19</ele><time>2026-09-24T05:50:21Z</time></trkpt><trkpt lat="34.476015" lon="136.7200939"><ele>30.175</ele><time>2026-09-24T05:50:44Z</time></trkpt><trkpt lat="34.4758336" lon="136.7200951"><ele>30.143333333333334</ele><time>2026-09-24T05:50:56Z</time></trkpt><trkpt lat="34.4756452" lon="136.7200848"><ele>30.143333333333334</ele><time>2026-09-24T05:51:59Z</time></trkpt><trkpt lat="34.4754756" lon="136.7200069"><ele>30.223333333333333</ele><time>2026-09-24T05:52:11Z</time></trkpt><trkpt lat="34.4753048" lon="136.7198993"><ele>30.33666666666667</ele><time>2026-09-24T05:52:25Z</time></trkpt><trkpt lat="34.4751256" lon="136.7198174"><ele>30.44</ele><time>2026-09-24T05:52:40Z</time></trkpt><trkpt lat="34.4749571" lon="136.7197331"><ele>30.503333333333334</ele><time>2026-09-24T05:52:55Z</time></trkpt><trkpt lat="34.4748041" lon="136.7196161"><ele>30.596666666666668</ele><time>2026-09-24T05:53:09Z</time></trkpt><trkpt lat="34.4746242" lon="136.7194998"><ele>30.666666666666668</ele><time>2026-09-24T05:53:34Z</time></trkpt><trkpt lat="34.4744714" lon="136.7193155"><ele>30.676666666666666</ele><time>2026-09-24T05:53:49Z</time></trkpt><trkpt lat="34.4742718" lon="136.7192322"><ele>30.599999999999998</ele><time>2026-09-24T05:54:03Z</time></trkpt><trkpt lat="34.4740774" lon="136.7191347"><ele>30.543333333333333</ele><time>2026-09-24T05:54:17Z</time></trkpt><trkpt lat="34.4738875" lon="136.7190691"><ele>30.536666666666665</ele><time>2026-09-24T05:54:32Z</time></trkpt><trkpt lat="34.4737007" lon="136.7189909"><ele>30.643333333333334</ele><time>2026-09-24T05:54:46Z</time></trkpt><trkpt lat="34.4734895" lon="136.7189262"><ele>30.820000000000004</ele><time>2026-09-24T05:55:01Z</time></trkpt><trkpt lat="34.4733004" lon="136.7188698"><ele>31.02</ele><time>2026-09-24T05:55:16Z</time></trkpt><trkpt lat="34.4731143" lon="136.7188096"><ele>31.189999999999998</ele><time>2026-09-24T05:55:31Z</time></trkpt><trkpt lat="34.4729167" lon="136.7187828"><ele>31.236666666666668</ele><time>2026-09-24T05:55:48Z</time></trkpt><trkpt lat="34.4727261" lon="136.7187635"><ele>31.27666666666667</ele><time>2026-09-24T05:56:05Z</time></trkpt><trkpt lat="34.4725343" lon="136.7186841"><ele>31.47666666666667</ele><time>2026-09-24T05:56:20Z</time></trkpt><trkpt lat="34.472349" lon="136.7185925"><ele>31.94333333333333</ele><time>2026-09-24T05:56:35Z</time></trkpt><trkpt lat="34.472193" lon="136.7184723"><ele>32.6</ele><time>2026-09-24T05:56:47Z</time></trkpt><trkpt lat="34.4720276" lon="136.7183541"><ele>33.20333333333334</ele><time>2026-09-24T05:57:02Z</time></trkpt><trkpt lat="34.4718659" lon="136.7182434"><ele>33.733333333333334</ele><time>2026-09-24T05:57:17Z</time></trkpt><trkpt lat="34.4716943" lon="136.7181198"><ele>34.123333333333335</ele><time>2026-09-24T05:57:39Z</time></trkpt><trkpt lat="34.4715207" lon="136.718044"><ele>34.49</ele><time>2026-09-24T05:57:54Z</time></trkpt><trkpt lat="34.4713262" lon="136.7180039"><ele>34.690000000000005</ele><time>2026-09-24T05:58:12Z</time></trkpt><trkpt lat="34.4711252" lon="136.7180319"><ele>35.02666666666667</ele><time>2026-09-24T05:58:29Z</time></trkpt><trkpt lat="34.4709359" lon="136.7180491"><ele>35.6</ele><time>2026-09-24T05:58:43Z</time></trkpt><trkpt lat="34.4707434" lon="136.7181068"><ele>36.29333333333333</ele><time>2026-09-24T05:58:58Z</time></trkpt><trkpt lat="34.4705512" lon="136.7181883"><ele>36.61333333333334</ele><time>2026-09-24T05:59:13Z</time></trkpt><trkpt lat="34.4703524" lon="136.7182783"><ele>36.126666666666665</ele><time>2026-09-24T05:59:30Z</time></trkpt><trkpt lat="34.4701469" lon="136.7183663"><ele>35.06333333333333</ele><time>2026-09-24T05:59:46Z</time></trkpt><trkpt lat="34.4699604" lon="136.7183902"><ele>35.22666666666667</ele><time>2026-09-24T06:00:01Z</time></trkpt><trkpt lat="34.4697853" lon="136.718461"><ele>36.193333333333335</ele><time>2026-09-24T06:00:15Z</time></trkpt><trkpt lat="34.4696123" lon="136.7183851"><ele>38.35666666666666</ele><time>2026-09-24T06:00:33Z</time></trkpt><trkpt lat="34.4695781" lon="136.7186082"><ele>38.72666666666667</ele><time>2026-09-24T06:01:45Z</time></trkpt><trkpt lat="34.469372" lon="136.7185522"><ele>39.26666666666667</ele><time>2026-09-24T06:02:18Z</time></trkpt><trkpt lat="34.4692155" lon="136.7186843"><ele>38.9</ele><time>2026-09-24T06:03:46Z</time></trkpt><trkpt lat="34.4691051" lon="136.7188864"><ele>39.09</ele><time>2026-09-24T06:04:23Z</time></trkpt><trkpt lat="34.4689561" lon="136.7190145"><ele>38.76666666666667</ele><time>2026-09-24T06:04:58Z</time></trkpt><trkpt lat="34.4687369" lon="136.7190185"><ele>37.72666666666667</ele><time>2026-09-24T06:06:09Z</time></trkpt><trkpt lat="34.4685579" lon="136.719128"><ele>36.13</ele><time>2026-09-24T06:06:27Z</time></trkpt><trkpt lat="34.4683788" lon="136.7191853"><ele>34.690000000000005</ele><time>2026-09-24T06:07:00Z</time></trkpt><trkpt lat="34.4681945" lon="136.7192891"><ele>31.813333333333336</ele><time>2026-09-24T06:07:20Z</time></trkpt><trkpt lat="34.4680284" lon="136.7193805"><ele>28.900000000000006</ele><time>2026-09-24T06:07:32Z</time></trkpt><trkpt lat="34.4678409" lon="136.7194635"><ele>24.613333333333333</ele><time>2026-09-24T06:07:47Z</time></trkpt><trkpt lat="34.4676492" lon="136.7195249"><ele>22.16</ele><time>2026-09-24T06:08:02Z</time></trkpt><trkpt lat="34.4674588" lon="136.7196096"><ele>20.153333333333332</ele><time>2026-09-24T06:08:27Z</time></trkpt><trkpt lat="34.4672528" lon="136.7196994"><ele>19.136666666666667</ele><time>2026-09-24T06:08:42Z</time></trkpt><trkpt lat="34.467069" lon="136.7197764"><ele>18.246666666666666</ele><time>2026-09-24T06:08:56Z</time></trkpt><trkpt lat="34.4668844" lon="136.7198647"><ele>17.49</ele><time>2026-09-24T06:09:56Z</time></trkpt><trkpt lat="34.4667013" lon="136.7198804"><ele>17.166666666666668</ele><time>2026-09-24T06:10:07Z</time></trkpt><trkpt lat="34.4666083" lon="136.7200697"><ele>17.36</ele><time>2026-09-24T06:10:33Z</time></trkpt><trkpt lat="34.4665754" lon="136.7202858"><ele>17.80666666666667</ele><time>2026-09-24T06:10:47Z</time></trkpt><trkpt lat="34.4666157" lon="136.7205"><ele>17.543333333333333</ele><time>2026-09-24T06:11:17Z</time></trkpt><trkpt lat="34.4668008" lon="136.720451"><ele>16.72</ele><time>2026-09-24T06:11:36Z</time></trkpt><trkpt lat="34.466635" lon="136.7203502"><ele>16.44</ele><time>2026-09-24T06:14:45Z</time></trkpt><trkpt lat="34.4666814" lon="136.7204094"><ele>16.44</ele><time>2026-09-24T06:18:29Z</time></trkpt><trkpt lat="34.4667953" lon="136.7206111"><ele>15.825000000000001</ele><time>2026-09-24T06:19:03Z</time></trkpt><trkpt lat="34.4669264" lon="136.7208098"><ele>15.5</ele><time>2026-09-24T06:19:36Z</time></trkpt><trkpt lat="34.4669327" lon="136.7210353"><ele>15.14</ele><time>2026-09-24T06:19:50Z</time></trkpt><trkpt lat="34.4669353" lon="136.7212867"><ele>15.040000000000001</ele><time>2026-09-24T06:20:05Z</time></trkpt><trkpt lat="34.4669898" lon="136.7215017"><ele>15.073333333333332</ele><time>2026-09-24T06:20:21Z</time></trkpt><trkpt lat="34.4669624" lon="136.7212633"><ele>15.063333333333333</ele><time>2026-09-24T06:21:15Z</time></trkpt><trkpt lat="34.4669699" lon="136.7210003"><ele>15.36</ele><time>2026-09-24T06:22:19Z</time></trkpt><trkpt lat="34.4669514" lon="136.7207748"><ele>15.506666666666668</ele><time>2026-09-24T06:22:31Z</time></trkpt><trkpt lat="34.4667926" lon="136.7206212"><ele>15.466666666666669</ele><time>2026-09-24T06:23:07Z</time></trkpt><trkpt lat="34.4665828" lon="136.7205269"><ele>15.926666666666668</ele><time>2026-09-24T06:23:44Z</time></trkpt><trkpt lat="34.4664267" lon="136.720691"><ele>16.383333333333336</ele><time>2026-09-24T06:24:15Z</time></trkpt><trkpt lat="34.4663851" lon="136.7209029"><ele>16.426666666666666</ele><time>2026-09-24T06:24:27Z</time></trkpt><trkpt lat="34.466324" lon="136.7211184"><ele>15.246666666666668</ele><time>2026-09-24T06:24:39Z</time></trkpt><trkpt lat="34.4662517" lon="136.721345"><ele>13.613333333333335</ele><time>2026-09-24T06:25:10Z</time></trkpt><trkpt lat="34.466037" lon="136.7214192"><ele>12.9</ele><time>2026-09-24T06:25:48Z</time></trkpt><trkpt lat="34.4659589" lon="136.7216506"><ele>12.293333333333335</ele><time>2026-09-24T06:26:44Z</time></trkpt><trkpt lat="34.4659107" lon="136.7219001"><ele>12.426666666666668</ele><time>2026-09-24T06:26:59Z</time></trkpt><trkpt lat="34.4659163" lon="136.7221182"><ele>12.283333333333331</ele><time>2026-09-24T06:27:14Z</time></trkpt><trkpt lat="34.4656947" lon="136.7221845"><ele>12.9</ele><time>2026-09-24T06:27:32Z</time></trkpt><trkpt lat="34.4654939" lon="136.7221853"><ele>13.76</ele><time>2026-09-24T06:27:48Z</time></trkpt><trkpt lat="34.4653131" lon="136.7222906"><ele>14.516666666666666</ele><time>2026-09-24T06:28:20Z</time></trkpt><trkpt lat="34.4651235" lon="136.7224048"><ele>14.446666666666667</ele><time>2026-09-24T06:28:38Z</time></trkpt><trkpt lat="34.4649517" lon="136.7225395"><ele>13.773333333333333</ele><time>2026-09-24T06:28:52Z</time></trkpt><trkpt lat="34.4647591" lon="136.7226419"><ele>12.986666666666666</ele><time>2026-09-24T06:29:08Z</time></trkpt><trkpt lat="34.4645702" lon="136.7227028"><ele>12.716666666666667</ele><time>2026-09-24T06:29:23Z</time></trkpt><trkpt lat="34.4644012" lon="136.7227851"><ele>12.603333333333333</ele><time>2026-09-24T06:29:35Z</time></trkpt><trkpt lat="34.4642255" lon="136.7228533"><ele>12.493333333333334</ele><time>2026-09-24T06:29:49Z</time></trkpt><trkpt lat="34.464036" lon="136.7228692"><ele>12.423333333333332</ele><time>2026-09-24T06:30:16Z</time></trkpt><trkpt lat="34.4638871" lon="136.7230576"><ele>12.193333333333333</ele><time>2026-09-24T06:30:39Z</time></trkpt><trkpt lat="34.4636724" lon="136.7230751"><ele>12.036666666666667</ele><time>2026-09-24T06:31:09Z</time></trkpt><trkpt lat="34.4634814" lon="136.7231578"><ele>11.806666666666667</ele><time>2026-09-24T06:31:24Z</time></trkpt><trkpt lat="34.4632491" lon="136.7232095"><ele>11.84666666666667</ele><time>2026-09-24T06:31:46Z</time></trkpt><trkpt lat="34.463038" lon="136.7232511"><ele>11.813333333333333</ele><time>2026-09-24T06:32:06Z</time></trkpt><trkpt lat="34.4628688" lon="136.7233348"><ele>11.763333333333334</ele><time>2026-09-24T06:32:20Z</time></trkpt><trkpt lat="34.4626874" lon="136.7234349"><ele>11.62</ele><time>2026-09-24T06:32:36Z</time></trkpt><trkpt lat="34.4624713" lon="136.7234178"><ele>11.549999999999999</ele><time>2026-09-24T06:33:34Z</time></trkpt><trkpt lat="34.4622985" lon="136.7235215"><ele>11.436666666666667</ele><time>2026-09-24T06:33:46Z</time></trkpt><trkpt lat="34.4620791" lon="136.7234888"><ele>11.4</ele><time>2026-09-24T06:34:18Z</time></trkpt><trkpt lat="34.4618908" lon="136.723481"><ele>11.49</ele><time>2026-09-24T06:34:32Z</time></trkpt><trkpt lat="34.4616953" lon="136.7235243"><ele>11.68</ele><time>2026-09-24T06:34:50Z</time></trkpt><trkpt lat="34.4614888" lon="136.7234765"><ele>11.806666666666667</ele><time>2026-09-24T06:35:07Z</time></trkpt><trkpt lat="34.4612805" lon="136.7234553"><ele>11.770000000000001</ele><time>2026-09-24T06:35:24Z</time></trkpt><trkpt lat="34.4610712" lon="136.7234045"><ele>11.746666666666668</ele><time>2026-09-24T06:35:54Z</time></trkpt><trkpt lat="34.4608743" lon="136.7233491"><ele>11.926666666666668</ele><time>2026-09-24T06:36:19Z</time></trkpt><trkpt lat="34.4606779" lon="136.7232865"><ele>12.293333333333335</ele><time>2026-09-24T06:36:34Z</time></trkpt><trkpt lat="34.4604875" lon="136.7232434"><ele>12.733333333333334</ele><time>2026-09-24T06:36:52Z</time></trkpt><trkpt lat="34.4603052" lon="136.7232631"><ele>13.036666666666667</ele><time>2026-09-24T06:38:36Z</time></trkpt><trkpt lat="34.4601335" lon="136.7231775"><ele>13.326666666666668</ele><time>2026-09-24T06:38:58Z</time></trkpt><trkpt lat="34.4599534" lon="136.7231934"><ele>13.546666666666667</ele><time>2026-09-24T06:39:19Z</time></trkpt><trkpt lat="34.4597731" lon="136.7231224"><ele>13.68</ele><time>2026-09-24T06:39:33Z</time></trkpt><trkpt lat="34.4595623" lon="136.7230538"><ele>13.476666666666667</ele><time>2026-09-24T06:40:11Z</time></trkpt><trkpt lat="34.4593752" lon="136.722941"><ele>13.606666666666667</ele><time>2026-09-24T06:40:26Z</time></trkpt><trkpt lat="34.4591905" lon="136.7229497"><ele>13.719999999999999</ele><time>2026-09-24T06:40:40Z</time></trkpt><trkpt lat="34.4591243" lon="136.7227429"><ele>14.203333333333333</ele><time>2026-09-24T06:40:57Z</time></trkpt><trkpt lat="34.4589979" lon="136.7229486"><ele>13.633333333333333</ele><time>2026-09-24T06:41:53Z</time></trkpt><trkpt lat="34.4588006" lon="136.7230653"><ele>11.780000000000001</ele><time>2026-09-24T06:42:57Z</time></trkpt><trkpt lat="34.4586983" lon="136.7232833"><ele>9.176666666666668</ele><time>2026-09-24T06:43:20Z</time></trkpt><trkpt lat="34.4585776" lon="136.723464"><ele>8.023333333333333</ele><time>2026-09-24T06:43:32Z</time></trkpt><trkpt lat="34.4584679" lon="136.7236922"><ele>8.790000000000001</ele><time>2026-09-24T06:43:47Z</time></trkpt><trkpt lat="34.458343" lon="136.7238671"><ele>10.636666666666667</ele><time>2026-09-24T06:44:02Z</time></trkpt><trkpt lat="34.4581684" lon="136.7237884"><ele>12.096666666666666</ele><time>2026-09-24T06:44:16Z</time></trkpt><trkpt lat="34.4580143" lon="136.7236219"><ele>13.31</ele><time>2026-09-24T06:44:32Z</time></trkpt><trkpt lat="34.4578325" lon="136.7235085"><ele>14.049999999999999</ele><time>2026-09-24T06:44:49Z</time></trkpt><trkpt lat="34.457685" lon="136.7233363"><ele>14.21</ele><time>2026-09-24T06:45:04Z</time></trkpt><trkpt lat="34.4575288" lon="136.723173"><ele>13.840000000000002</ele><time>2026-09-24T06:45:19Z</time></trkpt><trkpt lat="34.4573676" lon="136.7230544"><ele>13.603333333333333</ele><time>2026-09-24T06:45:33Z</time></trkpt><trkpt lat="34.4571968" lon="136.7228997"><ele>13.516666666666667</ele><time>2026-09-24T06:45:55Z</time></trkpt><trkpt lat="34.4570314" lon="136.7227662"><ele>13.420000000000002</ele><time>2026-09-24T06:46:09Z</time></trkpt><trkpt lat="34.4568616" lon="136.7226192"><ele>12.893333333333333</ele><time>2026-09-24T06:46:26Z</time></trkpt><trkpt lat="34.4567015" lon="136.7224983"><ele>12.26</ele><time>2026-09-24T06:46:54Z</time></trkpt><trkpt lat="34.4565937" lon="136.7222858"><ele>11.58</ele><time>2026-09-24T06:47:12Z</time></trkpt><trkpt lat="34.4563968" lon="136.7223661"><ele>11.196666666666667</ele><time>2026-09-24T06:48:09Z</time></trkpt><trkpt lat="34.4562276" lon="136.7222246"><ele>10.839999999999998</ele><time>2026-09-24T06:48:20Z</time></trkpt><trkpt lat="34.4560608" lon="136.7221188"><ele>10.693333333333333</ele><time>2026-09-24T06:48:35Z</time></trkpt><trkpt lat="34.4559452" lon="136.7219444"><ele>10.38</ele><time>2026-09-24T06:48:49Z</time></trkpt><trkpt lat="34.4558724" lon="136.7217442"><ele>9.593333333333332</ele><time>2026-09-24T06:49:12Z</time></trkpt><trkpt lat="34.4558189" lon="136.7219717"><ele>9.563333333333333</ele><time>2026-09-24T06:50:06Z</time></trkpt><trkpt lat="34.4557966" lon="136.722233"><ele>9.993333333333332</ele><time>2026-09-24T06:50:23Z</time></trkpt><trkpt lat="34.4556953" lon="136.7224613"><ele>11.443333333333333</ele><time>2026-09-24T06:50:41Z</time></trkpt><trkpt lat="34.4555428" lon="136.7226448"><ele>12.613333333333335</ele><time>2026-09-24T06:50:58Z</time></trkpt><trkpt lat="34.4554573" lon="136.7228498"><ele>13.723333333333334</ele><time>2026-09-24T06:51:15Z</time></trkpt><trkpt lat="34.4553599" lon="136.7230715"><ele>14.726666666666667</ele><time>2026-09-24T06:51:36Z</time></trkpt><trkpt lat="34.4552861" lon="136.723309"><ele>15.366666666666667</ele><time>2026-09-24T06:51:50Z</time></trkpt><trkpt lat="34.4552627" lon="136.7235792"><ele>15.956666666666669</ele><time>2026-09-24T06:52:47Z</time></trkpt><trkpt lat="34.4551474" lon="136.7237605"><ele>16.12</ele><time>2026-09-24T06:53:07Z</time></trkpt><trkpt lat="34.4550754" lon="136.7239815"><ele>16.23</ele><time>2026-09-24T06:53:21Z</time></trkpt><trkpt lat="34.4550245" lon="136.7242176"><ele>16.186666666666667</ele><time>2026-09-24T06:53:36Z</time></trkpt><trkpt lat="34.4548928" lon="136.7243699"><ele>16.320000000000004</ele><time>2026-09-24T06:53:55Z</time></trkpt><trkpt lat="34.4547201" lon="136.7244328"><ele>16.63</ele><time>2026-09-24T06:54:14Z</time></trkpt><trkpt lat="34.4545208" lon="136.7244746"><ele>16.713333333333335</ele><time>2026-09-24T06:54:35Z</time></trkpt><trkpt lat="34.4543562" lon="136.7245823"><ele>16.863333333333333</ele><time>2026-09-24T06:54:47Z</time></trkpt><trkpt lat="34.4541988" lon="136.7247327"><ele>17.013333333333332</ele><time>2026-09-24T06:55:02Z</time></trkpt><trkpt lat="34.4540874" lon="136.7249357"><ele>17.42</ele><time>2026-09-24T06:55:23Z</time></trkpt><trkpt lat="34.4540582" lon="136.7251516"><ele>17.856666666666666</ele><time>2026-09-24T06:55:47Z</time></trkpt><trkpt lat="34.4542617" lon="136.7251834"><ele>19.18</ele><time>2026-09-24T06:56:47Z</time></trkpt><trkpt lat="34.4542087" lon="136.7249736"><ele>20.01666666666667</ele><time>2026-09-24T06:59:40Z</time></trkpt><trkpt lat="34.4541736" lon="136.7248166"><ele>18.19</ele><time>2026-09-24T07:03:28Z</time></trkpt><trkpt lat="34.4543285" lon="136.7246692"><ele>17.865000000000002</ele><time>2026-09-24T07:03:45Z</time></trkpt><trkpt lat="34.4545227" lon="136.7245513"><ele>17.736666666666668</ele><time>2026-09-24T07:04:02Z</time></trkpt><trkpt lat="34.4547182" lon="136.7245031"><ele>17.35333333333333</ele><time>2026-09-24T07:04:17Z</time></trkpt><trkpt lat="34.4548529" lon="136.7246699"><ele>17.683333333333334</ele><time>2026-09-24T07:04:37Z</time></trkpt><trkpt lat="34.4550487" lon="136.7247246"><ele>18.283333333333335</ele><time>2026-09-24T07:04:55Z</time></trkpt><trkpt lat="34.4552333" lon="136.7247224"><ele>19.096666666666668</ele><time>2026-09-24T07:05:16Z</time></trkpt><trkpt lat="34.4553801" lon="136.7248633"><ele>20.023333333333337</ele><time>2026-09-24T07:05:39Z</time></trkpt><trkpt lat="34.4554628" lon="136.7250801"><ele>21.19333333333333</ele><time>2026-09-24T07:05:57Z</time></trkpt><trkpt lat="34.4556566" lon="136.7250289"><ele>21.816666666666663</ele><time>2026-09-24T07:06:21Z</time></trkpt><trkpt lat="34.4558501" lon="136.7250494"><ele>21.203333333333333</ele><time>2026-09-24T07:06:36Z</time></trkpt><trkpt lat="34.4560333" lon="136.7249892"><ele>19.936666666666667</ele><time>2026-09-24T07:07:50Z</time></trkpt><trkpt lat="34.4558665" lon="136.7249018"><ele>19.28</ele><time>2026-09-24T07:08:28Z</time></trkpt><trkpt lat="34.4557988" lon="136.7246743"><ele>19.35666666666667</ele><time>2026-09-24T07:08:45Z</time></trkpt><trkpt lat="34.4556962" lon="136.724486"><ele>19.486666666666665</ele><time>2026-09-24T07:09:00Z</time></trkpt><trkpt lat="34.4555622" lon="136.7242953"><ele>19.466666666666665</ele><time>2026-09-24T07:09:14Z</time></trkpt><trkpt lat="34.4554292" lon="136.7241393"><ele>19.11666666666667</ele><time>2026-09-24T07:09:28Z</time></trkpt><trkpt lat="34.4552902" lon="136.723995"><ele>18.466666666666665</ele><time>2026-09-24T07:09:42Z</time></trkpt><trkpt lat="34.4551824" lon="136.723784"><ele>17.386666666666667</ele><time>2026-09-24T07:10:00Z</time></trkpt><trkpt lat="34.4552303" lon="136.7235248"><ele>16.40666666666667</ele><time>2026-09-24T07:10:17Z</time></trkpt><trkpt lat="34.4553288" lon="136.7233046"><ele>15.71</ele><time>2026-09-24T07:10:34Z</time></trkpt><trkpt lat="34.4553942" lon="136.7230928"><ele>15.546666666666667</ele><time>2026-09-24T07:11:55Z</time></trkpt><trkpt lat="34.4551765" lon="136.7230975"><ele>14.92</ele><time>2026-09-24T07:12:13Z</time></trkpt><trkpt lat="34.4549958" lon="136.7231073"><ele>14.196666666666667</ele><time>2026-09-24T07:12:51Z</time></trkpt><trkpt lat="34.4548225" lon="136.7230291"><ele>13.193333333333333</ele><time>2026-09-24T07:13:12Z</time></trkpt><trkpt lat="34.4546426" lon="136.7229662"><ele>12.516666666666666</ele><time>2026-09-24T07:13:46Z</time></trkpt><trkpt lat="34.4544622" lon="136.7228525"><ele>12.106666666666667</ele><time>2026-09-24T07:14:05Z</time></trkpt><trkpt lat="34.4542807" lon="136.7227555"><ele>12.700000000000001</ele><time>2026-09-24T07:14:20Z</time></trkpt><trkpt lat="34.4541268" lon="136.7226187"><ele>14.583333333333334</ele><time>2026-09-24T07:14:34Z</time></trkpt><trkpt lat="34.4540473" lon="136.7224011"><ele>16.53333333333333</ele><time>2026-09-24T07:15:50Z</time></trkpt><trkpt lat="34.4540494" lon="136.72267"><ele>18.206666666666663</ele><time>2026-09-24T07:16:58Z</time></trkpt><trkpt lat="34.4542476" lon="136.7227664"><ele>17.616666666666667</ele><time>2026-09-24T07:17:16Z</time></trkpt><trkpt lat="34.4543843" lon="136.7229442"><ele>16.263333333333335</ele><time>2026-09-24T07:17:48Z</time></trkpt><trkpt lat="34.4545528" lon="136.7230298"><ele>13.533333333333333</ele><time>2026-09-24T07:18:02Z</time></trkpt><trkpt lat="34.4547576" lon="136.7231021"><ele>13.180000000000001</ele><time>2026-09-24T07:18:31Z</time></trkpt><trkpt lat="34.4549665" lon="136.7231113"><ele>12.976666666666668</ele><time>2026-09-24T07:18:50Z</time></trkpt><trkpt lat="34.455136" lon="136.7231922"><ele>14.0</ele><time>2026-09-24T07:19:04Z</time></trkpt><trkpt lat="34.4553374" lon="136.7232468"><ele>14.430000000000001</ele><time>2026-09-24T07:19:22Z</time></trkpt><trkpt lat="34.4555161" lon="136.7232173"><ele>15.293333333333335</ele><time>2026-09-24T07:19:37Z</time></trkpt><trkpt lat="34.4556924" lon="136.7233267"><ele>15.706666666666669</ele><time>2026-09-24T07:19:51Z</time></trkpt><trkpt lat="34.4558771" lon="136.7234482"><ele>15.476666666666667</ele><time>2026-09-24T07:20:07Z</time></trkpt><trkpt lat="34.4560541" lon="136.7235393"><ele>15.136666666666665</ele><time>2026-09-24T07:20:22Z</time></trkpt><trkpt lat="34.4562352" lon="136.7235962"><ele>14.82</ele><time>2026-09-24T07:20:36Z</time></trkpt><trkpt lat="34.456438" lon="136.7236485"><ele>14.850000000000001</ele><time>2026-09-24T07:20:51Z</time></trkpt><trkpt lat="34.4566336" lon="136.7236509"><ele>15.303333333333333</ele><time>2026-09-24T07:21:09Z</time></trkpt><trkpt lat="34.4568259" lon="136.7235751"><ele>15.923333333333332</ele><time>2026-09-24T07:21:26Z</time></trkpt><trkpt lat="34.457007" lon="136.7234974"><ele>16.206666666666667</ele><time>2026-09-24T07:21:41Z</time></trkpt><trkpt lat="34.4571845" lon="136.7234525"><ele>16.19</ele><time>2026-09-24T07:21:55Z</time></trkpt><trkpt lat="34.4573911" lon="136.7235149"><ele>16.10333333333333</ele><time>2026-09-24T07:22:13Z</time></trkpt><trkpt lat="34.4575898" lon="136.7235321"><ele>15.913333333333332</ele><time>2026-09-24T07:22:28Z</time></trkpt><trkpt lat="34.4577786" lon="136.7236154"><ele>15.696666666666665</ele><time>2026-09-24T07:22:44Z</time></trkpt><trkpt lat="34.4579601" lon="136.7236789"><ele>15.253333333333332</ele><time>2026-09-24T07:23:00Z</time></trkpt><trkpt lat="34.4581187" lon="136.7238014"><ele>14.75</ele><time>2026-09-24T07:23:15Z</time></trkpt><trkpt lat="34.4582161" lon="136.7239873"><ele>14.339999999999998</ele><time>2026-09-24T07:23:36Z</time></trkpt><trkpt lat="34.4581843" lon="136.7242434"><ele>14.503333333333336</ele><time>2026-09-24T07:23:54Z</time></trkpt><trkpt lat="34.4581648" lon="136.7244662"><ele>14.906666666666666</ele><time>2026-09-24T07:24:09Z</time></trkpt><trkpt lat="34.4581777" lon="136.7246969"><ele>15.493333333333334</ele><time>2026-09-24T07:24:24Z</time></trkpt><trkpt lat="34.4582575" lon="136.7248936"><ele>16.623333333333335</ele><time>2026-09-24T07:24:49Z</time></trkpt><trkpt lat="34.4582177" lon="136.7250844"><ele>18.36</ele><time>2026-09-24T07:26:01Z</time></trkpt><trkpt lat="34.4582031" lon="136.7248313"><ele>17.384999999999998</ele><time>2026-09-24T07:27:14Z</time></trkpt><trkpt lat="34.4581612" lon="136.7245845"><ele>17.0</ele><time>2026-09-24T07:27:32Z</time></trkpt><trkpt lat="34.4581776" lon="136.7243393"><ele>15.983333333333334</ele><time>2026-09-24T07:27:46Z</time></trkpt><trkpt lat="34.4582178" lon="136.72409"><ele>15.51</ele><time>2026-09-24T07:28:03Z</time></trkpt><trkpt lat="34.4583824" lon="136.7239469"><ele>14.1</ele><time>2026-09-24T07:28:23Z</time></trkpt><trkpt lat="34.4584982" lon="136.7237593"><ele>12.646666666666668</ele><time>2026-09-24T07:28:47Z</time></trkpt><trkpt lat="34.4586025" lon="136.7235512"><ele>10.670000000000002</ele><time>2026-09-24T07:29:05Z</time></trkpt><trkpt lat="34.4587393" lon="136.7233261"><ele>8.996666666666668</ele><time>2026-09-24T07:29:34Z</time></trkpt><trkpt lat="34.4588552" lon="136.7231538"><ele>7.96</ele><time>2026-09-24T07:29:48Z</time></trkpt><trkpt lat="34.4589369" lon="136.7229486"><ele>8.616666666666667</ele><time>2026-09-24T07:30:02Z</time></trkpt><trkpt lat="34.4590548" lon="136.7229695"><ele>13.040000000000001</ele><time>2026-09-24T07:34:54Z</time></trkpt><trkpt lat="34.4592335" lon="136.7229034"><ele>13.52</ele><time>2026-09-24T07:35:12Z</time></trkpt><trkpt lat="34.4594427" lon="136.7229613"><ele>13.743333333333332</ele><time>2026-09-24T07:35:44Z</time></trkpt><trkpt lat="34.4598213" lon="136.7230642"><ele>13.9</ele><time>2026-09-24T07:49:49Z</time></trkpt><trkpt lat="34.459968" lon="136.7232258"><ele>13.635000000000002</ele><time>2026-09-24T07:50:10Z</time></trkpt><trkpt lat="34.4601564" lon="136.7232203"><ele>13.636666666666668</ele><time>2026-09-24T07:50:28Z</time></trkpt><trkpt lat="34.4603684" lon="136.7232553"><ele>13.383333333333335</ele><time>2026-09-24T07:50:54Z</time></trkpt><trkpt lat="34.4605795" lon="136.7232864"><ele>13.243333333333334</ele><time>2026-09-24T07:51:18Z</time></trkpt><trkpt lat="34.4607969" lon="136.7233196"><ele>12.813333333333334</ele><time>2026-09-24T07:51:34Z</time></trkpt><trkpt lat="34.4610022" lon="136.7233972"><ele>12.373333333333335</ele><time>2026-09-24T07:51:57Z</time></trkpt><trkpt lat="34.4612077" lon="136.723433"><ele>11.966666666666669</ele><time>2026-09-24T07:52:33Z</time></trkpt><trkpt lat="34.4613922" lon="136.7234402"><ele>11.76</ele><time>2026-09-24T07:53:00Z</time></trkpt><trkpt lat="34.4616094" lon="136.7234241"><ele>11.799999999999999</ele><time>2026-09-24T07:53:15Z</time></trkpt><trkpt lat="34.4618079" lon="136.7234493"><ele>11.946666666666667</ele><time>2026-09-24T07:53:29Z</time></trkpt><trkpt lat="34.4620009" lon="136.7234755"><ele>11.956666666666665</ele><time>2026-09-24T07:53:44Z</time></trkpt><trkpt lat="34.4622034" lon="136.723466"><ele>11.81</ele><time>2026-09-24T07:53:59Z</time></trkpt><trkpt lat="34.4623956" lon="136.7234259"><ele>11.606666666666667</ele><time>2026-09-24T07:54:30Z</time></trkpt><trkpt lat="34.4625657" lon="136.7233512"><ele>11.623333333333335</ele><time>2026-09-24T07:55:14Z</time></trkpt><trkpt lat="34.4624483" lon="136.7231353"><ele>11.99</ele><time>2026-09-24T07:56:07Z</time></trkpt><trkpt lat="34.4624444" lon="136.7229095"><ele>12.51</ele><time>2026-09-24T07:56:21Z</time></trkpt><trkpt lat="34.4626241" lon="136.7228415"><ele>13.023333333333333</ele><time>2026-09-24T07:56:48Z</time></trkpt><trkpt lat="34.4628126" lon="136.7228364"><ele>13.229999999999999</ele><time>2026-09-24T07:57:02Z</time></trkpt><trkpt lat="34.4629444" lon="136.7226234"><ele>13.410000000000002</ele><time>2026-09-24T07:58:08Z</time></trkpt><trkpt lat="34.4630545" lon="136.7228068"><ele>13.316666666666668</ele><time>2026-09-24T07:59:10Z</time></trkpt><trkpt lat="34.4631026" lon="136.7230445"><ele>13.08</ele><time>2026-09-24T07:59:22Z</time></trkpt><trkpt lat="34.4632608" lon="136.7231728"><ele>12.476666666666667</ele><time>2026-09-24T07:59:42Z</time></trkpt><trkpt lat="34.4634768" lon="136.7230973"><ele>12.116666666666667</ele><time>2026-09-24T08:00:01Z</time></trkpt><trkpt lat="34.463652" lon="136.7230419"><ele>12.0</ele><time>2026-09-24T08:00:26Z</time></trkpt><trkpt lat="34.4638622" lon="136.7229701"><ele>12.053333333333333</ele><time>2026-09-24T08:00:41Z</time></trkpt><trkpt lat="34.4640446" lon="136.7228897"><ele>12.106666666666667</ele><time>2026-09-24T08:00:53Z</time></trkpt><trkpt lat="34.4642221" lon="136.7228201"><ele>12.17</ele><time>2026-09-24T08:01:05Z</time></trkpt><trkpt lat="34.4644111" lon="136.7227594"><ele>12.326666666666668</ele><time>2026-09-24T08:01:20Z</time></trkpt><trkpt lat="34.4646193" lon="136.7226718"><ele>12.493333333333332</ele><time>2026-09-24T08:01:38Z</time></trkpt><trkpt lat="34.464796" lon="136.722546"><ele>12.643333333333336</ele><time>2026-09-24T08:01:57Z</time></trkpt><trkpt lat="34.4649897" lon="136.7224203"><ele>12.883333333333335</ele><time>2026-09-24T08:02:12Z</time></trkpt><trkpt lat="34.4651953" lon="136.7223319"><ele>13.43</ele><time>2026-09-24T08:02:27Z</time></trkpt><trkpt lat="34.4653815" lon="136.7222378"><ele>14.290000000000001</ele><time>2026-09-24T08:02:42Z</time></trkpt><trkpt lat="34.4655579" lon="136.7221523"><ele>14.69</ele><time>2026-09-24T08:02:56Z</time></trkpt><trkpt lat="34.4657474" lon="136.7221292"><ele>14.376666666666667</ele><time>2026-09-24T08:03:10Z</time></trkpt><trkpt lat="34.4658919" lon="136.7219444"><ele>13.383333333333333</ele><time>2026-09-24T08:03:28Z</time></trkpt><trkpt lat="34.4659332" lon="136.7217035"><ele>12.646666666666667</ele><time>2026-09-24T08:03:46Z</time></trkpt><trkpt lat="34.46598" lon="136.7214517"><ele>12.396666666666667</ele><time>2026-09-24T08:05:25Z</time></trkpt><trkpt lat="34.4657686" lon="136.7213581"><ele>13.026666666666666</ele><time>2026-09-24T08:05:43Z</time></trkpt><trkpt lat="34.4655728" lon="136.7213177"><ele>14.293333333333335</ele><time>2026-09-24T08:05:58Z</time></trkpt><trkpt lat="34.4653826" lon="136.7212758"><ele>15.743333333333334</ele><time>2026-09-24T08:06:13Z</time></trkpt></trkseg></trk></gpx>