<?xml version='1.0' encoding='UTF-8'?><gpx creator="YAMAP - https://yamap.com" xsi:schemaLocation="http://www.topografix.com/GPX/1/1 http://www.topografix.com/GPX/1/1/gpx.xsd" version="1.1" xmlns="http://www.topografix.com/GPX/1/1" xmlns:xsi="http://www.w3.org/2001/XMLSchema-instance"><metadata><bounds maxlat="33.862143" maxlon="135.773889" minlat="33.834173" minlon="135.652715"/></metadata><trk><name>熊野古道 中辺路 (小広王子～熊野本宮大社)</name><number>1</number><trkseg><trkpt lat="33.834173" lon="135.652715"><ele>492.6</ele><time>2016-03-19T22:58:40Z</time></trkpt><trkpt lat="33.834226" lon="135.652773"><ele>494.0</ele><time>2016-03-19T22:58:45Z</time></trkpt><trkpt lat="33.834302" lon="135.652842"><ele>495.8</ele><time>2016-03-19T22:58:54Z</time></trkpt><trkpt lat="33.834336" lon="135.652945"><ele>497.5</ele><time>2016-03-19T22:59:07Z</time></trkpt><trkpt lat="33.834377" lon="135.653054"><ele>499.3</ele><time>2016-03-19T22:59:16Z</time></trkpt><trkpt lat="33.834412" lon="135.653159"><ele>501.0</ele><time>2016-03-19T22:59:25Z</time></trkpt><trkpt lat="33.834481" lon="135.653234"><ele>502.7</ele><time>2016-03-19T22:59:35Z</time></trkpt><trkpt lat="33.834561" lon="135.653305"><ele>504.5</ele><time>2016-03-19T22:59:44Z</time></trkpt><trkpt lat="33.834647" lon="135.653365"><ele>506.3</ele><time>2016-03-19T22:59:52Z</time></trkpt><trkpt lat="33.834724" lon="135.653428"><ele>508.1</ele><time>2016-03-19T23:00:01Z</time></trkpt><trkpt lat="33.834805" lon="135.653481"><ele>509.6</ele><time>2016-03-19T23:00:10Z</time></trkpt><trkpt lat="33.834884" lon="135.653533"><ele>510.7</ele><time>2016-03-19T23:00:17Z</time></trkpt><trkpt lat="33.834969" lon="135.653595"><ele>512.1</ele><time>2016-03-19T23:00:25Z</time></trkpt><trkpt lat="33.835046" lon="135.653656"><ele>513.4</ele><time>2016-03-19T23:00:33Z</time></trkpt><trkpt lat="33.83509" lon="135.653759"><ele>514.9</ele><time>2016-03-19T23:00:44Z</time></trkpt><trkpt lat="33.835091" lon="135.65387"><ele>516.1</ele><time>2016-03-19T23:00:53Z</time></trkpt><trkpt lat="33.83508" lon="135.653984"><ele>517.3</ele><time>2016-03-19T23:01:02Z</time></trkpt><trkpt lat="33.835103" lon="135.65409"><ele>518.5</ele><time>2016-03-19T23:01:11Z</time></trkpt><trkpt lat="33.835133" lon="135.654204"><ele>520.0</ele><time>2016-03-19T23:01:20Z</time></trkpt><trkpt lat="33.835187" lon="135.654298"><ele>521.3</ele><time>2016-03-19T23:01:28Z</time></trkpt><trkpt lat="33.835237" lon="135.654393"><ele>522.5</ele><time>2016-03-19T23:01:36Z</time></trkpt><trkpt lat="33.83532" lon="135.654452"><ele>523.7</ele><time>2016-03-19T23:01:45Z</time></trkpt><trkpt lat="33.835412" lon="135.654462"><ele>525.1</ele><time>2016-03-19T23:01:56Z</time></trkpt><trkpt lat="33.835505" lon="135.654505"><ele>526.7</ele><time>2016-03-19T23:02:07Z</time></trkpt><trkpt lat="33.835598" lon="135.654533"><ele>527.9</ele><time>2016-03-19T23:02:15Z</time></trkpt><trkpt lat="33.835687" lon="135.654509"><ele>528.9</ele><time>2016-03-19T23:02:30Z</time></trkpt><trkpt lat="33.83579" lon="135.654522"><ele>529.8</ele><time>2016-03-19T23:02:46Z</time></trkpt><trkpt lat="33.835888" lon="135.654535"><ele>530.1</ele><time>2016-03-19T23:02:53Z</time></trkpt><trkpt lat="33.835929" lon="135.654635"><ele>530.3</ele><time>2016-03-19T23:03:02Z</time></trkpt><trkpt lat="33.835997" lon="135.654714"><ele>530.8</ele><time>2016-03-19T23:03:12Z</time></trkpt><trkpt lat="33.836105" lon="135.654695"><ele>531.0</ele><time>2016-03-19T23:03:21Z</time></trkpt><trkpt lat="33.836199" lon="135.654665"><ele>531.3</ele><time>2016-03-19T23:03:28Z</time></trkpt><trkpt lat="33.836273" lon="135.65474"><ele>531.5</ele><time>2016-03-19T23:03:35Z</time></trkpt><trkpt lat="33.836367" lon="135.654772"><ele>531.8</ele><time>2016-03-19T23:03:41Z</time></trkpt><trkpt lat="33.836452" lon="135.654729"><ele>532.1</ele><time>2016-03-19T23:03:53Z</time></trkpt><trkpt lat="33.836524" lon="135.654653"><ele>532.6</ele><time>2016-03-19T23:03:58Z</time></trkpt><trkpt lat="33.836614" lon="135.654635"><ele>532.9</ele><time>2016-03-19T23:04:06Z</time></trkpt><trkpt lat="33.836579" lon="135.654788"><ele>533.4</ele><time>2016-03-19T23:04:14Z</time></trkpt><trkpt lat="33.836553" lon="135.654899"><ele>533.7</ele><time>2016-03-19T23:04:16Z</time></trkpt><trkpt lat="33.836569" lon="135.655008"><ele>533.9</ele><time>2016-03-19T23:04:18Z</time></trkpt><trkpt lat="33.836487" lon="135.655065"><ele>534.2</ele><time>2016-03-19T23:04:28Z</time></trkpt><trkpt lat="33.836394" lon="135.655111"><ele>534.5</ele><time>2016-03-19T23:04:36Z</time></trkpt><trkpt lat="33.83637" lon="135.655218"><ele>535.0</ele><time>2016-03-19T23:04:50Z</time></trkpt><trkpt lat="33.836328" lon="135.655319"><ele>535.5</ele><time>2016-03-19T23:04:59Z</time></trkpt><trkpt lat="33.836255" lon="135.655404"><ele>536.3</ele><time>2016-03-19T23:05:06Z</time></trkpt><trkpt lat="33.836186" lon="135.655477"><ele>536.9</ele><time>2016-03-19T23:05:13Z</time></trkpt><trkpt lat="33.836169" lon="135.65559"><ele>537.5</ele><time>2016-03-19T23:05:19Z</time></trkpt><trkpt lat="33.836133" lon="135.655703"><ele>538.1</ele><time>2016-03-19T23:05:28Z</time></trkpt><trkpt lat="33.836063" lon="135.655789"><ele>538.5</ele><time>2016-03-19T23:05:36Z</time></trkpt><trkpt lat="33.835996" lon="135.655875"><ele>539.0</ele><time>2016-03-19T23:05:44Z</time></trkpt><trkpt lat="33.835923" lon="135.655953"><ele>539.6</ele><time>2016-03-19T23:05:56Z</time></trkpt><trkpt lat="33.835854" lon="135.65605"><ele>540.1</ele><time>2016-03-19T23:06:05Z</time></trkpt><trkpt lat="33.835787" lon="135.656134"><ele>540.7</ele><time>2016-03-19T23:06:13Z</time></trkpt><trkpt lat="33.835733" lon="135.65624"><ele>541.2</ele><time>2016-03-19T23:06:22Z</time></trkpt><trkpt lat="33.835694" lon="135.656353"><ele>541.8</ele><time>2016-03-19T23:06:29Z</time></trkpt><trkpt lat="33.835666" lon="135.656462"><ele>542.5</ele><time>2016-03-19T23:06:36Z</time></trkpt><trkpt lat="33.835617" lon="135.656562"><ele>543.0</ele><time>2016-03-19T23:06:41Z</time></trkpt><trkpt lat="33.835582" lon="135.656661"><ele>543.5</ele><time>2016-03-19T23:06:47Z</time></trkpt><trkpt lat="33.835536" lon="135.656759"><ele>544.3</ele><time>2016-03-19T23:06:54Z</time></trkpt><trkpt lat="33.8355" lon="135.656867"><ele>545.1</ele><time>2016-03-19T23:08:56Z</time></trkpt><trkpt lat="33.835513" lon="135.656978"><ele>545.9</ele><time>2016-03-19T23:09:05Z</time></trkpt><trkpt lat="33.835498" lon="135.657085"><ele>547.4</ele><time>2016-03-19T23:09:15Z</time></trkpt><trkpt lat="33.835511" lon="135.657203"><ele>548.8</ele><time>2016-03-19T23:09:26Z</time></trkpt><trkpt lat="33.835534" lon="135.657317"><ele>549.8</ele><time>2016-03-19T23:09:34Z</time></trkpt><trkpt lat="33.835569" lon="135.657424"><ele>550.4</ele><time>2016-03-19T23:09:41Z</time></trkpt><trkpt lat="33.83562" lon="135.657514"><ele>550.7</ele><time>2016-03-19T23:09:49Z</time></trkpt><trkpt lat="33.835675" lon="135.65761"><ele>550.7</ele><time>2016-03-19T23:10:00Z</time></trkpt><trkpt lat="33.835708" lon="135.657716"><ele>550.5</ele><time>2016-03-19T23:10:16Z</time></trkpt><trkpt lat="33.835782" lon="135.657779"><ele>550.1</ele><time>2016-03-19T23:10:34Z</time></trkpt><trkpt lat="33.835866" lon="135.657861"><ele>549.6</ele><time>2016-03-19T23:10:54Z</time></trkpt><trkpt lat="33.835779" lon="135.657926"><ele>548.5</ele><time>2016-03-19T23:11:49Z</time></trkpt><trkpt lat="33.835764" lon="135.658038"><ele>545.2</ele><time>2016-03-19T23:11:57Z</time></trkpt><trkpt lat="33.835711" lon="135.658132"><ele>542.2</ele><time>2016-03-19T23:12:27Z</time></trkpt><trkpt lat="33.835733" lon="135.658237"><ele>536.7</ele><time>2016-03-19T23:12:57Z</time></trkpt><trkpt lat="33.835785" lon="135.658328"><ele>533.5</ele><time>2016-03-19T23:13:10Z</time></trkpt><trkpt lat="33.835824" lon="135.65843"><ele>531.1</ele><time>2016-03-19T23:13:29Z</time></trkpt><trkpt lat="33.835799" lon="135.658538"><ele>527.6</ele><time>2016-03-19T23:13:36Z</time></trkpt><trkpt lat="33.835718" lon="135.65859"><ele>526.9</ele><time>2016-03-19T23:14:44Z</time></trkpt><trkpt lat="33.835775" lon="135.658674"><ele>523.9</ele><time>2016-03-19T23:15:23Z</time></trkpt><trkpt lat="33.835862" lon="135.658736"><ele>522.0</ele><time>2016-03-19T23:15:35Z</time></trkpt><trkpt lat="33.835943" lon="135.658795"><ele>518.8</ele><time>2016-03-19T23:15:41Z</time></trkpt><trkpt lat="33.836037" lon="135.658805"><ele>518.4</ele><time>2016-03-19T23:15:49Z</time></trkpt><trkpt lat="33.836132" lon="135.658783"><ele>519.8</ele><time>2016-03-19T23:15:57Z</time></trkpt><trkpt lat="33.836217" lon="135.658744"><ele>520.7</ele><time>2016-03-19T23:16:14Z</time></trkpt><trkpt lat="33.836312" lon="135.658704"><ele>522.3</ele><time>2016-03-19T23:16:29Z</time></trkpt><trkpt lat="33.8364" lon="135.658754"><ele>522.6</ele><time>2016-03-19T23:16:35Z</time></trkpt><trkpt lat="33.836466" lon="135.658843"><ele>523.5</ele><time>2016-03-19T23:16:40Z</time></trkpt><trkpt lat="33.836529" lon="135.658929"><ele>524.6</ele><time>2016-03-19T23:16:46Z</time></trkpt><trkpt lat="33.836621" lon="135.658968"><ele>526.7</ele><time>2016-03-19T23:16:54Z</time></trkpt><trkpt lat="33.836633" lon="135.659084"><ele>527.8</ele><time>2016-03-19T23:17:16Z</time></trkpt><trkpt lat="33.836566" lon="135.659175"><ele>526.5</ele><time>2016-03-19T23:17:35Z</time></trkpt><trkpt lat="33.83648" lon="135.659223"><ele>524.3</ele><time>2016-03-19T23:17:40Z</time></trkpt><trkpt lat="33.836477" lon="135.659332"><ele>526.0</ele><time>2016-03-19T23:17:49Z</time></trkpt><trkpt lat="33.836413" lon="135.659417"><ele>526.1</ele><time>2016-03-19T23:18:04Z</time></trkpt><trkpt lat="33.836401" lon="135.659526"><ele>530.5</ele><time>2016-03-19T23:18:18Z</time></trkpt><trkpt lat="33.836307" lon="135.659544"><ele>528.3</ele><time>2016-03-19T23:18:30Z</time></trkpt><trkpt lat="33.83631" lon="135.65966"><ele>533.0</ele><time>2016-03-19T23:18:40Z</time></trkpt><trkpt lat="33.836402" lon="135.659708"><ele>535.8</ele><time>2016-03-19T23:18:46Z</time></trkpt><trkpt lat="33.836483" lon="135.65976"><ele>538.9</ele><time>2016-03-19T23:19:06Z</time></trkpt><trkpt lat="33.836498" lon="135.659869"><ele>543.5</ele><time>2016-03-19T23:19:30Z</time></trkpt><trkpt lat="33.836441" lon="135.659959"><ele>543.9</ele><time>2016-03-19T23:19:38Z</time></trkpt><trkpt lat="33.836487" lon="135.660053"><ele>548.2</ele><time>2016-03-19T23:20:02Z</time></trkpt><trkpt lat="33.836386" lon="135.660063"><ele>545.5</ele><time>2016-03-19T23:20:14Z</time></trkpt><trkpt lat="33.8363" lon="135.66013"><ele>545.9</ele><time>2016-03-19T23:20:31Z</time></trkpt><trkpt lat="33.836214" lon="135.660188"><ele>546.9</ele><time>2016-03-19T23:21:19Z</time></trkpt><trkpt lat="33.836145" lon="135.660267"><ele>550.1</ele><time>2016-03-19T23:21:30Z</time></trkpt><trkpt lat="33.836178" lon="135.660372"><ele>553.0</ele><time>2016-03-19T23:21:54Z</time></trkpt><trkpt lat="33.836201" lon="135.660488"><ele>556.0</ele><time>2016-03-19T23:22:09Z</time></trkpt><trkpt lat="33.836231" lon="135.660595"><ele>559.6</ele><time>2016-03-19T23:22:22Z</time></trkpt><trkpt lat="33.836214" lon="135.660708"><ele>563.4</ele><time>2016-03-19T23:22:39Z</time></trkpt><trkpt lat="33.836193" lon="135.660816"><ele>566.7</ele><time>2016-03-19T23:22:52Z</time></trkpt><trkpt lat="33.836177" lon="135.66093"><ele>569.5</ele><time>2016-03-19T23:23:01Z</time></trkpt><trkpt lat="33.836268" lon="135.660894"><ele>572.7</ele><time>2016-03-19T23:23:33Z</time></trkpt><trkpt lat="33.836362" lon="135.660901"><ele>575.9</ele><time>2016-03-19T23:24:09Z</time></trkpt><trkpt lat="33.836387" lon="135.661008"><ele>578.7</ele><time>2016-03-19T23:24:23Z</time></trkpt><trkpt lat="33.836436" lon="135.6611"><ele>582.1</ele><time>2016-03-19T23:24:37Z</time></trkpt><trkpt lat="33.836379" lon="135.661203"><ele>585.2</ele><time>2016-03-19T23:25:19Z</time></trkpt><trkpt lat="33.836383" lon="135.661312"><ele>588.5</ele><time>2016-03-19T23:25:38Z</time></trkpt><trkpt lat="33.836406" lon="135.661424"><ele>590.4</ele><time>2016-03-19T23:25:57Z</time></trkpt><trkpt lat="33.836433" lon="135.661534"><ele>592.0</ele><time>2016-03-19T23:26:19Z</time></trkpt><trkpt lat="33.836489" lon="135.661625"><ele>595.4</ele><time>2016-03-19T23:26:28Z</time></trkpt><trkpt lat="33.836454" lon="135.661725"><ele>599.4</ele><time>2016-03-19T23:26:43Z</time></trkpt><trkpt lat="33.836535" lon="135.661784"><ele>603.6</ele><time>2016-03-19T23:27:10Z</time></trkpt><trkpt lat="33.836611" lon="135.661843"><ele>606.5</ele><time>2016-03-19T23:27:23Z</time></trkpt><trkpt lat="33.836672" lon="135.661932"><ele>607.8</ele><time>2016-03-19T23:27:38Z</time></trkpt><trkpt lat="33.836709" lon="135.662033"><ele>607.1</ele><time>2016-03-19T23:27:50Z</time></trkpt><trkpt lat="33.836742" lon="135.662135"><ele>608.4</ele><time>2016-03-19T23:28:01Z</time></trkpt><trkpt lat="33.836731" lon="135.662247"><ele>609.0</ele><time>2016-03-19T23:28:09Z</time></trkpt><trkpt lat="33.836716" lon="135.662357"><ele>611.4</ele><time>2016-03-19T23:28:18Z</time></trkpt><trkpt lat="33.836738" lon="135.662466"><ele>612.3</ele><time>2016-03-19T23:28:33Z</time></trkpt><trkpt lat="33.836787" lon="135.662564"><ele>616.2</ele><time>2016-03-19T23:28:47Z</time></trkpt><trkpt lat="33.836833" lon="135.662662"><ele>617.3</ele><time>2016-03-19T23:28:56Z</time></trkpt><trkpt lat="33.836846" lon="135.66277"><ele>617.5</ele><time>2016-03-19T23:29:02Z</time></trkpt><trkpt lat="33.836831" lon="135.662882"><ele>617.0</ele><time>2016-03-19T23:29:14Z</time></trkpt><trkpt lat="33.836785" lon="135.662982"><ele>615.9</ele><time>2016-03-19T23:29:23Z</time></trkpt><trkpt lat="33.836786" lon="135.663092"><ele>613.3</ele><time>2016-03-19T23:29:33Z</time></trkpt><trkpt lat="33.836808" lon="135.663209"><ele>613.7</ele><time>2016-03-19T23:29:44Z</time></trkpt><trkpt lat="33.836809" lon="135.663318"><ele>613.5</ele><time>2016-03-19T23:29:53Z</time></trkpt><trkpt lat="33.836778" lon="135.663426"><ele>615.1</ele><time>2016-03-19T23:30:03Z</time></trkpt><trkpt lat="33.836787" lon="135.663543"><ele>619.4</ele><time>2016-03-19T23:30:17Z</time></trkpt><trkpt lat="33.836822" lon="135.663652"><ele>624.2</ele><time>2016-03-19T23:30:25Z</time></trkpt><trkpt lat="33.836806" lon="135.663764"><ele>630.3</ele><time>2016-03-19T23:30:43Z</time></trkpt><trkpt lat="33.836884" lon="135.663831"><ele>632.9</ele><time>2016-03-19T23:30:53Z</time></trkpt><trkpt lat="33.836938" lon="135.663923"><ele>632.2</ele><time>2016-03-19T23:31:06Z</time></trkpt><trkpt lat="33.836953" lon="135.664031"><ele>632.0</ele><time>2016-03-19T23:31:18Z</time></trkpt><trkpt lat="33.836938" lon="135.664145"><ele>629.7</ele><time>2016-03-19T23:31:29Z</time></trkpt><trkpt lat="33.83697" lon="135.664248"><ele>628.5</ele><time>2016-03-19T23:31:38Z</time></trkpt><trkpt lat="33.837031" lon="135.664344"><ele>624.5</ele><time>2016-03-19T23:31:46Z</time></trkpt><trkpt lat="33.837074" lon="135.664454"><ele>621.2</ele><time>2016-03-19T23:31:53Z</time></trkpt><trkpt lat="33.837093" lon="135.664567"><ele>619.3</ele><time>2016-03-19T23:32:00Z</time></trkpt><trkpt lat="33.837144" lon="135.664663"><ele>620.6</ele><time>2016-03-19T23:32:29Z</time></trkpt><trkpt lat="33.837079" lon="135.66474"><ele>622.4</ele><time>2016-03-19T23:33:14Z</time></trkpt><trkpt lat="33.837139" lon="135.664821"><ele>622.1</ele><time>2016-03-19T23:33:46Z</time></trkpt><trkpt lat="33.837174" lon="135.664931"><ele>617.9</ele><time>2016-03-19T23:34:02Z</time></trkpt><trkpt lat="33.837264" lon="135.664977"><ele>613.0</ele><time>2016-03-19T23:34:13Z</time></trkpt><trkpt lat="33.837313" lon="135.665083"><ele>602.7</ele><time>2016-03-19T23:34:20Z</time></trkpt><trkpt lat="33.837377" lon="135.665164"><ele>599.0</ele><time>2016-03-19T23:34:46Z</time></trkpt><trkpt lat="33.837406" lon="135.66527"><ele>597.9</ele><time>2016-03-19T23:34:57Z</time></trkpt><trkpt lat="33.837467" lon="135.665358"><ele>599.6</ele><time>2016-03-19T23:35:22Z</time></trkpt><trkpt lat="33.837557" lon="135.665385"><ele>599.5</ele><time>2016-03-19T23:35:36Z</time></trkpt><trkpt lat="33.837635" lon="135.66544"><ele>599.1</ele><time>2016-03-19T23:35:57Z</time></trkpt><trkpt lat="33.83772" lon="135.665492"><ele>598.5</ele><time>2016-03-19T23:36:29Z</time></trkpt><trkpt lat="33.837805" lon="135.66553"><ele>593.7</ele><time>2016-03-19T23:36:41Z</time></trkpt><trkpt lat="33.837894" lon="135.665555"><ele>590.9</ele><time>2016-03-19T23:36:51Z</time></trkpt><trkpt lat="33.837954" lon="135.665657"><ele>587.6</ele><time>2016-03-19T23:36:57Z</time></trkpt><trkpt lat="33.837982" lon="135.665766"><ele>579.6</ele><time>2016-03-19T23:37:17Z</time></trkpt><trkpt lat="33.837997" lon="135.665873"><ele>573.7</ele><time>2016-03-19T23:37:45Z</time></trkpt><trkpt lat="33.838032" lon="135.665982"><ele>567.8</ele><time>2016-03-19T23:37:54Z</time></trkpt><trkpt lat="33.838092" lon="135.666066"><ele>557.9</ele><time>2016-03-19T23:38:16Z</time></trkpt><trkpt lat="33.838083" lon="135.666174"><ele>550.2</ele><time>2016-03-19T23:38:44Z</time></trkpt><trkpt lat="33.838135" lon="135.66627"><ele>541.3</ele><time>2016-03-19T23:39:01Z</time></trkpt><trkpt lat="33.838199" lon="135.66635"><ele>535.5</ele><time>2016-03-19T23:39:24Z</time></trkpt><trkpt lat="33.838249" lon="135.666451"><ele>529.2</ele><time>2016-03-19T23:39:37Z</time></trkpt><trkpt lat="33.838333" lon="135.666501"><ele>526.4</ele><time>2016-03-19T23:39:49Z</time></trkpt><trkpt lat="33.838288" lon="135.666598"><ele>524.6</ele><time>2016-03-19T23:40:03Z</time></trkpt><trkpt lat="33.838371" lon="135.666658"><ele>523.8</ele><time>2016-03-19T23:40:23Z</time></trkpt><trkpt lat="33.838434" lon="135.66674"><ele>523.6</ele><time>2016-03-19T23:40:33Z</time></trkpt><trkpt lat="33.838473" lon="135.666839"><ele>521.0</ele><time>2016-03-19T23:40:57Z</time></trkpt><trkpt lat="33.838401" lon="135.666907"><ele>518.3</ele><time>2016-03-19T23:41:20Z</time></trkpt><trkpt lat="33.838463" lon="135.666996"><ele>515.3</ele><time>2016-03-19T23:42:01Z</time></trkpt><trkpt lat="33.838499" lon="135.667103"><ele>516.9</ele><time>2016-03-19T23:42:32Z</time></trkpt><trkpt lat="33.838589" lon="135.667114"><ele>517.1</ele><time>2016-03-19T23:42:49Z</time></trkpt><trkpt lat="33.838683" lon="135.667118"><ele>517.1</ele><time>2016-03-19T23:43:06Z</time></trkpt><trkpt lat="33.838773" lon="135.667128"><ele>515.6</ele><time>2016-03-19T23:43:18Z</time></trkpt><trkpt lat="33.838863" lon="135.667107"><ele>515.1</ele><time>2016-03-19T23:43:29Z</time></trkpt><trkpt lat="33.838874" lon="135.667221"><ele>509.4</ele><time>2016-03-19T23:43:59Z</time></trkpt><trkpt lat="33.838845" lon="135.667332"><ele>503.1</ele><time>2016-03-19T23:44:19Z</time></trkpt><trkpt lat="33.838809" lon="135.667434"><ele>495.8</ele><time>2016-03-19T23:44:29Z</time></trkpt><trkpt lat="33.838718" lon="135.667459"><ele>488.8</ele><time>2016-03-19T23:44:45Z</time></trkpt><trkpt lat="33.838695" lon="135.667567"><ele>487.7</ele><time>2016-03-19T23:45:05Z</time></trkpt><trkpt lat="33.838707" lon="135.667681"><ele>485.7</ele><time>2016-03-19T23:45:28Z</time></trkpt><trkpt lat="33.838613" lon="135.667683"><ele>484.0</ele><time>2016-03-19T23:45:48Z</time></trkpt><trkpt lat="33.838535" lon="135.66774"><ele>483.1</ele><time>2016-03-19T23:46:00Z</time></trkpt><trkpt lat="33.838444" lon="135.667718"><ele>482.3</ele><time>2016-03-19T23:46:20Z</time></trkpt><trkpt lat="33.838363" lon="135.66779"><ele>481.6</ele><time>2016-03-19T23:46:28Z</time></trkpt><trkpt lat="33.838273" lon="135.667801"><ele>481.1</ele><time>2016-03-19T23:46:35Z</time></trkpt><trkpt lat="33.838191" lon="135.667741"><ele>480.5</ele><time>2016-03-19T23:46:40Z</time></trkpt><trkpt lat="33.838094" lon="135.66775"><ele>479.9</ele><time>2016-03-19T23:46:47Z</time></trkpt><trkpt lat="33.838027" lon="135.667835"><ele>479.3</ele><time>2016-03-19T23:46:53Z</time></trkpt><trkpt lat="33.838026" lon="135.667949"><ele>478.9</ele><time>2016-03-19T23:47:05Z</time></trkpt><trkpt lat="33.838009" lon="135.668061"><ele>478.4</ele><time>2016-03-19T23:47:20Z</time></trkpt><trkpt lat="33.837922" lon="135.668143"><ele>477.7</ele><time>2016-03-19T23:47:27Z</time></trkpt><trkpt lat="33.83785" lon="135.668228"><ele>477.2</ele><time>2016-03-19T23:47:31Z</time></trkpt><trkpt lat="33.837834" lon="135.668339"><ele>476.9</ele><time>2016-03-19T23:47:36Z</time></trkpt><trkpt lat="33.837753" lon="135.668407"><ele>476.6</ele><time>2016-03-19T23:47:45Z</time></trkpt><trkpt lat="33.837657" lon="135.66841"><ele>476.3</ele><time>2016-03-19T23:47:52Z</time></trkpt><trkpt lat="33.837599" lon="135.668495"><ele>475.8</ele><time>2016-03-19T23:48:22Z</time></trkpt><trkpt lat="33.837511" lon="135.668458"><ele>475.4</ele><time>2016-03-19T23:48:32Z</time></trkpt><trkpt lat="33.83743" lon="135.668518"><ele>475.0</ele><time>2016-03-19T23:48:44Z</time></trkpt><trkpt lat="33.837332" lon="135.668522"><ele>474.6</ele><time>2016-03-19T23:50:40Z</time></trkpt><trkpt lat="33.837387" lon="135.668426"><ele>474.1</ele><time>2016-03-19T23:51:17Z</time></trkpt><trkpt lat="33.837416" lon="135.668318"><ele>473.8</ele><time>2016-03-19T23:51:31Z</time></trkpt><trkpt lat="33.83748" lon="135.668395"><ele>473.5</ele><time>2016-03-19T23:51:49Z</time></trkpt><trkpt lat="33.837518" lon="135.668292"><ele>473.2</ele><time>2016-03-19T23:52:09Z</time></trkpt><trkpt lat="33.837433" lon="135.66822"><ele>472.7</ele><time>2016-03-19T23:52:35Z</time></trkpt><trkpt lat="33.837388" lon="135.668123"><ele>472.4</ele><time>2016-03-19T23:52:42Z</time></trkpt><trkpt lat="33.83732" lon="135.668032"><ele>472.0</ele><time>2016-03-19T23:52:50Z</time></trkpt><trkpt lat="33.837229" lon="135.668007"><ele>471.7</ele><time>2016-03-19T23:53:05Z</time></trkpt><trkpt lat="33.837155" lon="135.667923"><ele>471.4</ele><time>2016-03-19T23:53:13Z</time></trkpt><trkpt lat="33.837074" lon="135.667853"><ele>471.1</ele><time>2016-03-19T23:53:19Z</time></trkpt><trkpt lat="33.836984" lon="135.667843"><ele>470.8</ele><time>2016-03-19T23:53:27Z</time></trkpt><trkpt lat="33.836907" lon="135.667915"><ele>470.5</ele><time>2016-03-19T23:53:41Z</time></trkpt><trkpt lat="33.836856" lon="135.668014"><ele>470.3</ele><time>2016-03-19T23:53:51Z</time></trkpt><trkpt lat="33.836826" lon="135.668116"><ele>470.1</ele><time>2016-03-19T23:54:00Z</time></trkpt><trkpt lat="33.836772" lon="135.668218"><ele>469.9</ele><time>2016-03-19T23:54:09Z</time></trkpt><trkpt lat="33.83669" lon="135.668294"><ele>469.6</ele><time>2016-03-19T23:54:17Z</time></trkpt><trkpt lat="33.836594" lon="135.668341"><ele>470.3</ele><time>2016-03-19T23:54:23Z</time></trkpt><trkpt lat="33.836501" lon="135.668369"><ele>471.4</ele><time>2016-03-19T23:54:29Z</time></trkpt><trkpt lat="33.836401" lon="135.668367"><ele>472.5</ele><time>2016-03-19T23:54:37Z</time></trkpt><trkpt lat="33.836311" lon="135.668355"><ele>473.6</ele><time>2016-03-19T23:54:44Z</time></trkpt><trkpt lat="33.836216" lon="135.668356"><ele>474.8</ele><time>2016-03-19T23:54:52Z</time></trkpt><trkpt lat="33.836122" lon="135.668362"><ele>475.8</ele><time>2016-03-19T23:55:02Z</time></trkpt><trkpt lat="33.836035" lon="135.668329"><ele>475.4</ele><time>2016-03-19T23:55:10Z</time></trkpt><trkpt lat="33.835937" lon="135.668301"><ele>474.7</ele><time>2016-03-19T23:55:17Z</time></trkpt><trkpt lat="33.835843" lon="135.668285"><ele>473.9</ele><time>2016-03-19T23:55:26Z</time></trkpt><trkpt lat="33.835882" lon="135.668391"><ele>473.0</ele><time>2016-03-19T23:56:05Z</time></trkpt><trkpt lat="33.835921" lon="135.668491"><ele>472.7</ele><time>2016-03-19T23:56:23Z</time></trkpt><trkpt lat="33.835952" lon="135.668599"><ele>472.8</ele><time>2016-03-19T23:56:35Z</time></trkpt><trkpt lat="33.835955" lon="135.668712"><ele>472.9</ele><time>2016-03-19T23:56:48Z</time></trkpt><trkpt lat="33.835977" lon="135.66882"><ele>473.9</ele><time>2016-03-19T23:57:02Z</time></trkpt><trkpt lat="33.835994" lon="135.668928"><ele>475.4</ele><time>2016-03-19T23:57:16Z</time></trkpt><trkpt lat="33.835999" lon="135.669046"><ele>477.1</ele><time>2016-03-19T23:57:24Z</time></trkpt><trkpt lat="33.836054" lon="135.669136"><ele>478.6</ele><time>2016-03-19T23:57:32Z</time></trkpt><trkpt lat="33.836105" lon="135.669228"><ele>479.7</ele><time>2016-03-19T23:57:43Z</time></trkpt><trkpt lat="33.836145" lon="135.669327"><ele>480.6</ele><time>2016-03-19T23:57:55Z</time></trkpt><trkpt lat="33.836202" lon="135.669417"><ele>481.6</ele><time>2016-03-19T23:58:09Z</time></trkpt><trkpt lat="33.836155" lon="135.669517"><ele>483.0</ele><time>2016-03-19T23:58:31Z</time></trkpt><trkpt lat="33.836096" lon="135.669601"><ele>485.1</ele><time>2016-03-19T23:58:44Z</time></trkpt><trkpt lat="33.836001" lon="135.669606"><ele>488.2</ele><time>2016-03-19T23:59:08Z</time></trkpt><trkpt lat="33.835913" lon="135.669574"><ele>492.2</ele><time>2016-03-19T23:59:24Z</time></trkpt><trkpt lat="33.835837" lon="135.669511"><ele>494.7</ele><time>2016-03-19T23:59:41Z</time></trkpt><trkpt lat="33.835839" lon="135.669622"><ele>497.3</ele><time>2016-03-20T00:00:10Z</time></trkpt><trkpt lat="33.835833" lon="135.669734"><ele>499.8</ele><time>2016-03-20T00:00:29Z</time></trkpt><trkpt lat="33.835857" lon="135.669839"><ele>503.8</ele><time>2016-03-20T00:00:43Z</time></trkpt><trkpt lat="33.835873" lon="135.669947"><ele>507.2</ele><time>2016-03-20T00:00:57Z</time></trkpt><trkpt lat="33.835862" lon="135.670056"><ele>510.0</ele><time>2016-03-20T00:01:10Z</time></trkpt><trkpt lat="33.835845" lon="135.670164"><ele>511.7</ele><time>2016-03-20T00:01:26Z</time></trkpt><trkpt lat="33.835863" lon="135.67027"><ele>513.3</ele><time>2016-03-20T00:01:48Z</time></trkpt><trkpt lat="33.83582" lon="135.670373"><ele>515.5</ele><time>2016-03-20T00:01:59Z</time></trkpt><trkpt lat="33.835769" lon="135.670468"><ele>517.6</ele><time>2016-03-20T00:02:13Z</time></trkpt><trkpt lat="33.835702" lon="135.670542"><ele>519.1</ele><time>2016-03-20T00:02:27Z</time></trkpt><trkpt lat="33.83564" lon="135.670631"><ele>526.4</ele><time>2016-03-20T00:02:42Z</time></trkpt><trkpt lat="33.835593" lon="135.670725"><ele>530.2</ele><time>2016-03-20T00:02:56Z</time></trkpt><trkpt lat="33.835618" lon="135.670831"><ele>529.5</ele><time>2016-03-20T00:03:11Z</time></trkpt><trkpt lat="33.835657" lon="135.670933"><ele>526.8</ele><time>2016-03-20T00:03:44Z</time></trkpt><trkpt lat="33.835692" lon="135.671035"><ele>528.3</ele><time>2016-03-20T00:03:56Z</time></trkpt><trkpt lat="33.835782" lon="135.671012"><ele>534.4</ele><time>2016-03-20T00:04:17Z</time></trkpt><trkpt lat="33.835868" lon="135.670973"><ele>541.7</ele><time>2016-03-20T00:04:34Z</time></trkpt><trkpt lat="33.835955" lon="135.671004"><ele>546.9</ele><time>2016-03-20T00:05:04Z</time></trkpt><trkpt lat="33.835948" lon="135.671113"><ele>550.4</ele><time>2016-03-20T00:05:40Z</time></trkpt><trkpt lat="33.836015" lon="135.671194"><ele>551.9</ele><time>2016-03-20T00:05:57Z</time></trkpt><trkpt lat="33.8361" lon="135.671233"><ele>554.0</ele><time>2016-03-20T00:06:12Z</time></trkpt><trkpt lat="33.836095" lon="135.671342"><ele>557.1</ele><time>2016-03-20T00:06:29Z</time></trkpt><trkpt lat="33.836056" lon="135.671444"><ele>559.4</ele><time>2016-03-20T00:06:40Z</time></trkpt><trkpt lat="33.836061" lon="135.671556"><ele>560.9</ele><time>2016-03-20T00:06:59Z</time></trkpt><trkpt lat="33.836107" lon="135.671649"><ele>560.5</ele><time>2016-03-20T00:07:20Z</time></trkpt><trkpt lat="33.836178" lon="135.671723"><ele>560.3</ele><time>2016-03-20T00:07:37Z</time></trkpt><trkpt lat="33.83622" lon="135.671822"><ele>558.0</ele><time>2016-03-20T00:07:48Z</time></trkpt><trkpt lat="33.836276" lon="135.67191"><ele>555.3</ele><time>2016-03-20T00:08:00Z</time></trkpt><trkpt lat="33.836338" lon="135.671993"><ele>556.5</ele><time>2016-03-20T00:08:14Z</time></trkpt><trkpt lat="33.836421" lon="135.67204"><ele>561.8</ele><time>2016-03-20T00:08:27Z</time></trkpt><trkpt lat="33.836518" lon="135.672054"><ele>568.2</ele><time>2016-03-20T00:08:41Z</time></trkpt><trkpt lat="33.836596" lon="135.672112"><ele>570.2</ele><time>2016-03-20T00:08:54Z</time></trkpt><trkpt lat="33.836588" lon="135.672222"><ele>573.2</ele><time>2016-03-20T00:09:10Z</time></trkpt><trkpt lat="33.83653" lon="135.672305"><ele>576.6</ele><time>2016-03-20T00:09:27Z</time></trkpt><trkpt lat="33.836435" lon="135.672312"><ele>581.8</ele><time>2016-03-20T00:09:55Z</time></trkpt><trkpt lat="33.83636" lon="135.672251"><ele>587.2</ele><time>2016-03-20T00:10:13Z</time></trkpt><trkpt lat="33.836351" lon="135.672364"><ele>592.3</ele><time>2016-03-20T00:10:33Z</time></trkpt><trkpt lat="33.836396" lon="135.672464"><ele>593.7</ele><time>2016-03-20T00:10:56Z</time></trkpt><trkpt lat="33.836435" lon="135.672562"><ele>595.0</ele><time>2016-03-20T00:11:08Z</time></trkpt><trkpt lat="33.83649" lon="135.672653"><ele>594.0</ele><time>2016-03-20T00:11:21Z</time></trkpt><trkpt lat="33.836579" lon="135.672671"><ele>593.0</ele><time>2016-03-20T00:11:36Z</time></trkpt><trkpt lat="33.836645" lon="135.672758"><ele>594.0</ele><time>2016-03-20T00:11:49Z</time></trkpt><trkpt lat="33.836691" lon="135.672852"><ele>595.4</ele><time>2016-03-20T00:12:02Z</time></trkpt><trkpt lat="33.836761" lon="135.672928"><ele>596.6</ele><time>2016-03-20T00:12:24Z</time></trkpt><trkpt lat="33.836802" lon="135.673033"><ele>595.3</ele><time>2016-03-20T00:12:39Z</time></trkpt><trkpt lat="33.836824" lon="135.673144"><ele>595.3</ele><time>2016-03-20T00:12:54Z</time></trkpt><trkpt lat="33.836897" lon="135.673214"><ele>594.5</ele><time>2016-03-20T00:13:05Z</time></trkpt><trkpt lat="33.836918" lon="135.673322"><ele>593.9</ele><time>2016-03-20T00:13:16Z</time></trkpt><trkpt lat="33.836861" lon="135.673414"><ele>595.7</ele><time>2016-03-20T00:13:26Z</time></trkpt><trkpt lat="33.8368" lon="135.673504"><ele>601.5</ele><time>2016-03-20T00:13:36Z</time></trkpt><trkpt lat="33.83683" lon="135.673617"><ele>608.0</ele><time>2016-03-20T00:13:58Z</time></trkpt><trkpt lat="33.836851" lon="135.67373"><ele>612.3</ele><time>2016-03-20T00:14:13Z</time></trkpt><trkpt lat="33.836882" lon="135.673834"><ele>617.0</ele><time>2016-03-20T00:14:28Z</time></trkpt><trkpt lat="33.836903" lon="135.673941"><ele>619.1</ele><time>2016-03-20T00:14:46Z</time></trkpt><trkpt lat="33.83696" lon="135.674031"><ele>619.0</ele><time>2016-03-20T00:15:06Z</time></trkpt><trkpt lat="33.837027" lon="135.674109"><ele>617.6</ele><time>2016-03-20T00:15:22Z</time></trkpt><trkpt lat="33.837121" lon="135.674085"><ele>617.3</ele><time>2016-03-20T00:15:38Z</time></trkpt><trkpt lat="33.837214" lon="135.67411"><ele>619.7</ele><time>2016-03-20T00:15:50Z</time></trkpt><trkpt lat="33.837283" lon="135.674192"><ele>624.8</ele><time>2016-03-20T00:16:00Z</time></trkpt><trkpt lat="33.837352" lon="135.67426"><ele>628.3</ele><time>2016-03-20T00:16:12Z</time></trkpt><trkpt lat="33.837433" lon="135.674203"><ele>630.3</ele><time>2016-03-20T00:16:28Z</time></trkpt><trkpt lat="33.837504" lon="135.674272"><ele>631.9</ele><time>2016-03-20T00:16:43Z</time></trkpt><trkpt lat="33.837568" lon="135.674348"><ele>633.7</ele><time>2016-03-20T00:16:55Z</time></trkpt><trkpt lat="33.837631" lon="135.674433"><ele>634.7</ele><time>2016-03-20T00:17:13Z</time></trkpt><trkpt lat="33.837686" lon="135.674521"><ele>635.0</ele><time>2016-03-20T00:17:29Z</time></trkpt><trkpt lat="33.837718" lon="135.674628"><ele>635.7</ele><time>2016-03-20T00:17:49Z</time></trkpt><trkpt lat="33.837786" lon="135.674703"><ele>636.7</ele><time>2016-03-20T00:18:02Z</time></trkpt><trkpt lat="33.837827" lon="135.674801"><ele>639.3</ele><time>2016-03-20T00:18:13Z</time></trkpt><trkpt lat="33.837857" lon="135.674905"><ele>644.1</ele><time>2016-03-20T00:18:23Z</time></trkpt><trkpt lat="33.837932" lon="135.674975"><ele>648.8</ele><time>2016-03-20T00:18:38Z</time></trkpt><trkpt lat="33.837996" lon="135.675054"><ele>654.4</ele><time>2016-03-20T00:18:57Z</time></trkpt><trkpt lat="33.83808" lon="135.675097"><ele>660.0</ele><time>2016-03-20T00:19:17Z</time></trkpt><trkpt lat="33.838159" lon="135.675165"><ele>663.3</ele><time>2016-03-20T00:19:34Z</time></trkpt><trkpt lat="33.838247" lon="135.675202"><ele>663.3</ele><time>2016-03-20T00:19:51Z</time></trkpt><trkpt lat="33.838332" lon="135.675253"><ele>658.6</ele><time>2016-03-20T00:20:12Z</time></trkpt><trkpt lat="33.838413" lon="135.675303"><ele>654.8</ele><time>2016-03-20T00:20:24Z</time></trkpt><trkpt lat="33.838503" lon="135.675343"><ele>654.9</ele><time>2016-03-20T00:20:38Z</time></trkpt><trkpt lat="33.838593" lon="135.675359"><ele>656.6</ele><time>2016-03-20T00:20:54Z</time></trkpt><trkpt lat="33.838684" lon="135.67539"><ele>658.8</ele><time>2016-03-20T00:21:30Z</time></trkpt><trkpt lat="33.838785" lon="135.675401"><ele>661.7</ele><time>2016-03-20T00:23:38Z</time></trkpt><trkpt lat="33.838879" lon="135.6754"><ele>665.4</ele><time>2016-03-20T00:23:47Z</time></trkpt><trkpt lat="33.83897" lon="135.675421"><ele>668.7</ele><time>2016-03-20T00:24:04Z</time></trkpt><trkpt lat="33.839069" lon="135.675423"><ele>671.4</ele><time>2016-03-20T00:24:27Z</time></trkpt><trkpt lat="33.839118" lon="135.675528"><ele>673.5</ele><time>2016-03-20T00:25:53Z</time></trkpt><trkpt lat="33.839189" lon="135.675451"><ele>675.3</ele><time>2016-03-20T00:26:07Z</time></trkpt><trkpt lat="33.839089" lon="135.675439"><ele>676.1</ele><time>2016-03-20T00:26:41Z</time></trkpt><trkpt lat="33.839181" lon="135.675509"><ele>677.0</ele><time>2016-03-20T00:26:53Z</time></trkpt><trkpt lat="33.839131" lon="135.675601"><ele>679.0</ele><time>2016-03-20T00:26:59Z</time></trkpt><trkpt lat="33.839219" lon="135.675629"><ele>682.4</ele><time>2016-03-20T00:27:03Z</time></trkpt><trkpt lat="33.839142" lon="135.675538"><ele>683.8</ele><time>2016-03-20T00:28:26Z</time></trkpt><trkpt lat="33.839177" lon="135.675641"><ele>683.1</ele><time>2016-03-20T00:31:02Z</time></trkpt><trkpt lat="33.83926" lon="135.67569"><ele>682.8</ele><time>2016-03-20T00:31:12Z</time></trkpt><trkpt lat="33.83935" lon="135.675727"><ele>681.6</ele><time>2016-03-20T00:31:20Z</time></trkpt><trkpt lat="33.839426" lon="135.67579"><ele>680.0</ele><time>2016-03-20T00:31:30Z</time></trkpt><trkpt lat="33.839491" lon="135.675876"><ele>677.1</ele><time>2016-03-20T00:31:41Z</time></trkpt><trkpt lat="33.839544" lon="135.675975"><ele>672.1</ele><time>2016-03-20T00:31:51Z</time></trkpt><trkpt lat="33.839603" lon="135.676065"><ele>673.0</ele><time>2016-03-20T00:32:02Z</time></trkpt><trkpt lat="33.839663" lon="135.676149"><ele>670.7</ele><time>2016-03-20T00:32:24Z</time></trkpt><trkpt lat="33.839649" lon="135.676268"><ele>670.7</ele><time>2016-03-20T00:32:32Z</time></trkpt><trkpt lat="33.839693" lon="135.676372"><ele>671.4</ele><time>2016-03-20T00:32:39Z</time></trkpt><trkpt lat="33.839786" lon="135.676399"><ele>670.2</ele><time>2016-03-20T00:32:45Z</time></trkpt><trkpt lat="33.839877" lon="135.676364"><ele>672.5</ele><time>2016-03-20T00:32:53Z</time></trkpt><trkpt lat="33.839968" lon="135.676313"><ele>676.3</ele><time>2016-03-20T00:33:03Z</time></trkpt><trkpt lat="33.84006" lon="135.676342"><ele>680.7</ele><time>2016-03-20T00:33:20Z</time></trkpt><trkpt lat="33.840104" lon="135.676444"><ele>682.0</ele><time>2016-03-20T00:33:30Z</time></trkpt><trkpt lat="33.840185" lon="135.676495"><ele>682.0</ele><time>2016-03-20T00:33:43Z</time></trkpt><trkpt lat="33.840273" lon="135.676438"><ele>684.8</ele><time>2016-03-20T00:33:50Z</time></trkpt><trkpt lat="33.840364" lon="135.676455"><ele>687.2</ele><time>2016-03-20T00:34:03Z</time></trkpt><trkpt lat="33.840458" lon="135.67646"><ele>686.9</ele><time>2016-03-20T00:34:18Z</time></trkpt><trkpt lat="33.840544" lon="135.676514"><ele>685.0</ele><time>2016-03-20T00:34:28Z</time></trkpt><trkpt lat="33.840635" lon="135.676537"><ele>679.8</ele><time>2016-03-20T00:34:47Z</time></trkpt><trkpt lat="33.840726" lon="135.676581"><ele>676.2</ele><time>2016-03-20T00:35:01Z</time></trkpt><trkpt lat="33.840784" lon="135.676667"><ele>673.5</ele><time>2016-03-20T00:35:12Z</time></trkpt><trkpt lat="33.840869" lon="135.676704"><ele>670.8</ele><time>2016-03-20T00:35:28Z</time></trkpt><trkpt lat="33.840924" lon="135.676801"><ele>667.2</ele><time>2016-03-20T00:35:54Z</time></trkpt><trkpt lat="33.841017" lon="135.67681"><ele>662.5</ele><time>2016-03-20T00:36:01Z</time></trkpt><trkpt lat="33.841099" lon="135.676866"><ele>662.2</ele><time>2016-03-20T00:36:12Z</time></trkpt><trkpt lat="33.841188" lon="135.676914"><ele>663.6</ele><time>2016-03-20T00:36:29Z</time></trkpt><trkpt lat="33.841281" lon="135.676911"><ele>664.8</ele><time>2016-03-20T00:36:43Z</time></trkpt><trkpt lat="33.841311" lon="135.677024"><ele>665.2</ele><time>2016-03-20T00:37:12Z</time></trkpt><trkpt lat="33.841347" lon="135.677123"><ele>664.5</ele><time>2016-03-20T00:37:20Z</time></trkpt><trkpt lat="33.841387" lon="135.677233"><ele>662.8</ele><time>2016-03-20T00:37:46Z</time></trkpt><trkpt lat="33.841397" lon="135.677343"><ele>661.0</ele><time>2016-03-20T00:38:02Z</time></trkpt><trkpt lat="33.841432" lon="135.677443"><ele>660.6</ele><time>2016-03-20T00:38:10Z</time></trkpt><trkpt lat="33.841448" lon="135.677559"><ele>660.2</ele><time>2016-03-20T00:38:23Z</time></trkpt><trkpt lat="33.841402" lon="135.677652"><ele>659.6</ele><time>2016-03-20T00:38:34Z</time></trkpt><trkpt lat="33.841415" lon="135.677772"><ele>658.2</ele><time>2016-03-20T00:38:46Z</time></trkpt><trkpt lat="33.841422" lon="135.677894"><ele>656.6</ele><time>2016-03-20T00:38:56Z</time></trkpt><trkpt lat="33.841432" lon="135.678003"><ele>654.4</ele><time>2016-03-20T00:39:03Z</time></trkpt><trkpt lat="33.841439" lon="135.678112"><ele>653.9</ele><time>2016-03-20T00:39:17Z</time></trkpt><trkpt lat="33.841382" lon="135.678203"><ele>654.1</ele><time>2016-03-20T00:39:43Z</time></trkpt><trkpt lat="33.841372" lon="135.678317"><ele>653.7</ele><time>2016-03-20T00:39:56Z</time></trkpt><trkpt lat="33.841282" lon="135.678298"><ele>652.3</ele><time>2016-03-20T00:40:40Z</time></trkpt><trkpt lat="33.841217" lon="135.678376"><ele>649.9</ele><time>2016-03-20T00:40:51Z</time></trkpt><trkpt lat="33.841209" lon="135.678493"><ele>646.6</ele><time>2016-03-20T00:40:59Z</time></trkpt><trkpt lat="33.841251" lon="135.678607"><ele>641.7</ele><time>2016-03-20T00:41:05Z</time></trkpt><trkpt lat="33.841273" lon="135.678728"><ele>638.6</ele><time>2016-03-20T00:41:15Z</time></trkpt><trkpt lat="33.841305" lon="135.678841"><ele>637.2</ele><time>2016-03-20T00:41:23Z</time></trkpt><trkpt lat="33.841256" lon="135.678952"><ele>635.1</ele><time>2016-03-20T00:41:37Z</time></trkpt><trkpt lat="33.841248" lon="135.679064"><ele>634.1</ele><time>2016-03-20T00:41:45Z</time></trkpt><trkpt lat="33.841248" lon="135.679176"><ele>634.2</ele><time>2016-03-20T00:42:01Z</time></trkpt><trkpt lat="33.841281" lon="135.67929"><ele>635.1</ele><time>2016-03-20T00:42:05Z</time></trkpt><trkpt lat="33.841299" lon="135.679405"><ele>636.6</ele><time>2016-03-20T00:42:07Z</time></trkpt><trkpt lat="33.8413" lon="135.679519"><ele>638.7</ele><time>2016-03-20T00:42:26Z</time></trkpt><trkpt lat="33.841379" lon="135.67957"><ele>641.7</ele><time>2016-03-20T00:42:31Z</time></trkpt><trkpt lat="33.841297" lon="135.679648"><ele>645.1</ele><time>2016-03-20T00:42:40Z</time></trkpt><trkpt lat="33.841232" lon="135.679737"><ele>645.1</ele><time>2016-03-20T00:42:48Z</time></trkpt><trkpt lat="33.841196" lon="135.679842"><ele>642.7</ele><time>2016-03-20T00:42:57Z</time></trkpt><trkpt lat="33.841164" lon="135.679947"><ele>634.0</ele><time>2016-03-20T00:43:09Z</time></trkpt><trkpt lat="33.841157" lon="135.680056"><ele>628.7</ele><time>2016-03-20T00:43:18Z</time></trkpt><trkpt lat="33.841215" lon="135.680142"><ele>620.4</ele><time>2016-03-20T00:43:32Z</time></trkpt><trkpt lat="33.841171" lon="135.680246"><ele>615.7</ele><time>2016-03-20T00:43:45Z</time></trkpt><trkpt lat="33.84111" lon="135.680326"><ele>611.7</ele><time>2016-03-20T00:43:58Z</time></trkpt><trkpt lat="33.841021" lon="135.680355"><ele>611.1</ele><time>2016-03-20T00:44:10Z</time></trkpt><trkpt lat="33.840935" lon="135.680426"><ele>609.4</ele><time>2016-03-20T00:44:22Z</time></trkpt><trkpt lat="33.840902" lon="135.68053"><ele>606.1</ele><time>2016-03-20T00:44:28Z</time></trkpt><trkpt lat="33.840896" lon="135.680643"><ele>602.2</ele><time>2016-03-20T00:44:35Z</time></trkpt><trkpt lat="33.840877" lon="135.68076"><ele>602.7</ele><time>2016-03-20T00:44:46Z</time></trkpt><trkpt lat="33.840803" lon="135.680846"><ele>596.2</ele><time>2016-03-20T00:44:56Z</time></trkpt><trkpt lat="33.840737" lon="135.680761"><ele>589.7</ele><time>2016-03-20T00:45:39Z</time></trkpt><trkpt lat="33.84065" lon="135.680808"><ele>584.0</ele><time>2016-03-20T00:45:57Z</time></trkpt><trkpt lat="33.840564" lon="135.680855"><ele>576.5</ele><time>2016-03-20T00:46:11Z</time></trkpt><trkpt lat="33.840509" lon="135.680945"><ele>572.1</ele><time>2016-03-20T00:46:30Z</time></trkpt><trkpt lat="33.840432" lon="135.681001"><ele>568.4</ele><time>2016-03-20T00:46:46Z</time></trkpt><trkpt lat="33.840341" lon="135.681004"><ele>564.5</ele><time>2016-03-20T00:47:09Z</time></trkpt><trkpt lat="33.840244" lon="135.680991"><ele>560.5</ele><time>2016-03-20T00:47:15Z</time></trkpt><trkpt lat="33.840172" lon="135.681064"><ele>558.0</ele><time>2016-03-20T00:47:30Z</time></trkpt><trkpt lat="33.840092" lon="135.681135"><ele>557.4</ele><time>2016-03-20T00:47:42Z</time></trkpt><trkpt lat="33.840038" lon="135.681225"><ele>555.5</ele><time>2016-03-20T00:48:03Z</time></trkpt><trkpt lat="33.839982" lon="135.681313"><ele>552.1</ele><time>2016-03-20T00:48:21Z</time></trkpt><trkpt lat="33.83991" lon="135.681386"><ele>547.3</ele><time>2016-03-20T00:48:46Z</time></trkpt><trkpt lat="33.839881" lon="135.68149"><ele>541.9</ele><time>2016-03-20T00:49:12Z</time></trkpt><trkpt lat="33.839851" lon="135.681596"><ele>537.2</ele><time>2016-03-20T00:49:37Z</time></trkpt><trkpt lat="33.83978" lon="135.681667"><ele>533.5</ele><time>2016-03-20T00:49:44Z</time></trkpt><trkpt lat="33.839732" lon="135.681768"><ele>529.6</ele><time>2016-03-20T00:49:53Z</time></trkpt><trkpt lat="33.839697" lon="135.681874"><ele>526.4</ele><time>2016-03-20T00:50:07Z</time></trkpt><trkpt lat="33.839656" lon="135.68198"><ele>523.7</ele><time>2016-03-20T00:50:21Z</time></trkpt><trkpt lat="33.83961" lon="135.68208"><ele>521.0</ele><time>2016-03-20T00:50:34Z</time></trkpt><trkpt lat="33.839607" lon="135.682188"><ele>519.1</ele><time>2016-03-20T00:50:52Z</time></trkpt><trkpt lat="33.839588" lon="135.682295"><ele>518.9</ele><time>2016-03-20T00:51:06Z</time></trkpt><trkpt lat="33.839586" lon="135.682406"><ele>520.5</ele><time>2016-03-20T00:51:24Z</time></trkpt><trkpt lat="33.839514" lon="135.682482"><ele>520.7</ele><time>2016-03-20T00:51:35Z</time></trkpt><trkpt lat="33.839492" lon="135.682597"><ele>520.9</ele><time>2016-03-20T00:52:27Z</time></trkpt><trkpt lat="33.839571" lon="135.682545"><ele>521.1</ele><time>2016-03-20T00:53:20Z</time></trkpt><trkpt lat="33.83962" lon="135.682447"><ele>521.2</ele><time>2016-03-20T00:53:27Z</time></trkpt><trkpt lat="33.839695" lon="135.682372"><ele>521.3</ele><time>2016-03-20T00:53:38Z</time></trkpt><trkpt lat="33.839751" lon="135.682274"><ele>521.2</ele><time>2016-03-20T00:53:47Z</time></trkpt><trkpt lat="33.83984" lon="135.682225"><ele>521.0</ele><time>2016-03-20T00:53:59Z</time></trkpt><trkpt lat="33.839901" lon="135.682119"><ele>520.8</ele><time>2016-03-20T00:54:07Z</time></trkpt><trkpt lat="33.839929" lon="135.68199"><ele>520.7</ele><time>2016-03-20T00:54:11Z</time></trkpt><trkpt lat="33.840018" lon="135.681941"><ele>520.7</ele><time>2016-03-20T00:54:31Z</time></trkpt><trkpt lat="33.840097" lon="135.681889"><ele>520.9</ele><time>2016-03-20T00:54:56Z</time></trkpt><trkpt lat="33.840151" lon="135.681977"><ele>521.1</ele><time>2016-03-20T00:55:29Z</time></trkpt><trkpt lat="33.840166" lon="135.682089"><ele>521.3</ele><time>2016-03-20T00:55:45Z</time></trkpt><trkpt lat="33.840174" lon="135.682203"><ele>521.4</ele><time>2016-03-20T00:55:51Z</time></trkpt><trkpt lat="33.840177" lon="135.682322"><ele>521.4</ele><time>2016-03-20T00:56:00Z</time></trkpt><trkpt lat="33.840218" lon="135.682424"><ele>521.4</ele><time>2016-03-20T00:56:05Z</time></trkpt><trkpt lat="33.840301" lon="135.682477"><ele>521.2</ele><time>2016-03-20T00:56:12Z</time></trkpt><trkpt lat="33.840396" lon="135.682453"><ele>521.2</ele><time>2016-03-20T00:56:18Z</time></trkpt><trkpt lat="33.840498" lon="135.682455"><ele>521.1</ele><time>2016-03-20T00:56:26Z</time></trkpt><trkpt lat="33.840589" lon="135.682446"><ele>521.1</ele><time>2016-03-20T00:56:33Z</time></trkpt><trkpt lat="33.840684" lon="135.68248"><ele>521.1</ele><time>2016-03-20T00:56:41Z</time></trkpt><trkpt lat="33.840681" lon="135.682368"><ele>521.1</ele><time>2016-03-20T00:59:31Z</time></trkpt><trkpt lat="33.840727" lon="135.682463"><ele>521.0</ele><time>2016-03-20T01:00:09Z</time></trkpt><trkpt lat="33.84077" lon="135.682345"><ele>521.1</ele><time>2016-03-20T01:01:38Z</time></trkpt><trkpt lat="33.840778" lon="135.682458"><ele>521.3</ele><time>2016-03-20T01:03:22Z</time></trkpt><trkpt lat="33.840694" lon="135.682384"><ele>521.6</ele><time>2016-03-20T01:08:17Z</time></trkpt><trkpt lat="33.84071" lon="135.682514"><ele>521.9</ele><time>2016-03-20T01:08:27Z</time></trkpt><trkpt lat="33.840723" lon="135.682635"><ele>522.1</ele><time>2016-03-20T01:08:32Z</time></trkpt><trkpt lat="33.840673" lon="135.68273"><ele>522.3</ele><time>2016-03-20T01:08:38Z</time></trkpt><trkpt lat="33.84065" lon="135.682845"><ele>516.9</ele><time>2016-03-20T01:08:45Z</time></trkpt><trkpt lat="33.840647" lon="135.682957"><ele>511.6</ele><time>2016-03-20T01:08:53Z</time></trkpt><trkpt lat="33.840656" lon="135.683077"><ele>505.8</ele><time>2016-03-20T01:09:02Z</time></trkpt><trkpt lat="33.840721" lon="135.683158"><ele>502.7</ele><time>2016-03-20T01:09:14Z</time></trkpt><trkpt lat="33.840781" lon="135.683246"><ele>501.4</ele><time>2016-03-20T01:09:24Z</time></trkpt><trkpt lat="33.840851" lon="135.683334"><ele>500.6</ele><time>2016-03-20T01:09:31Z</time></trkpt><trkpt lat="33.840926" lon="135.683422"><ele>500.1</ele><time>2016-03-20T01:09:37Z</time></trkpt><trkpt lat="33.840979" lon="135.683512"><ele>499.8</ele><time>2016-03-20T01:09:48Z</time></trkpt><trkpt lat="33.841061" lon="135.683564"><ele>499.2</ele><time>2016-03-20T01:10:01Z</time></trkpt><trkpt lat="33.841155" lon="135.683588"><ele>498.5</ele><time>2016-03-20T01:10:12Z</time></trkpt><trkpt lat="33.841249" lon="135.683623"><ele>497.6</ele><time>2016-03-20T01:10:20Z</time></trkpt><trkpt lat="33.841341" lon="135.683623"><ele>496.5</ele><time>2016-03-20T01:10:28Z</time></trkpt><trkpt lat="33.841436" lon="135.683638"><ele>495.4</ele><time>2016-03-20T01:10:36Z</time></trkpt><trkpt lat="33.841531" lon="135.683677"><ele>494.2</ele><time>2016-03-20T01:10:43Z</time></trkpt><trkpt lat="33.841622" lon="135.683697"><ele>493.2</ele><time>2016-03-20T01:10:50Z</time></trkpt><trkpt lat="33.84172" lon="135.683723"><ele>492.2</ele><time>2016-03-20T01:10:55Z</time></trkpt><trkpt lat="33.841814" lon="135.683764"><ele>491.5</ele><time>2016-03-20T01:11:02Z</time></trkpt><trkpt lat="33.841861" lon="135.683861"><ele>491.0</ele><time>2016-03-20T01:11:22Z</time></trkpt><trkpt lat="33.841874" lon="135.683982"><ele>490.4</ele><time>2016-03-20T01:11:28Z</time></trkpt><trkpt lat="33.841891" lon="135.684091"><ele>489.6</ele><time>2016-03-20T01:11:34Z</time></trkpt><trkpt lat="33.84188" lon="135.684208"><ele>488.6</ele><time>2016-03-20T01:11:41Z</time></trkpt><trkpt lat="33.841887" lon="135.684331"><ele>487.3</ele><time>2016-03-20T01:11:49Z</time></trkpt><trkpt lat="33.841876" lon="135.684454"><ele>486.3</ele><time>2016-03-20T01:11:56Z</time></trkpt><trkpt lat="33.8419" lon="135.684561"><ele>485.5</ele><time>2016-03-20T01:12:02Z</time></trkpt><trkpt lat="33.841918" lon="135.68467"><ele>484.9</ele><time>2016-03-20T01:12:08Z</time></trkpt><trkpt lat="33.84192" lon="135.68479"><ele>484.3</ele><time>2016-03-20T01:12:15Z</time></trkpt><trkpt lat="33.841902" lon="135.684909"><ele>483.8</ele><time>2016-03-20T01:12:22Z</time></trkpt><trkpt lat="33.841914" lon="135.685027"><ele>482.9</ele><time>2016-03-20T01:12:30Z</time></trkpt><trkpt lat="33.841969" lon="135.685122"><ele>481.8</ele><time>2016-03-20T01:12:37Z</time></trkpt><trkpt lat="33.842016" lon="135.685217"><ele>480.7</ele><time>2016-03-20T01:12:45Z</time></trkpt><trkpt lat="33.84209" lon="135.685292"><ele>479.8</ele><time>2016-03-20T01:12:54Z</time></trkpt><trkpt lat="33.842146" lon="135.685378"><ele>479.1</ele><time>2016-03-20T01:13:06Z</time></trkpt><trkpt lat="33.84219" lon="135.685475"><ele>478.5</ele><time>2016-03-20T01:13:16Z</time></trkpt><trkpt lat="33.842236" lon="135.685578"><ele>478.1</ele><time>2016-03-20T01:13:25Z</time></trkpt><trkpt lat="33.842302" lon="135.685663"><ele>477.4</ele><time>2016-03-20T01:13:33Z</time></trkpt><trkpt lat="33.842394" lon="135.685716"><ele>476.9</ele><time>2016-03-20T01:13:41Z</time></trkpt><trkpt lat="33.84248" lon="135.685773"><ele>470.8</ele><time>2016-03-20T01:13:48Z</time></trkpt><trkpt lat="33.842541" lon="135.685865"><ele>468.9</ele><time>2016-03-20T01:13:58Z</time></trkpt><trkpt lat="33.842591" lon="135.685959"><ele>465.4</ele><time>2016-03-20T01:14:05Z</time></trkpt><trkpt lat="33.842625" lon="135.686076"><ele>459.6</ele><time>2016-03-20T01:14:12Z</time></trkpt><trkpt lat="33.842666" lon="135.686187"><ele>453.2</ele><time>2016-03-20T01:14:20Z</time></trkpt><trkpt lat="33.842706" lon="135.686284"><ele>457.5</ele><time>2016-03-20T01:14:26Z</time></trkpt><trkpt lat="33.842764" lon="135.686379"><ele>456.9</ele><time>2016-03-20T01:14:35Z</time></trkpt><trkpt lat="33.842822" lon="135.68647"><ele>451.4</ele><time>2016-03-20T01:14:44Z</time></trkpt><trkpt lat="33.842843" lon="135.686577"><ele>448.5</ele><time>2016-03-20T01:14:53Z</time></trkpt><trkpt lat="33.842915" lon="135.686645"><ele>446.6</ele><time>2016-03-20T01:15:02Z</time></trkpt><trkpt lat="33.842947" lon="135.686755"><ele>445.2</ele><time>2016-03-20T01:15:09Z</time></trkpt><trkpt lat="33.842977" lon="135.686876"><ele>443.1</ele><time>2016-03-20T01:15:16Z</time></trkpt><trkpt lat="33.843043" lon="135.686968"><ele>441.1</ele><time>2016-03-20T01:15:21Z</time></trkpt><trkpt lat="33.843102" lon="135.687051"><ele>439.6</ele><time>2016-03-20T01:15:26Z</time></trkpt><trkpt lat="33.843175" lon="135.687137"><ele>438.7</ele><time>2016-03-20T01:15:32Z</time></trkpt><trkpt lat="33.843269" lon="135.687202"><ele>438.4</ele><time>2016-03-20T01:15:39Z</time></trkpt><trkpt lat="33.843365" lon="135.687243"><ele>437.7</ele><time>2016-03-20T01:15:46Z</time></trkpt><trkpt lat="33.843457" lon="135.687274"><ele>436.7</ele><time>2016-03-20T01:15:54Z</time></trkpt><trkpt lat="33.84349" lon="135.687375"><ele>436.6</ele><time>2016-03-20T01:16:01Z</time></trkpt><trkpt lat="33.843574" lon="135.687425"><ele>436.6</ele><time>2016-03-20T01:16:11Z</time></trkpt><trkpt lat="33.843633" lon="135.68751"><ele>436.1</ele><time>2016-03-20T01:16:17Z</time></trkpt><trkpt lat="33.843672" lon="135.687609"><ele>435.8</ele><time>2016-03-20T01:16:36Z</time></trkpt><trkpt lat="33.843675" lon="135.687723"><ele>435.0</ele><time>2016-03-20T01:17:30Z</time></trkpt><trkpt lat="33.843687" lon="135.687831"><ele>433.4</ele><time>2016-03-20T01:17:51Z</time></trkpt><trkpt lat="33.843668" lon="135.687939"><ele>430.4</ele><time>2016-03-20T01:18:04Z</time></trkpt><trkpt lat="33.843626" lon="135.688042"><ele>427.8</ele><time>2016-03-20T01:18:11Z</time></trkpt><trkpt lat="33.843552" lon="135.687974"><ele>425.7</ele><time>2016-03-20T01:18:51Z</time></trkpt><trkpt lat="33.843468" lon="135.687928"><ele>424.0</ele><time>2016-03-20T01:19:11Z</time></trkpt><trkpt lat="33.8434" lon="135.687999"><ele>422.8</ele><time>2016-03-20T01:19:52Z</time></trkpt><trkpt lat="33.843333" lon="135.688079"><ele>419.0</ele><time>2016-03-20T01:20:15Z</time></trkpt><trkpt lat="33.843351" lon="135.68819"><ele>416.4</ele><time>2016-03-20T01:20:36Z</time></trkpt><trkpt lat="33.843405" lon="135.688286"><ele>414.2</ele><time>2016-03-20T01:22:37Z</time></trkpt><trkpt lat="33.843444" lon="135.688392"><ele>411.4</ele><time>2016-03-20T01:22:47Z</time></trkpt><trkpt lat="33.843488" lon="135.688501"><ele>408.0</ele><time>2016-03-20T01:22:57Z</time></trkpt><trkpt lat="33.843508" lon="135.688612"><ele>407.3</ele><time>2016-03-20T01:23:01Z</time></trkpt><trkpt lat="33.843478" lon="135.688715"><ele>407.5</ele><time>2016-03-20T01:23:10Z</time></trkpt><trkpt lat="33.843541" lon="135.688792"><ele>408.3</ele><time>2016-03-20T01:23:40Z</time></trkpt><trkpt lat="33.843591" lon="135.688886"><ele>408.9</ele><time>2016-03-20T01:24:44Z</time></trkpt><trkpt lat="33.84361" lon="135.688994"><ele>409.1</ele><time>2016-03-20T01:25:03Z</time></trkpt><trkpt lat="33.843652" lon="135.689097"><ele>409.2</ele><time>2016-03-20T01:25:13Z</time></trkpt><trkpt lat="33.843687" lon="135.689199"><ele>409.2</ele><time>2016-03-20T01:25:22Z</time></trkpt><trkpt lat="33.843735" lon="135.689295"><ele>409.1</ele><time>2016-03-20T01:25:32Z</time></trkpt><trkpt lat="33.843798" lon="135.689384"><ele>409.0</ele><time>2016-03-20T01:25:41Z</time></trkpt><trkpt lat="33.84384" lon="135.689497"><ele>408.9</ele><time>2016-03-20T01:25:56Z</time></trkpt><trkpt lat="33.843895" lon="135.689596"><ele>408.9</ele><time>2016-03-20T01:26:04Z</time></trkpt><trkpt lat="33.843912" lon="135.68971"><ele>408.9</ele><time>2016-03-20T01:26:13Z</time></trkpt><trkpt lat="33.843932" lon="135.689824"><ele>408.8</ele><time>2016-03-20T01:26:23Z</time></trkpt><trkpt lat="33.843896" lon="135.689927"><ele>408.6</ele><time>2016-03-20T01:26:33Z</time></trkpt><trkpt lat="33.843882" lon="135.690036"><ele>408.1</ele><time>2016-03-20T01:26:41Z</time></trkpt><trkpt lat="33.84389" lon="135.690151"><ele>407.5</ele><time>2016-03-20T01:26:51Z</time></trkpt><trkpt lat="33.84394" lon="135.690253"><ele>406.8</ele><time>2016-03-20T01:27:03Z</time></trkpt><trkpt lat="33.843995" lon="135.690345"><ele>406.5</ele><time>2016-03-20T01:27:13Z</time></trkpt><trkpt lat="33.844024" lon="135.69045"><ele>406.4</ele><time>2016-03-20T01:27:22Z</time></trkpt><trkpt lat="33.844046" lon="135.690562"><ele>406.4</ele><time>2016-03-20T01:27:36Z</time></trkpt><trkpt lat="33.844087" lon="135.690669"><ele>409.1</ele><time>2016-03-20T01:27:56Z</time></trkpt><trkpt lat="33.844122" lon="135.690771"><ele>412.6</ele><time>2016-03-20T01:28:05Z</time></trkpt><trkpt lat="33.844154" lon="135.690878"><ele>416.4</ele><time>2016-03-20T01:28:28Z</time></trkpt><trkpt lat="33.844183" lon="135.690983"><ele>416.3</ele><time>2016-03-20T01:28:39Z</time></trkpt><trkpt lat="33.844227" lon="135.691088"><ele>416.8</ele><time>2016-03-20T01:28:49Z</time></trkpt><trkpt lat="33.844276" lon="135.691181"><ele>416.2</ele><time>2016-03-20T01:28:58Z</time></trkpt><trkpt lat="33.844349" lon="135.691254"><ele>416.7</ele><time>2016-03-20T01:29:05Z</time></trkpt><trkpt lat="33.844401" lon="135.691352"><ele>417.2</ele><time>2016-03-20T01:29:15Z</time></trkpt><trkpt lat="33.844449" lon="135.691449"><ele>417.3</ele><time>2016-03-20T01:29:25Z</time></trkpt><trkpt lat="33.844513" lon="135.691533"><ele>418.2</ele><time>2016-03-20T01:29:32Z</time></trkpt><trkpt lat="33.844505" lon="135.691647"><ele>418.5</ele><time>2016-03-20T01:29:49Z</time></trkpt><trkpt lat="33.844523" lon="135.691759"><ele>420.4</ele><time>2016-03-20T01:30:05Z</time></trkpt><trkpt lat="33.84455" lon="135.691865"><ele>420.4</ele><time>2016-03-20T01:30:30Z</time></trkpt><trkpt lat="33.844593" lon="135.691962"><ele>421.5</ele><time>2016-03-20T01:31:14Z</time></trkpt><trkpt lat="33.844655" lon="135.692049"><ele>421.6</ele><time>2016-03-20T01:31:45Z</time></trkpt><trkpt lat="33.844616" lon="135.69215"><ele>423.8</ele><time>2016-03-20T01:32:24Z</time></trkpt><trkpt lat="33.844617" lon="135.692262"><ele>425.9</ele><time>2016-03-20T01:32:39Z</time></trkpt><trkpt lat="33.844673" lon="135.692348"><ele>429.2</ele><time>2016-03-20T01:32:52Z</time></trkpt><trkpt lat="33.844756" lon="135.692389"><ele>436.2</ele><time>2016-03-20T01:33:04Z</time></trkpt><trkpt lat="33.844845" lon="135.692363"><ele>441.0</ele><time>2016-03-20T01:33:41Z</time></trkpt><trkpt lat="33.844892" lon="135.692459"><ele>442.1</ele><time>2016-03-20T01:33:56Z</time></trkpt><trkpt lat="33.844942" lon="135.692573"><ele>446.1</ele><time>2016-03-20T01:34:10Z</time></trkpt><trkpt lat="33.845013" lon="135.692649"><ele>454.1</ele><time>2016-03-20T01:34:24Z</time></trkpt><trkpt lat="33.845101" lon="135.692676"><ele>456.1</ele><time>2016-03-20T01:34:31Z</time></trkpt><trkpt lat="33.845081" lon="135.692788"><ele>456.9</ele><time>2016-03-20T01:34:50Z</time></trkpt><trkpt lat="33.845097" lon="135.692899"><ele>458.0</ele><time>2016-03-20T01:35:02Z</time></trkpt><trkpt lat="33.845142" lon="135.693003"><ele>460.3</ele><time>2016-03-20T01:35:12Z</time></trkpt><trkpt lat="33.845155" lon="135.693111"><ele>461.2</ele><time>2016-03-20T01:35:25Z</time></trkpt><trkpt lat="33.84517" lon="135.693218"><ele>460.8</ele><time>2016-03-20T01:35:48Z</time></trkpt><trkpt lat="33.845179" lon="135.693336"><ele>458.2</ele><time>2016-03-20T01:36:01Z</time></trkpt><trkpt lat="33.845207" lon="135.693441"><ele>459.3</ele><time>2016-03-20T01:36:14Z</time></trkpt><trkpt lat="33.845282" lon="135.693519"><ele>460.2</ele><time>2016-03-20T01:36:28Z</time></trkpt><trkpt lat="33.84535" lon="135.693594"><ele>464.2</ele><time>2016-03-20T01:36:40Z</time></trkpt><trkpt lat="33.845429" lon="135.69366"><ele>466.7</ele><time>2016-03-20T01:36:53Z</time></trkpt><trkpt lat="33.845509" lon="135.693717"><ele>469.7</ele><time>2016-03-20T01:37:07Z</time></trkpt><trkpt lat="33.845592" lon="135.693765"><ele>472.8</ele><time>2016-03-20T01:37:22Z</time></trkpt><trkpt lat="33.845653" lon="135.69385"><ele>476.1</ele><time>2016-03-20T01:37:50Z</time></trkpt><trkpt lat="33.845707" lon="135.693945"><ele>477.6</ele><time>2016-03-20T01:38:04Z</time></trkpt><trkpt lat="33.845747" lon="135.694058"><ele>474.8</ele><time>2016-03-20T01:38:17Z</time></trkpt><trkpt lat="33.84577" lon="135.694169"><ele>472.9</ele><time>2016-03-20T01:38:29Z</time></trkpt><trkpt lat="33.845719" lon="135.694265"><ele>471.3</ele><time>2016-03-20T01:38:42Z</time></trkpt><trkpt lat="33.845724" lon="135.694375"><ele>470.2</ele><time>2016-03-20T01:38:56Z</time></trkpt><trkpt lat="33.845783" lon="135.694459"><ele>471.4</ele><time>2016-03-20T01:39:11Z</time></trkpt><trkpt lat="33.845856" lon="135.694543"><ele>471.6</ele><time>2016-03-20T01:39:27Z</time></trkpt><trkpt lat="33.845906" lon="135.694635"><ele>473.3</ele><time>2016-03-20T01:39:36Z</time></trkpt><trkpt lat="33.845981" lon="135.694699"><ele>474.1</ele><time>2016-03-20T01:39:50Z</time></trkpt><trkpt lat="33.846017" lon="135.694801"><ele>474.7</ele><time>2016-03-20T01:40:10Z</time></trkpt><trkpt lat="33.84608" lon="135.694879"><ele>475.7</ele><time>2016-03-20T01:40:26Z</time></trkpt><trkpt lat="33.846157" lon="135.694948"><ele>477.8</ele><time>2016-03-20T01:40:36Z</time></trkpt><trkpt lat="33.846249" lon="135.694984"><ele>481.8</ele><time>2016-03-20T01:40:46Z</time></trkpt><trkpt lat="33.846338" lon="135.695013"><ele>486.1</ele><time>2016-03-20T01:40:58Z</time></trkpt><trkpt lat="33.846428" lon="135.695021"><ele>491.1</ele><time>2016-03-20T01:41:11Z</time></trkpt><trkpt lat="33.846491" lon="135.69511"><ele>500.1</ele><time>2016-03-20T01:41:19Z</time></trkpt><trkpt lat="33.846538" lon="135.695204"><ele>506.6</ele><time>2016-03-20T01:41:31Z</time></trkpt><trkpt lat="33.846593" lon="135.695292"><ele>509.7</ele><time>2016-03-20T01:41:49Z</time></trkpt><trkpt lat="33.846505" lon="135.695322"><ele>507.1</ele><time>2016-03-20T01:42:31Z</time></trkpt><trkpt lat="33.846417" lon="135.695349"><ele>500.4</ele><time>2016-03-20T01:42:42Z</time></trkpt><trkpt lat="33.84643" lon="135.695459"><ele>492.6</ele><time>2016-03-20T01:43:14Z</time></trkpt><trkpt lat="33.84649" lon="135.695541"><ele>490.3</ele><time>2016-03-20T01:43:34Z</time></trkpt><trkpt lat="33.846559" lon="135.695619"><ele>489.6</ele><time>2016-03-20T01:44:06Z</time></trkpt><trkpt lat="33.846494" lon="135.695696"><ele>486.7</ele><time>2016-03-20T01:44:27Z</time></trkpt><trkpt lat="33.846509" lon="135.695806"><ele>484.6</ele><time>2016-03-20T01:45:12Z</time></trkpt><trkpt lat="33.846546" lon="135.695908"><ele>486.8</ele><time>2016-03-20T01:45:30Z</time></trkpt><trkpt lat="33.846605" lon="135.695996"><ele>491.6</ele><time>2016-03-20T01:45:50Z</time></trkpt><trkpt lat="33.846671" lon="135.696073"><ele>497.7</ele><time>2016-03-20T01:46:01Z</time></trkpt><trkpt lat="33.846754" lon="135.696119"><ele>504.0</ele><time>2016-03-20T01:46:12Z</time></trkpt><trkpt lat="33.84681" lon="135.696209"><ele>508.1</ele><time>2016-03-20T01:46:24Z</time></trkpt><trkpt lat="33.846893" lon="135.69626"><ele>510.1</ele><time>2016-03-20T01:46:38Z</time></trkpt><trkpt lat="33.846998" lon="135.696267"><ele>512.8</ele><time>2016-03-20T01:46:53Z</time></trkpt><trkpt lat="33.847092" lon="135.696316"><ele>516.4</ele><time>2016-03-20T01:47:03Z</time></trkpt><trkpt lat="33.847175" lon="135.696374"><ele>520.0</ele><time>2016-03-20T01:47:16Z</time></trkpt><trkpt lat="33.847222" lon="135.696475"><ele>522.1</ele><time>2016-03-20T01:47:29Z</time></trkpt><trkpt lat="33.847303" lon="135.696531"><ele>525.6</ele><time>2016-03-20T01:47:38Z</time></trkpt><trkpt lat="33.847381" lon="135.696588"><ele>529.6</ele><time>2016-03-20T01:47:46Z</time></trkpt><trkpt lat="33.847472" lon="135.696649"><ele>533.9</ele><time>2016-03-20T01:47:57Z</time></trkpt><trkpt lat="33.847548" lon="135.696725"><ele>536.1</ele><time>2016-03-20T01:48:08Z</time></trkpt><trkpt lat="33.847622" lon="135.696796"><ele>539.3</ele><time>2016-03-20T01:48:17Z</time></trkpt><trkpt lat="33.847692" lon="135.696872"><ele>542.1</ele><time>2016-03-20T01:48:28Z</time></trkpt><trkpt lat="33.847781" lon="135.696897"><ele>543.8</ele><time>2016-03-20T01:48:48Z</time></trkpt><trkpt lat="33.847861" lon="135.69695"><ele>545.8</ele><time>2016-03-20T01:49:00Z</time></trkpt><trkpt lat="33.847846" lon="135.697063"><ele>545.3</ele><time>2016-03-20T01:49:52Z</time></trkpt><trkpt lat="33.847758" lon="135.697109"><ele>544.2</ele><time>2016-03-20T01:50:03Z</time></trkpt><trkpt lat="33.847762" lon="135.69722"><ele>546.0</ele><time>2016-03-20T01:51:08Z</time></trkpt><trkpt lat="33.847802" lon="135.697321"><ele>548.0</ele><time>2016-03-20T01:51:24Z</time></trkpt><trkpt lat="33.847868" lon="135.697406"><ele>550.3</ele><time>2016-03-20T01:51:40Z</time></trkpt><trkpt lat="33.847953" lon="135.69746"><ele>551.1</ele><time>2016-03-20T01:52:04Z</time></trkpt><trkpt lat="33.848053" lon="135.697452"><ele>550.8</ele><time>2016-03-20T01:52:13Z</time></trkpt><trkpt lat="33.848142" lon="135.697471"><ele>551.1</ele><time>2016-03-20T01:52:21Z</time></trkpt><trkpt lat="33.848232" lon="135.697496"><ele>550.1</ele><time>2016-03-20T01:52:36Z</time></trkpt><trkpt lat="33.848318" lon="135.697449"><ele>550.1</ele><time>2016-03-20T01:52:47Z</time></trkpt><trkpt lat="33.848372" lon="135.69736"><ele>550.9</ele><time>2016-03-20T01:52:56Z</time></trkpt><trkpt lat="33.848437" lon="135.697285"><ele>552.2</ele><time>2016-03-20T01:53:05Z</time></trkpt><trkpt lat="33.848496" lon="135.697197"><ele>553.7</ele><time>2016-03-20T01:53:13Z</time></trkpt><trkpt lat="33.848503" lon="135.697089"><ele>556.5</ele><time>2016-03-20T01:54:41Z</time></trkpt><trkpt lat="33.848584" lon="135.697148"><ele>558.1</ele><time>2016-03-20T01:54:50Z</time></trkpt><trkpt lat="33.848672" lon="135.697123"><ele>560.5</ele><time>2016-03-20T01:55:06Z</time></trkpt><trkpt lat="33.848578" lon="135.69721"><ele>556.0</ele><time>2016-03-20T02:00:18Z</time></trkpt><trkpt lat="33.848486" lon="135.697244"><ele>552.9</ele><time>2016-03-20T02:05:02Z</time></trkpt><trkpt lat="33.848443" lon="135.697353"><ele>551.6</ele><time>2016-03-20T02:05:11Z</time></trkpt><trkpt lat="33.848393" lon="135.69745"><ele>550.7</ele><time>2016-03-20T02:05:20Z</time></trkpt><trkpt lat="33.848332" lon="135.697537"><ele>549.5</ele><time>2016-03-20T02:05:29Z</time></trkpt><trkpt lat="33.848291" lon="135.697651"><ele>549.0</ele><time>2016-03-20T02:06:00Z</time></trkpt><trkpt lat="33.848347" lon="135.697737"><ele>547.2</ele><time>2016-03-20T02:06:17Z</time></trkpt><trkpt lat="33.848384" lon="135.697843"><ele>544.4</ele><time>2016-03-20T02:06:30Z</time></trkpt><trkpt lat="33.848441" lon="135.697937"><ele>541.7</ele><time>2016-03-20T02:06:41Z</time></trkpt><trkpt lat="33.848462" lon="135.698048"><ele>538.9</ele><time>2016-03-20T02:06:54Z</time></trkpt><trkpt lat="33.848502" lon="135.698157"><ele>535.9</ele><time>2016-03-20T02:07:08Z</time></trkpt><trkpt lat="33.848526" lon="135.698264"><ele>533.3</ele><time>2016-03-20T02:07:20Z</time></trkpt><trkpt lat="33.848528" lon="135.698374"><ele>530.8</ele><time>2016-03-20T02:07:32Z</time></trkpt><trkpt lat="33.84855" lon="135.698483"><ele>527.8</ele><time>2016-03-20T02:07:50Z</time></trkpt><trkpt lat="33.848588" lon="135.698584"><ele>524.2</ele><time>2016-03-20T02:08:12Z</time></trkpt><trkpt lat="33.848615" lon="135.69848"><ele>521.9</ele><time>2016-03-20T02:08:35Z</time></trkpt><trkpt lat="33.848651" lon="135.698373"><ele>523.3</ele><time>2016-03-20T02:09:04Z</time></trkpt><trkpt lat="33.848714" lon="135.698286"><ele>523.9</ele><time>2016-03-20T02:09:18Z</time></trkpt><trkpt lat="33.848788" lon="135.698211"><ele>521.1</ele><time>2016-03-20T02:09:27Z</time></trkpt><trkpt lat="33.848848" lon="135.698129"><ele>518.7</ele><time>2016-03-20T02:09:37Z</time></trkpt><trkpt lat="33.848912" lon="135.698044"><ele>519.1</ele><time>2016-03-20T02:09:49Z</time></trkpt><trkpt lat="33.848966" lon="135.697954"><ele>519.1</ele><time>2016-03-20T02:10:02Z</time></trkpt><trkpt lat="33.849059" lon="135.697935"><ele>520.5</ele><time>2016-03-20T02:10:15Z</time></trkpt><trkpt lat="33.849147" lon="135.697911"><ele>523.2</ele><time>2016-03-20T02:10:28Z</time></trkpt><trkpt lat="33.849237" lon="135.697922"><ele>521.2</ele><time>2016-03-20T02:10:48Z</time></trkpt><trkpt lat="33.849324" lon="135.697972"><ele>515.9</ele><time>2016-03-20T02:11:14Z</time></trkpt><trkpt lat="33.849379" lon="135.698063"><ele>512.6</ele><time>2016-03-20T02:11:30Z</time></trkpt><trkpt lat="33.84943" lon="135.698152"><ele>508.2</ele><time>2016-03-20T02:11:42Z</time></trkpt><trkpt lat="33.849519" lon="135.698138"><ele>504.1</ele><time>2016-03-20T02:12:18Z</time></trkpt><trkpt lat="33.849601" lon="135.69808"><ele>498.1</ele><time>2016-03-20T02:12:34Z</time></trkpt><trkpt lat="33.849696" lon="135.698069"><ele>494.9</ele><time>2016-03-20T02:12:48Z</time></trkpt><trkpt lat="33.849791" lon="135.69806"><ele>492.8</ele><time>2016-03-20T02:13:00Z</time></trkpt><trkpt lat="33.849845" lon="135.69815"><ele>492.2</ele><time>2016-03-20T02:13:13Z</time></trkpt><trkpt lat="33.849859" lon="135.698259"><ele>491.1</ele><time>2016-03-20T02:13:26Z</time></trkpt><trkpt lat="33.849937" lon="135.69832"><ele>489.2</ele><time>2016-03-20T02:13:45Z</time></trkpt><trkpt lat="33.849982" lon="135.698425"><ele>487.3</ele><time>2016-03-20T02:13:54Z</time></trkpt><trkpt lat="33.850024" lon="135.698523"><ele>486.1</ele><time>2016-03-20T02:14:08Z</time></trkpt><trkpt lat="33.850031" lon="135.698633"><ele>484.6</ele><time>2016-03-20T02:14:18Z</time></trkpt><trkpt lat="33.850023" lon="135.698745"><ele>483.2</ele><time>2016-03-20T02:14:29Z</time></trkpt><trkpt lat="33.850044" lon="135.698851"><ele>481.7</ele><time>2016-03-20T02:14:40Z</time></trkpt><trkpt lat="33.850081" lon="135.698957"><ele>477.0</ele><time>2016-03-20T02:14:51Z</time></trkpt><trkpt lat="33.850094" lon="135.699067"><ele>473.9</ele><time>2016-03-20T02:15:04Z</time></trkpt><trkpt lat="33.850124" lon="135.699175"><ele>470.0</ele><time>2016-03-20T02:15:17Z</time></trkpt><trkpt lat="33.850179" lon="135.699272"><ele>463.7</ele><time>2016-03-20T02:15:27Z</time></trkpt><trkpt lat="33.850254" lon="135.699351"><ele>460.7</ele><time>2016-03-20T02:15:37Z</time></trkpt><trkpt lat="33.850315" lon="135.699432"><ele>460.3</ele><time>2016-03-20T02:15:48Z</time></trkpt><trkpt lat="33.850405" lon="135.699448"><ele>459.5</ele><time>2016-03-20T02:15:59Z</time></trkpt><trkpt lat="33.850495" lon="135.699446"><ele>458.1</ele><time>2016-03-20T02:16:06Z</time></trkpt><trkpt lat="33.850587" lon="135.699432"><ele>455.6</ele><time>2016-03-20T02:16:14Z</time></trkpt><trkpt lat="33.850672" lon="135.699474"><ele>451.9</ele><time>2016-03-20T02:16:23Z</time></trkpt><trkpt lat="33.850766" lon="135.699489"><ele>447.2</ele><time>2016-03-20T02:16:34Z</time></trkpt><trkpt lat="33.850856" lon="135.699464"><ele>447.1</ele><time>2016-03-20T02:16:48Z</time></trkpt><trkpt lat="33.850947" lon="135.699422"><ele>448.4</ele><time>2016-03-20T02:17:01Z</time></trkpt><trkpt lat="33.851029" lon="135.699376"><ele>449.5</ele><time>2016-03-20T02:17:15Z</time></trkpt><trkpt lat="33.851112" lon="135.699332"><ele>449.4</ele><time>2016-03-20T02:17:24Z</time></trkpt><trkpt lat="33.851202" lon="135.699277"><ele>446.8</ele><time>2016-03-20T02:17:33Z</time></trkpt><trkpt lat="33.851301" lon="135.699264"><ele>444.2</ele><time>2016-03-20T02:17:42Z</time></trkpt><trkpt lat="33.851392" lon="135.699268"><ele>441.8</ele><time>2016-03-20T02:17:56Z</time></trkpt><trkpt lat="33.851488" lon="135.699272"><ele>442.1</ele><time>2016-03-20T02:18:10Z</time></trkpt><trkpt lat="33.851556" lon="135.699344"><ele>440.6</ele><time>2016-03-20T02:18:38Z</time></trkpt><trkpt lat="33.851605" lon="135.699436"><ele>436.3</ele><time>2016-03-20T02:18:55Z</time></trkpt><trkpt lat="33.851553" lon="135.699527"><ele>433.0</ele><time>2016-03-20T02:19:18Z</time></trkpt><trkpt lat="33.851534" lon="135.699641"><ele>429.8</ele><time>2016-03-20T02:19:33Z</time></trkpt><trkpt lat="33.851574" lon="135.69974"><ele>427.2</ele><time>2016-03-20T02:19:44Z</time></trkpt><trkpt lat="33.85156" lon="135.699849"><ele>424.1</ele><time>2016-03-20T02:19:54Z</time></trkpt><trkpt lat="33.85156" lon="135.699959"><ele>420.5</ele><time>2016-03-20T02:20:03Z</time></trkpt><trkpt lat="33.851525" lon="135.700072"><ele>418.1</ele><time>2016-03-20T02:20:14Z</time></trkpt><trkpt lat="33.851527" lon="135.700196"><ele>418.3</ele><time>2016-03-20T02:20:24Z</time></trkpt><trkpt lat="33.851542" lon="135.700312"><ele>418.5</ele><time>2016-03-20T02:20:32Z</time></trkpt><trkpt lat="33.851572" lon="135.700417"><ele>418.0</ele><time>2016-03-20T02:20:40Z</time></trkpt><trkpt lat="33.851589" lon="135.700527"><ele>416.0</ele><time>2016-03-20T02:20:52Z</time></trkpt><trkpt lat="33.851641" lon="135.700621"><ele>414.1</ele><time>2016-03-20T02:21:05Z</time></trkpt><trkpt lat="33.851614" lon="135.700733"><ele>409.8</ele><time>2016-03-20T02:21:16Z</time></trkpt><trkpt lat="33.851581" lon="135.700836"><ele>404.9</ele><time>2016-03-20T02:21:29Z</time></trkpt><trkpt lat="33.851547" lon="135.700937"><ele>401.4</ele><time>2016-03-20T02:21:44Z</time></trkpt><trkpt lat="33.851544" lon="135.701048"><ele>396.7</ele><time>2016-03-20T02:21:56Z</time></trkpt><trkpt lat="33.85154" lon="135.701166"><ele>395.7</ele><time>2016-03-20T02:22:07Z</time></trkpt><trkpt lat="33.851574" lon="135.701281"><ele>396.1</ele><time>2016-03-20T02:22:15Z</time></trkpt><trkpt lat="33.851608" lon="135.701383"><ele>397.1</ele><time>2016-03-20T02:22:25Z</time></trkpt><trkpt lat="33.851649" lon="135.701491"><ele>394.4</ele><time>2016-03-20T02:22:37Z</time></trkpt><trkpt lat="33.851672" lon="135.701605"><ele>389.8</ele><time>2016-03-20T02:22:49Z</time></trkpt><trkpt lat="33.85166" lon="135.701713"><ele>384.3</ele><time>2016-03-20T02:23:01Z</time></trkpt><trkpt lat="33.851709" lon="135.701806"><ele>378.5</ele><time>2016-03-20T02:23:18Z</time></trkpt><trkpt lat="33.851783" lon="135.701866"><ele>380.3</ele><time>2016-03-20T02:23:32Z</time></trkpt><trkpt lat="33.851856" lon="135.70193"><ele>382.1</ele><time>2016-03-20T02:23:43Z</time></trkpt><trkpt lat="33.851955" lon="135.701937"><ele>383.2</ele><time>2016-03-20T02:23:56Z</time></trkpt><trkpt lat="33.852048" lon="135.701943"><ele>381.4</ele><time>2016-03-20T02:24:09Z</time></trkpt><trkpt lat="33.852141" lon="135.70193"><ele>381.1</ele><time>2016-03-20T02:24:23Z</time></trkpt><trkpt lat="33.852232" lon="135.701947"><ele>378.8</ele><time>2016-03-20T02:24:33Z</time></trkpt><trkpt lat="33.85233" lon="135.70195"><ele>376.9</ele><time>2016-03-20T02:24:46Z</time></trkpt><trkpt lat="33.852426" lon="135.701951"><ele>375.1</ele><time>2016-03-20T02:24:56Z</time></trkpt><trkpt lat="33.85252" lon="135.701913"><ele>373.1</ele><time>2016-03-20T02:25:07Z</time></trkpt><trkpt lat="33.852613" lon="135.701891"><ele>371.3</ele><time>2016-03-20T02:25:17Z</time></trkpt><trkpt lat="33.852699" lon="135.701842"><ele>369.4</ele><time>2016-03-20T02:25:28Z</time></trkpt><trkpt lat="33.852782" lon="135.701795"><ele>367.7</ele><time>2016-03-20T02:25:39Z</time></trkpt><trkpt lat="33.852844" lon="135.701709"><ele>366.9</ele><time>2016-03-20T02:25:49Z</time></trkpt><trkpt lat="33.852928" lon="135.701665"><ele>366.1</ele><time>2016-03-20T02:26:08Z</time></trkpt><trkpt lat="33.853007" lon="135.70174"><ele>365.1</ele><time>2016-03-20T02:26:16Z</time></trkpt><trkpt lat="33.853031" lon="135.701846"><ele>363.7</ele><time>2016-03-20T02:26:32Z</time></trkpt><trkpt lat="33.853003" lon="135.701949"><ele>362.6</ele><time>2016-03-20T02:26:49Z</time></trkpt><trkpt lat="33.852987" lon="135.702066"><ele>362.2</ele><time>2016-03-20T02:27:29Z</time></trkpt><trkpt lat="33.853048" lon="135.702156"><ele>362.4</ele><time>2016-03-20T02:27:38Z</time></trkpt><trkpt lat="33.853048" lon="135.702269"><ele>362.9</ele><time>2016-03-20T02:27:56Z</time></trkpt><trkpt lat="33.853044" lon="135.702378"><ele>363.2</ele><time>2016-03-20T02:28:15Z</time></trkpt><trkpt lat="33.853042" lon="135.702489"><ele>363.2</ele><time>2016-03-20T02:28:52Z</time></trkpt><trkpt lat="33.853042" lon="135.702599"><ele>362.8</ele><time>2016-03-20T02:29:04Z</time></trkpt><trkpt lat="33.853033" lon="135.702708"><ele>362.0</ele><time>2016-03-20T02:29:14Z</time></trkpt><trkpt lat="33.853001" lon="135.702811"><ele>361.3</ele><time>2016-03-20T02:29:26Z</time></trkpt><trkpt lat="33.853009" lon="135.702925"><ele>360.8</ele><time>2016-03-20T02:29:37Z</time></trkpt><trkpt lat="33.853052" lon="135.703022"><ele>360.4</ele><time>2016-03-20T02:29:45Z</time></trkpt><trkpt lat="33.853128" lon="135.703094"><ele>359.7</ele><time>2016-03-20T02:29:53Z</time></trkpt><trkpt lat="33.853218" lon="135.703127"><ele>359.0</ele><time>2016-03-20T02:30:19Z</time></trkpt><trkpt lat="33.853305" lon="135.703167"><ele>358.3</ele><time>2016-03-20T02:30:27Z</time></trkpt><trkpt lat="33.853359" lon="135.703262"><ele>357.7</ele><time>2016-03-20T02:30:39Z</time></trkpt><trkpt lat="33.853422" lon="135.703345"><ele>356.7</ele><time>2016-03-20T02:30:47Z</time></trkpt><trkpt lat="33.853472" lon="135.703441"><ele>356.2</ele><time>2016-03-20T02:30:56Z</time></trkpt><trkpt lat="33.85353" lon="135.70354"><ele>355.6</ele><time>2016-03-20T02:31:04Z</time></trkpt><trkpt lat="33.853571" lon="135.703642"><ele>355.1</ele><time>2016-03-20T02:31:15Z</time></trkpt><trkpt lat="33.853577" lon="135.703754"><ele>354.7</ele><time>2016-03-20T02:31:30Z</time></trkpt><trkpt lat="33.853502" lon="135.703821"><ele>354.1</ele><time>2016-03-20T02:31:46Z</time></trkpt><trkpt lat="33.853419" lon="135.703863"><ele>353.4</ele><time>2016-03-20T02:31:57Z</time></trkpt><trkpt lat="33.853354" lon="135.703942"><ele>352.6</ele><time>2016-03-20T02:32:06Z</time></trkpt><trkpt lat="33.853295" lon="135.704039"><ele>352.0</ele><time>2016-03-20T02:32:16Z</time></trkpt><trkpt lat="33.853255" lon="135.704153"><ele>351.4</ele><time>2016-03-20T02:32:25Z</time></trkpt><trkpt lat="33.85325" lon="135.704261"><ele>350.9</ele><time>2016-03-20T02:32:34Z</time></trkpt><trkpt lat="33.853265" lon="135.704376"><ele>350.4</ele><time>2016-03-20T02:32:44Z</time></trkpt><trkpt lat="33.853301" lon="135.704482"><ele>349.7</ele><time>2016-03-20T02:32:55Z</time></trkpt><trkpt lat="33.853347" lon="135.704586"><ele>349.1</ele><time>2016-03-20T02:33:06Z</time></trkpt><trkpt lat="33.853395" lon="135.704679"><ele>348.4</ele><time>2016-03-20T02:33:14Z</time></trkpt><trkpt lat="33.853468" lon="135.704756"><ele>347.4</ele><time>2016-03-20T02:33:22Z</time></trkpt><trkpt lat="33.853559" lon="135.704786"><ele>346.2</ele><time>2016-03-20T02:33:31Z</time></trkpt><trkpt lat="33.853647" lon="135.704816"><ele>345.0</ele><time>2016-03-20T02:33:41Z</time></trkpt><trkpt lat="33.853742" lon="135.704853"><ele>343.5</ele><time>2016-03-20T02:33:50Z</time></trkpt><trkpt lat="33.853794" lon="135.704947"><ele>342.3</ele><time>2016-03-20T02:34:01Z</time></trkpt><trkpt lat="33.853837" lon="135.705045"><ele>341.5</ele><time>2016-03-20T02:34:14Z</time></trkpt><trkpt lat="33.853878" lon="135.705142"><ele>340.6</ele><time>2016-03-20T02:34:27Z</time></trkpt><trkpt lat="33.853967" lon="135.705169"><ele>339.6</ele><time>2016-03-20T02:34:36Z</time></trkpt><trkpt lat="33.854058" lon="135.7052"><ele>338.5</ele><time>2016-03-20T02:34:49Z</time></trkpt><trkpt lat="33.854143" lon="135.705241"><ele>337.7</ele><time>2016-03-20T02:35:00Z</time></trkpt><trkpt lat="33.854235" lon="135.705273"><ele>336.7</ele><time>2016-03-20T02:35:08Z</time></trkpt><trkpt lat="33.854304" lon="135.705344"><ele>335.7</ele><time>2016-03-20T02:35:16Z</time></trkpt><trkpt lat="33.854377" lon="135.705412"><ele>334.8</ele><time>2016-03-20T02:35:25Z</time></trkpt><trkpt lat="33.854476" lon="135.705411"><ele>334.0</ele><time>2016-03-20T02:35:34Z</time></trkpt><trkpt lat="33.854561" lon="135.705375"><ele>333.4</ele><time>2016-03-20T02:35:43Z</time></trkpt><trkpt lat="33.854663" lon="135.705385"><ele>332.1</ele><time>2016-03-20T02:35:51Z</time></trkpt><trkpt lat="33.854717" lon="135.705476"><ele>331.0</ele><time>2016-03-20T02:36:05Z</time></trkpt><trkpt lat="33.854753" lon="135.705586"><ele>329.7</ele><time>2016-03-20T02:36:13Z</time></trkpt><trkpt lat="33.854781" lon="135.705692"><ele>328.3</ele><time>2016-03-20T02:36:19Z</time></trkpt><trkpt lat="33.854874" lon="135.705743"><ele>326.8</ele><time>2016-03-20T02:36:27Z</time></trkpt><trkpt lat="33.854972" lon="135.705758"><ele>325.6</ele><time>2016-03-20T02:36:35Z</time></trkpt><trkpt lat="33.855053" lon="135.705822"><ele>324.7</ele><time>2016-03-20T02:36:47Z</time></trkpt><trkpt lat="33.855007" lon="135.705916"><ele>324.2</ele><time>2016-03-20T02:37:28Z</time></trkpt><trkpt lat="33.855001" lon="135.706032"><ele>323.9</ele><time>2016-03-20T02:37:39Z</time></trkpt><trkpt lat="33.855024" lon="135.706147"><ele>323.6</ele><time>2016-03-20T02:37:48Z</time></trkpt><trkpt lat="33.855026" lon="135.706259"><ele>323.3</ele><time>2016-03-20T02:37:57Z</time></trkpt><trkpt lat="33.85503" lon="135.706369"><ele>322.9</ele><time>2016-03-20T02:38:05Z</time></trkpt><trkpt lat="33.855019" lon="135.706485"><ele>322.6</ele><time>2016-03-20T02:38:14Z</time></trkpt><trkpt lat="33.855047" lon="135.706591"><ele>322.4</ele><time>2016-03-20T02:38:22Z</time></trkpt><trkpt lat="33.855079" lon="135.706697"><ele>322.1</ele><time>2016-03-20T02:38:28Z</time></trkpt><trkpt lat="33.855127" lon="135.706794"><ele>321.6</ele><time>2016-03-20T02:38:36Z</time></trkpt><trkpt lat="33.855167" lon="135.706895"><ele>320.6</ele><time>2016-03-20T02:39:04Z</time></trkpt><trkpt lat="33.855127" lon="135.706995"><ele>319.0</ele><time>2016-03-20T02:39:22Z</time></trkpt><trkpt lat="33.855042" lon="135.707045"><ele>317.8</ele><time>2016-03-20T02:39:39Z</time></trkpt><trkpt lat="33.855019" lon="135.707151"><ele>316.8</ele><time>2016-03-20T02:40:05Z</time></trkpt><trkpt lat="33.855042" lon="135.707258"><ele>316.1</ele><time>2016-03-20T02:40:28Z</time></trkpt><trkpt lat="33.855036" lon="135.707369"><ele>315.6</ele><time>2016-03-20T02:40:45Z</time></trkpt><trkpt lat="33.855037" lon="135.707482"><ele>315.0</ele><time>2016-03-20T02:40:53Z</time></trkpt><trkpt lat="33.855051" lon="135.707592"><ele>314.6</ele><time>2016-03-20T02:41:02Z</time></trkpt><trkpt lat="33.855119" lon="135.707674"><ele>314.3</ele><time>2016-03-20T02:41:12Z</time></trkpt><trkpt lat="33.855172" lon="135.707764"><ele>314.0</ele><time>2016-03-20T02:41:27Z</time></trkpt><trkpt lat="33.855243" lon="135.707837"><ele>313.8</ele><time>2016-03-20T02:41:35Z</time></trkpt><trkpt lat="33.855305" lon="135.707918"><ele>313.5</ele><time>2016-03-20T02:41:40Z</time></trkpt><trkpt lat="33.855373" lon="135.708005"><ele>313.2</ele><time>2016-03-20T02:41:47Z</time></trkpt><trkpt lat="33.855411" lon="135.708108"><ele>312.9</ele><time>2016-03-20T02:42:00Z</time></trkpt><trkpt lat="33.855438" lon="135.708227"><ele>312.6</ele><time>2016-03-20T02:42:08Z</time></trkpt><trkpt lat="33.855495" lon="135.708337"><ele>312.2</ele><time>2016-03-20T02:42:14Z</time></trkpt><trkpt lat="33.855551" lon="135.708429"><ele>311.9</ele><time>2016-03-20T02:42:19Z</time></trkpt><trkpt lat="33.855591" lon="135.708527"><ele>311.7</ele><time>2016-03-20T02:42:25Z</time></trkpt><trkpt lat="33.855645" lon="135.708622"><ele>311.3</ele><time>2016-03-20T02:42:32Z</time></trkpt><trkpt lat="33.855714" lon="135.708697"><ele>310.9</ele><time>2016-03-20T02:42:42Z</time></trkpt><trkpt lat="33.855719" lon="135.708812"><ele>310.5</ele><time>2016-03-20T02:43:05Z</time></trkpt><trkpt lat="33.855782" lon="135.70889"><ele>309.9</ele><time>2016-03-20T02:43:12Z</time></trkpt><trkpt lat="33.855873" lon="135.708945"><ele>309.3</ele><time>2016-03-20T02:43:20Z</time></trkpt><trkpt lat="33.855959" lon="135.708985"><ele>308.7</ele><time>2016-03-20T02:43:26Z</time></trkpt><trkpt lat="33.856041" lon="135.709029"><ele>308.2</ele><time>2016-03-20T02:43:33Z</time></trkpt><trkpt lat="33.856131" lon="135.709048"><ele>307.8</ele><time>2016-03-20T02:43:41Z</time></trkpt><trkpt lat="33.85623" lon="135.709057"><ele>307.3</ele><time>2016-03-20T02:43:53Z</time></trkpt><trkpt lat="33.856321" lon="135.709071"><ele>306.7</ele><time>2016-03-20T02:44:00Z</time></trkpt><trkpt lat="33.85641" lon="135.709099"><ele>306.4</ele><time>2016-03-20T02:44:08Z</time></trkpt><trkpt lat="33.856485" lon="135.709168"><ele>306.0</ele><time>2016-03-20T02:44:23Z</time></trkpt><trkpt lat="33.856539" lon="135.709258"><ele>305.8</ele><time>2016-03-20T02:44:32Z</time></trkpt><trkpt lat="33.856595" lon="135.709347"><ele>305.5</ele><time>2016-03-20T02:44:39Z</time></trkpt><trkpt lat="33.856629" lon="135.709451"><ele>305.3</ele><time>2016-03-20T02:44:47Z</time></trkpt><trkpt lat="33.856708" lon="135.709526"><ele>305.2</ele><time>2016-03-20T02:45:10Z</time></trkpt><trkpt lat="33.85672" lon="135.709638"><ele>305.1</ele><time>2016-03-20T02:45:22Z</time></trkpt><trkpt lat="33.856802" lon="135.70971"><ele>305.0</ele><time>2016-03-20T02:45:32Z</time></trkpt><trkpt lat="33.856868" lon="135.709794"><ele>304.8</ele><time>2016-03-20T02:45:45Z</time></trkpt><trkpt lat="33.856922" lon="135.709889"><ele>304.5</ele><time>2016-03-20T02:45:54Z</time></trkpt><trkpt lat="33.856988" lon="135.709981"><ele>304.2</ele><time>2016-03-20T02:46:01Z</time></trkpt><trkpt lat="33.857043" lon="135.710076"><ele>303.8</ele><time>2016-03-20T02:46:07Z</time></trkpt><trkpt lat="33.857105" lon="135.710157"><ele>303.4</ele><time>2016-03-20T02:46:14Z</time></trkpt><trkpt lat="33.857183" lon="135.710228"><ele>302.9</ele><time>2016-03-20T02:46:22Z</time></trkpt><trkpt lat="33.857238" lon="135.710323"><ele>302.4</ele><time>2016-03-20T02:46:30Z</time></trkpt><trkpt lat="33.857297" lon="135.710411"><ele>301.8</ele><time>2016-03-20T02:46:39Z</time></trkpt><trkpt lat="33.857298" lon="135.710537"><ele>301.1</ele><time>2016-03-20T02:46:46Z</time></trkpt><trkpt lat="33.857294" lon="135.710656"><ele>300.4</ele><time>2016-03-20T02:47:11Z</time></trkpt><trkpt lat="33.857335" lon="135.710756"><ele>299.3</ele><time>2016-03-20T02:47:20Z</time></trkpt><trkpt lat="33.857287" lon="135.71085"><ele>297.8</ele><time>2016-03-20T02:47:28Z</time></trkpt><trkpt lat="33.857212" lon="135.710921"><ele>296.4</ele><time>2016-03-20T02:47:35Z</time></trkpt><trkpt lat="33.857187" lon="135.711038"><ele>294.8</ele><time>2016-03-20T02:47:47Z</time></trkpt><trkpt lat="33.857177" lon="135.711146"><ele>293.5</ele><time>2016-03-20T02:47:58Z</time></trkpt><trkpt lat="33.857212" lon="135.711256"><ele>292.6</ele><time>2016-03-20T02:48:06Z</time></trkpt><trkpt lat="33.857258" lon="135.711368"><ele>291.4</ele><time>2016-03-20T02:48:13Z</time></trkpt><trkpt lat="33.85727" lon="135.711476"><ele>290.3</ele><time>2016-03-20T02:48:20Z</time></trkpt><trkpt lat="33.857233" lon="135.711577"><ele>289.3</ele><time>2016-03-20T02:48:26Z</time></trkpt><trkpt lat="33.857211" lon="135.711684"><ele>288.1</ele><time>2016-03-20T02:48:33Z</time></trkpt><trkpt lat="33.857158" lon="135.711787"><ele>286.8</ele><time>2016-03-20T02:48:39Z</time></trkpt><trkpt lat="33.857136" lon="135.711898"><ele>285.6</ele><time>2016-03-20T02:48:46Z</time></trkpt><trkpt lat="33.857093" lon="135.712007"><ele>284.2</ele><time>2016-03-20T02:48:53Z</time></trkpt><trkpt lat="33.857077" lon="135.71212"><ele>282.7</ele><time>2016-03-20T02:49:01Z</time></trkpt><trkpt lat="33.857044" lon="135.712229"><ele>281.3</ele><time>2016-03-20T02:49:10Z</time></trkpt><trkpt lat="33.857016" lon="135.712346"><ele>279.9</ele><time>2016-03-20T02:49:18Z</time></trkpt><trkpt lat="33.856941" lon="135.712411"><ele>278.5</ele><time>2016-03-20T02:49:31Z</time></trkpt><trkpt lat="33.856919" lon="135.712532"><ele>277.6</ele><time>2016-03-20T02:49:39Z</time></trkpt><trkpt lat="33.856872" lon="135.712632"><ele>276.7</ele><time>2016-03-20T02:49:47Z</time></trkpt><trkpt lat="33.856864" lon="135.712748"><ele>275.2</ele><time>2016-03-20T02:49:54Z</time></trkpt><trkpt lat="33.856898" lon="135.712849"><ele>274.2</ele><time>2016-03-20T02:50:01Z</time></trkpt><trkpt lat="33.856926" lon="135.712953"><ele>273.4</ele><time>2016-03-20T02:50:08Z</time></trkpt><trkpt lat="33.856952" lon="135.71307"><ele>273.0</ele><time>2016-03-20T02:50:16Z</time></trkpt><trkpt lat="33.856929" lon="135.713178"><ele>272.7</ele><time>2016-03-20T02:50:27Z</time></trkpt><trkpt lat="33.856952" lon="135.713296"><ele>272.5</ele><time>2016-03-20T02:50:40Z</time></trkpt><trkpt lat="33.856975" lon="135.713412"><ele>272.6</ele><time>2016-03-20T02:50:47Z</time></trkpt><trkpt lat="33.856933" lon="135.713522"><ele>272.8</ele><time>2016-03-20T02:50:54Z</time></trkpt><trkpt lat="33.85692" lon="135.71364"><ele>274.0</ele><time>2016-03-20T02:51:03Z</time></trkpt><trkpt lat="33.856952" lon="135.713745"><ele>275.9</ele><time>2016-03-20T02:51:12Z</time></trkpt><trkpt lat="33.856918" lon="135.713855"><ele>277.9</ele><time>2016-03-20T02:51:21Z</time></trkpt><trkpt lat="33.856932" lon="135.713964"><ele>279.7</ele><time>2016-03-20T02:51:48Z</time></trkpt><trkpt lat="33.856936" lon="135.714079"><ele>281.6</ele><time>2016-03-20T02:51:58Z</time></trkpt><trkpt lat="33.85698" lon="135.714184"><ele>284.2</ele><time>2016-03-20T02:52:08Z</time></trkpt><trkpt lat="33.856996" lon="135.714305"><ele>285.4</ele><time>2016-03-20T02:52:16Z</time></trkpt><trkpt lat="33.856977" lon="135.714412"><ele>286.4</ele><time>2016-03-20T02:52:27Z</time></trkpt><trkpt lat="33.856977" lon="135.714533"><ele>287.5</ele><time>2016-03-20T02:52:35Z</time></trkpt><trkpt lat="33.856996" lon="135.714643"><ele>288.1</ele><time>2016-03-20T02:52:42Z</time></trkpt><trkpt lat="33.856977" lon="135.714757"><ele>288.8</ele><time>2016-03-20T02:52:51Z</time></trkpt><trkpt lat="33.856959" lon="135.714866"><ele>289.4</ele><time>2016-03-20T02:52:59Z</time></trkpt><trkpt lat="33.856968" lon="135.714976"><ele>289.3</ele><time>2016-03-20T02:53:05Z</time></trkpt><trkpt lat="33.856943" lon="135.715085"><ele>288.6</ele><time>2016-03-20T02:53:13Z</time></trkpt><trkpt lat="33.856928" lon="135.715193"><ele>287.3</ele><time>2016-03-20T02:53:21Z</time></trkpt><trkpt lat="33.856929" lon="135.715309"><ele>285.2</ele><time>2016-03-20T02:53:29Z</time></trkpt><trkpt lat="33.85691" lon="135.715422"><ele>282.3</ele><time>2016-03-20T02:53:37Z</time></trkpt><trkpt lat="33.856888" lon="135.715532"><ele>279.7</ele><time>2016-03-20T02:53:44Z</time></trkpt><trkpt lat="33.856875" lon="135.715644"><ele>278.0</ele><time>2016-03-20T02:53:51Z</time></trkpt><trkpt lat="33.856838" lon="135.715757"><ele>276.2</ele><time>2016-03-20T02:53:59Z</time></trkpt><trkpt lat="33.856817" lon="135.715877"><ele>274.4</ele><time>2016-03-20T02:54:06Z</time></trkpt><trkpt lat="33.856797" lon="135.715995"><ele>272.5</ele><time>2016-03-20T02:54:14Z</time></trkpt><trkpt lat="33.856754" lon="135.716102"><ele>269.8</ele><time>2016-03-20T02:54:23Z</time></trkpt><trkpt lat="33.856745" lon="135.716218"><ele>268.5</ele><time>2016-03-20T02:54:31Z</time></trkpt><trkpt lat="33.856726" lon="135.716328"><ele>267.1</ele><time>2016-03-20T02:54:39Z</time></trkpt><trkpt lat="33.856726" lon="135.716443"><ele>265.8</ele><time>2016-03-20T02:54:47Z</time></trkpt><trkpt lat="33.856702" lon="135.716562"><ele>264.5</ele><time>2016-03-20T02:54:55Z</time></trkpt><trkpt lat="33.856674" lon="135.71667"><ele>263.2</ele><time>2016-03-20T02:55:02Z</time></trkpt><trkpt lat="33.856656" lon="135.716789"><ele>261.5</ele><time>2016-03-20T02:55:09Z</time></trkpt><trkpt lat="33.856611" lon="135.716887"><ele>260.5</ele><time>2016-03-20T02:55:16Z</time></trkpt><trkpt lat="33.85659" lon="135.716994"><ele>259.3</ele><time>2016-03-20T02:55:23Z</time></trkpt><trkpt lat="33.856572" lon="135.717106"><ele>258.1</ele><time>2016-03-20T02:55:30Z</time></trkpt><trkpt lat="33.856542" lon="135.717211"><ele>257.1</ele><time>2016-03-20T02:55:37Z</time></trkpt><trkpt lat="33.85655" lon="135.717328"><ele>256.5</ele><time>2016-03-20T02:56:03Z</time></trkpt><trkpt lat="33.856587" lon="135.717432"><ele>256.0</ele><time>2016-03-20T02:56:11Z</time></trkpt><trkpt lat="33.856596" lon="135.717545"><ele>255.2</ele><time>2016-03-20T02:56:20Z</time></trkpt><trkpt lat="33.856603" lon="135.717663"><ele>254.9</ele><time>2016-03-20T02:56:28Z</time></trkpt><trkpt lat="33.856581" lon="135.717778"><ele>256.2</ele><time>2016-03-20T02:56:36Z</time></trkpt><trkpt lat="33.856549" lon="135.717889"><ele>257.5</ele><time>2016-03-20T02:56:44Z</time></trkpt><trkpt lat="33.856526" lon="135.718007"><ele>257.8</ele><time>2016-03-20T02:56:51Z</time></trkpt><trkpt lat="33.856523" lon="135.718126"><ele>257.7</ele><time>2016-03-20T02:56:58Z</time></trkpt><trkpt lat="33.856585" lon="135.718216"><ele>257.0</ele><time>2016-03-20T02:57:19Z</time></trkpt><trkpt lat="33.856651" lon="135.718131"><ele>256.8</ele><time>2016-03-20T02:57:47Z</time></trkpt><trkpt lat="33.856609" lon="135.718231"><ele>257.3</ele><time>2016-03-20T02:58:13Z</time></trkpt><trkpt lat="33.856588" lon="135.718338"><ele>260.5</ele><time>2016-03-20T02:59:11Z</time></trkpt><trkpt lat="33.856654" lon="135.718427"><ele>266.0</ele><time>2016-03-20T02:59:22Z</time></trkpt><trkpt lat="33.856705" lon="135.718517"><ele>271.5</ele><time>2016-03-20T02:59:32Z</time></trkpt><trkpt lat="33.856769" lon="135.718604"><ele>274.9</ele><time>2016-03-20T02:59:41Z</time></trkpt><trkpt lat="33.856851" lon="135.718656"><ele>278.5</ele><time>2016-03-20T02:59:49Z</time></trkpt><trkpt lat="33.85693" lon="135.718726"><ele>279.9</ele><time>2016-03-20T02:59:57Z</time></trkpt><trkpt lat="33.856938" lon="135.718848"><ele>278.4</ele><time>2016-03-20T03:00:05Z</time></trkpt><trkpt lat="33.856965" lon="135.718959"><ele>275.0</ele><time>2016-03-20T03:00:18Z</time></trkpt><trkpt lat="33.856959" lon="135.719075"><ele>272.7</ele><time>2016-03-20T03:00:28Z</time></trkpt><trkpt lat="33.856888" lon="135.719156"><ele>269.9</ele><time>2016-03-20T03:00:38Z</time></trkpt><trkpt lat="33.856821" lon="135.719237"><ele>267.6</ele><time>2016-03-20T03:00:48Z</time></trkpt><trkpt lat="33.856813" lon="135.719355"><ele>265.3</ele><time>2016-03-20T03:00:55Z</time></trkpt><trkpt lat="33.856774" lon="135.719459"><ele>263.9</ele><time>2016-03-20T03:01:04Z</time></trkpt><trkpt lat="33.85673" lon="135.719563"><ele>260.6</ele><time>2016-03-20T03:01:14Z</time></trkpt><trkpt lat="33.856691" lon="135.719673"><ele>259.1</ele><time>2016-03-20T03:01:23Z</time></trkpt><trkpt lat="33.856631" lon="135.719759"><ele>255.4</ele><time>2016-03-20T03:01:31Z</time></trkpt><trkpt lat="33.856595" lon="135.719861"><ele>254.4</ele><time>2016-03-20T03:01:39Z</time></trkpt><trkpt lat="33.85656" lon="135.719978"><ele>253.6</ele><time>2016-03-20T03:01:48Z</time></trkpt><trkpt lat="33.85651" lon="135.720072"><ele>253.6</ele><time>2016-03-20T03:01:55Z</time></trkpt><trkpt lat="33.856461" lon="135.720167"><ele>252.7</ele><time>2016-03-20T03:02:13Z</time></trkpt><trkpt lat="33.856511" lon="135.720265"><ele>253.2</ele><time>2016-03-20T03:02:23Z</time></trkpt><trkpt lat="33.856575" lon="135.720354"><ele>253.8</ele><time>2016-03-20T03:02:31Z</time></trkpt><trkpt lat="33.856613" lon="135.720456"><ele>255.1</ele><time>2016-03-20T03:02:40Z</time></trkpt><trkpt lat="33.856658" lon="135.72056"><ele>256.8</ele><time>2016-03-20T03:02:51Z</time></trkpt><trkpt lat="33.85671" lon="135.720655"><ele>258.6</ele><time>2016-03-20T03:03:00Z</time></trkpt><trkpt lat="33.856746" lon="135.720767"><ele>261.3</ele><time>2016-03-20T03:03:09Z</time></trkpt><trkpt lat="33.856788" lon="135.720871"><ele>263.7</ele><time>2016-03-20T03:03:17Z</time></trkpt><trkpt lat="33.856814" lon="135.720979"><ele>265.1</ele><time>2016-03-20T03:03:25Z</time></trkpt><trkpt lat="33.856823" lon="135.721092"><ele>266.8</ele><time>2016-03-20T03:03:35Z</time></trkpt><trkpt lat="33.856849" lon="135.72121"><ele>269.3</ele><time>2016-03-20T03:03:42Z</time></trkpt><trkpt lat="33.856869" lon="135.721323"><ele>268.9</ele><time>2016-03-20T03:03:49Z</time></trkpt><trkpt lat="33.856871" lon="135.721438"><ele>268.2</ele><time>2016-03-20T03:03:58Z</time></trkpt><trkpt lat="33.856918" lon="135.721534"><ele>266.7</ele><time>2016-03-20T03:04:06Z</time></trkpt><trkpt lat="33.856992" lon="135.721609"><ele>264.4</ele><time>2016-03-20T03:04:13Z</time></trkpt><trkpt lat="33.85702" lon="135.721714"><ele>260.2</ele><time>2016-03-20T03:04:58Z</time></trkpt><trkpt lat="33.857065" lon="135.721816"><ele>257.4</ele><time>2016-03-20T03:05:18Z</time></trkpt><trkpt lat="33.857086" lon="135.721929"><ele>253.8</ele><time>2016-03-20T03:05:34Z</time></trkpt><trkpt lat="33.857099" lon="135.722039"><ele>252.4</ele><time>2016-03-20T03:05:49Z</time></trkpt><trkpt lat="33.857132" lon="135.72214"><ele>250.5</ele><time>2016-03-20T03:06:04Z</time></trkpt><trkpt lat="33.857132" lon="135.72225"><ele>248.7</ele><time>2016-03-20T03:06:44Z</time></trkpt><trkpt lat="33.85716" lon="135.722359"><ele>247.0</ele><time>2016-03-20T03:06:52Z</time></trkpt><trkpt lat="33.857176" lon="135.722467"><ele>245.8</ele><time>2016-03-20T03:07:00Z</time></trkpt><trkpt lat="33.857179" lon="135.722575"><ele>243.6</ele><time>2016-03-20T03:07:12Z</time></trkpt><trkpt lat="33.857259" lon="135.72263"><ele>244.8</ele><time>2016-03-20T03:07:36Z</time></trkpt><trkpt lat="33.857309" lon="135.722535"><ele>246.6</ele><time>2016-03-20T03:09:26Z</time></trkpt><trkpt lat="33.857345" lon="135.722433"><ele>247.4</ele><time>2016-03-20T03:09:43Z</time></trkpt><trkpt lat="33.857381" lon="135.722325"><ele>248.5</ele><time>2016-03-20T03:09:58Z</time></trkpt><trkpt lat="33.85743" lon="135.722228"><ele>249.7</ele><time>2016-03-20T03:10:07Z</time></trkpt><trkpt lat="33.857448" lon="135.72212"><ele>250.6</ele><time>2016-03-20T03:10:24Z</time></trkpt><trkpt lat="33.857443" lon="135.72201"><ele>252.2</ele><time>2016-03-20T03:10:33Z</time></trkpt><trkpt lat="33.857478" lon="135.72191"><ele>255.6</ele><time>2016-03-20T03:10:53Z</time></trkpt><trkpt lat="33.857505" lon="135.721802"><ele>258.4</ele><time>2016-03-20T03:11:12Z</time></trkpt><trkpt lat="33.857562" lon="135.721713"><ele>261.6</ele><time>2016-03-20T03:11:27Z</time></trkpt><trkpt lat="33.857611" lon="135.721611"><ele>266.7</ele><time>2016-03-20T03:11:43Z</time></trkpt><trkpt lat="33.857666" lon="135.721521"><ele>268.7</ele><time>2016-03-20T03:11:50Z</time></trkpt><trkpt lat="33.857719" lon="135.721432"><ele>270.7</ele><time>2016-03-20T03:11:59Z</time></trkpt><trkpt lat="33.857806" lon="135.721382"><ele>265.3</ele><time>2016-03-20T03:12:10Z</time></trkpt><trkpt lat="33.857888" lon="135.721317"><ele>259.9</ele><time>2016-03-20T03:12:19Z</time></trkpt><trkpt lat="33.857975" lon="135.721262"><ele>255.8</ele><time>2016-03-20T03:12:28Z</time></trkpt><trkpt lat="33.858064" lon="135.721227"><ele>254.9</ele><time>2016-03-20T03:12:38Z</time></trkpt><trkpt lat="33.858158" lon="135.7212"><ele>253.3</ele><time>2016-03-20T03:12:44Z</time></trkpt><trkpt lat="33.858236" lon="135.72113"><ele>252.7</ele><time>2016-03-20T03:12:52Z</time></trkpt><trkpt lat="33.858292" lon="135.721041"><ele>253.6</ele><time>2016-03-20T03:12:59Z</time></trkpt><trkpt lat="33.858354" lon="135.720953"><ele>257.6</ele><time>2016-03-20T03:13:06Z</time></trkpt><trkpt lat="33.858422" lon="135.720864"><ele>262.6</ele><time>2016-03-20T03:13:14Z</time></trkpt><trkpt lat="33.858497" lon="135.7208"><ele>266.0</ele><time>2016-03-20T03:13:24Z</time></trkpt><trkpt lat="33.85858" lon="135.720743"><ele>264.6</ele><time>2016-03-20T03:13:36Z</time></trkpt><trkpt lat="33.858659" lon="135.720669"><ele>263.7</ele><time>2016-03-20T03:13:45Z</time></trkpt><trkpt lat="33.858734" lon="135.720599"><ele>262.0</ele><time>2016-03-20T03:13:52Z</time></trkpt><trkpt lat="33.858822" lon="135.720543"><ele>257.9</ele><time>2016-03-20T03:14:00Z</time></trkpt><trkpt lat="33.858916" lon="135.720523"><ele>256.0</ele><time>2016-03-20T03:14:07Z</time></trkpt><trkpt lat="33.858997" lon="135.720468"><ele>255.7</ele><time>2016-03-20T03:14:16Z</time></trkpt><trkpt lat="33.859039" lon="135.720368"><ele>256.4</ele><time>2016-03-20T03:14:25Z</time></trkpt><trkpt lat="33.859103" lon="135.720449"><ele>257.2</ele><time>2016-03-20T03:15:19Z</time></trkpt><trkpt lat="33.859196" lon="135.720438"><ele>259.0</ele><time>2016-03-20T03:15:43Z</time></trkpt><trkpt lat="33.859288" lon="135.720447"><ele>261.2</ele><time>2016-03-20T03:16:02Z</time></trkpt><trkpt lat="33.859381" lon="135.720464"><ele>264.5</ele><time>2016-03-20T03:16:13Z</time></trkpt><trkpt lat="33.859474" lon="135.720483"><ele>267.3</ele><time>2016-03-20T03:16:26Z</time></trkpt><trkpt lat="33.859561" lon="135.720523"><ele>269.7</ele><time>2016-03-20T03:16:43Z</time></trkpt><trkpt lat="33.859645" lon="135.720567"><ele>272.2</ele><time>2016-03-20T03:16:56Z</time></trkpt><trkpt lat="33.859706" lon="135.720656"><ele>275.3</ele><time>2016-03-20T03:17:15Z</time></trkpt><trkpt lat="33.859777" lon="135.720728"><ele>276.7</ele><time>2016-03-20T03:17:26Z</time></trkpt><trkpt lat="33.859848" lon="135.720805"><ele>275.8</ele><time>2016-03-20T03:17:40Z</time></trkpt><trkpt lat="33.85994" lon="135.720839"><ele>273.8</ele><time>2016-03-20T03:18:05Z</time></trkpt><trkpt lat="33.860027" lon="135.720872"><ele>271.7</ele><time>2016-03-20T03:18:21Z</time></trkpt><trkpt lat="33.86011" lon="135.720922"><ele>271.0</ele><time>2016-03-20T03:18:42Z</time></trkpt><trkpt lat="33.860103" lon="135.720807"><ele>272.3</ele><time>2016-03-20T03:19:09Z</time></trkpt><trkpt lat="33.860045" lon="135.72072"><ele>273.5</ele><time>2016-03-20T03:19:29Z</time></trkpt><trkpt lat="33.860048" lon="135.720602"><ele>275.6</ele><time>2016-03-20T03:19:44Z</time></trkpt><trkpt lat="33.860111" lon="135.720518"><ele>277.4</ele><time>2016-03-20T03:19:54Z</time></trkpt><trkpt lat="33.860193" lon="135.720455"><ele>279.0</ele><time>2016-03-20T03:20:09Z</time></trkpt><trkpt lat="33.860281" lon="135.720416"><ele>281.5</ele><time>2016-03-20T03:20:22Z</time></trkpt><trkpt lat="33.860373" lon="135.720387"><ele>284.9</ele><time>2016-03-20T03:20:35Z</time></trkpt><trkpt lat="33.860457" lon="135.720433"><ele>288.6</ele><time>2016-03-20T03:20:49Z</time></trkpt><trkpt lat="33.860541" lon="135.720477"><ele>294.4</ele><time>2016-03-20T03:21:05Z</time></trkpt><trkpt lat="33.860621" lon="135.720529"><ele>298.3</ele><time>2016-03-20T03:21:19Z</time></trkpt><trkpt lat="33.860712" lon="135.720523"><ele>301.5</ele><time>2016-03-20T03:21:34Z</time></trkpt><trkpt lat="33.860802" lon="135.72055"><ele>303.4</ele><time>2016-03-20T03:21:54Z</time></trkpt><trkpt lat="33.860893" lon="135.72055"><ele>304.8</ele><time>2016-03-20T03:22:03Z</time></trkpt><trkpt lat="33.86097" lon="135.72061"><ele>307.0</ele><time>2016-03-20T03:22:14Z</time></trkpt><trkpt lat="33.861046" lon="135.720692"><ele>308.7</ele><time>2016-03-20T03:22:23Z</time></trkpt><trkpt lat="33.861127" lon="135.720741"><ele>310.2</ele><time>2016-03-20T03:22:42Z</time></trkpt><trkpt lat="33.861216" lon="135.720763"><ele>311.7</ele><time>2016-03-20T03:22:59Z</time></trkpt><trkpt lat="33.861307" lon="135.720805"><ele>312.9</ele><time>2016-03-20T03:23:11Z</time></trkpt><trkpt lat="33.861395" lon="135.720841"><ele>314.5</ele><time>2016-03-20T03:23:20Z</time></trkpt><trkpt lat="33.861491" lon="135.720856"><ele>316.9</ele><time>2016-03-20T03:23:32Z</time></trkpt><trkpt lat="33.861582" lon="135.720886"><ele>319.4</ele><time>2016-03-20T03:23:44Z</time></trkpt><trkpt lat="33.86163" lon="135.720791"><ele>320.7</ele><time>2016-03-20T03:24:46Z</time></trkpt><trkpt lat="33.861717" lon="135.72084"><ele>321.2</ele><time>2016-03-20T03:25:16Z</time></trkpt><trkpt lat="33.861707" lon="135.720894"><ele>321.4</ele><time>2016-03-20T03:29:22Z</time></trkpt><trkpt lat="33.861725" lon="135.720884"><ele>321.5</ele><time>2016-03-20T03:41:06Z</time></trkpt><trkpt lat="33.861662" lon="135.720928"><ele>322.4</ele><time>2016-03-20T03:42:29Z</time></trkpt><trkpt lat="33.861651" lon="135.721047"><ele>323.3</ele><time>2016-03-20T03:42:43Z</time></trkpt><trkpt lat="33.861637" lon="135.721157"><ele>323.4</ele><time>2016-03-20T03:42:58Z</time></trkpt><trkpt lat="33.861581" lon="135.721245"><ele>322.9</ele><time>2016-03-20T03:43:06Z</time></trkpt><trkpt lat="33.861567" lon="135.721363"><ele>322.2</ele><time>2016-03-20T03:43:46Z</time></trkpt><trkpt lat="33.861568" lon="135.721476"><ele>320.8</ele><time>2016-03-20T03:43:53Z</time></trkpt><trkpt lat="33.861566" lon="135.7216"><ele>320.4</ele><time>2016-03-20T03:44:00Z</time></trkpt><trkpt lat="33.861607" lon="135.721708"><ele>319.9</ele><time>2016-03-20T03:44:08Z</time></trkpt><trkpt lat="33.861613" lon="135.721826"><ele>319.5</ele><time>2016-03-20T03:44:16Z</time></trkpt><trkpt lat="33.861626" lon="135.721939"><ele>319.0</ele><time>2016-03-20T03:44:23Z</time></trkpt><trkpt lat="33.861626" lon="135.722064"><ele>318.2</ele><time>2016-03-20T03:44:30Z</time></trkpt><trkpt lat="33.861626" lon="135.722178"><ele>316.9</ele><time>2016-03-20T03:44:38Z</time></trkpt><trkpt lat="33.861679" lon="135.722275"><ele>315.6</ele><time>2016-03-20T03:44:46Z</time></trkpt><trkpt lat="33.861718" lon="135.722383"><ele>313.3</ele><time>2016-03-20T03:44:54Z</time></trkpt><trkpt lat="33.861753" lon="135.722494"><ele>310.4</ele><time>2016-03-20T03:45:03Z</time></trkpt><trkpt lat="33.861782" lon="135.722599"><ele>309.5</ele><time>2016-03-20T03:45:11Z</time></trkpt><trkpt lat="33.861826" lon="135.722708"><ele>309.1</ele><time>2016-03-20T03:45:24Z</time></trkpt><trkpt lat="33.861843" lon="135.722816"><ele>308.7</ele><time>2016-03-20T03:45:32Z</time></trkpt><trkpt lat="33.861831" lon="135.722939"><ele>308.4</ele><time>2016-03-20T03:45:40Z</time></trkpt><trkpt lat="33.86179" lon="135.723038"><ele>308.1</ele><time>2016-03-20T03:45:45Z</time></trkpt><trkpt lat="33.861727" lon="135.723128"><ele>307.8</ele><time>2016-03-20T03:45:51Z</time></trkpt><trkpt lat="33.861656" lon="135.72321"><ele>307.3</ele><time>2016-03-20T03:45:58Z</time></trkpt><trkpt lat="33.861561" lon="135.723257"><ele>306.8</ele><time>2016-03-20T03:46:04Z</time></trkpt><trkpt lat="33.861462" lon="135.723267"><ele>306.4</ele><time>2016-03-20T03:46:11Z</time></trkpt><trkpt lat="33.861374" lon="135.723303"><ele>306.1</ele><time>2016-03-20T03:46:18Z</time></trkpt><trkpt lat="33.861285" lon="135.723351"><ele>305.7</ele><time>2016-03-20T03:46:27Z</time></trkpt><trkpt lat="33.861214" lon="135.723421"><ele>305.4</ele><time>2016-03-20T03:46:34Z</time></trkpt><trkpt lat="33.861131" lon="135.723472"><ele>305.1</ele><time>2016-03-20T03:46:41Z</time></trkpt><trkpt lat="33.861212" lon="135.723576"><ele>304.6</ele><time>2016-03-20T03:46:58Z</time></trkpt><trkpt lat="33.861326" lon="135.723616"><ele>304.2</ele><time>2016-03-20T03:47:01Z</time></trkpt><trkpt lat="33.861419" lon="135.723626"><ele>303.9</ele><time>2016-03-20T03:47:03Z</time></trkpt><trkpt lat="33.861497" lon="135.723682"><ele>303.6</ele><time>2016-03-20T03:47:13Z</time></trkpt><trkpt lat="33.86138" lon="135.723613"><ele>303.1</ele><time>2016-03-20T03:47:17Z</time></trkpt><trkpt lat="33.861469" lon="135.723681"><ele>302.7</ele><time>2016-03-20T03:47:20Z</time></trkpt><trkpt lat="33.861547" lon="135.723737"><ele>302.3</ele><time>2016-03-20T03:47:21Z</time></trkpt><trkpt lat="33.861645" lon="135.723682"><ele>301.9</ele><time>2016-03-20T03:47:24Z</time></trkpt><trkpt lat="33.861692" lon="135.723575"><ele>301.6</ele><time>2016-03-20T03:47:28Z</time></trkpt><trkpt lat="33.861587" lon="135.723548"><ele>301.2</ele><time>2016-03-20T03:47:33Z</time></trkpt><trkpt lat="33.861492" lon="135.723526"><ele>300.8</ele><time>2016-03-20T03:47:39Z</time></trkpt><trkpt lat="33.861262" lon="135.723447"><ele>299.8</ele><time>2016-03-20T03:47:42Z</time></trkpt><trkpt lat="33.861177" lon="135.723486"><ele>299.5</ele><time>2016-03-20T03:47:49Z</time></trkpt><trkpt lat="33.861087" lon="135.723537"><ele>299.3</ele><time>2016-03-20T03:47:56Z</time></trkpt><trkpt lat="33.86106" lon="135.723648"><ele>299.1</ele><time>2016-03-20T03:48:04Z</time></trkpt><trkpt lat="33.861104" lon="135.723755"><ele>298.9</ele><time>2016-03-20T03:48:18Z</time></trkpt><trkpt lat="33.861109" lon="135.723863"><ele>298.7</ele><time>2016-03-20T03:48:23Z</time></trkpt><trkpt lat="33.861099" lon="135.723971"><ele>298.6</ele><time>2016-03-20T03:48:33Z</time></trkpt><trkpt lat="33.861157" lon="135.72406"><ele>298.4</ele><time>2016-03-20T03:51:10Z</time></trkpt><trkpt lat="33.861158" lon="135.724178"><ele>297.8</ele><time>2016-03-20T03:51:27Z</time></trkpt><trkpt lat="33.861153" lon="135.724295"><ele>297.0</ele><time>2016-03-20T03:51:37Z</time></trkpt><trkpt lat="33.861158" lon="135.724405"><ele>296.2</ele><time>2016-03-20T03:51:45Z</time></trkpt><trkpt lat="33.861175" lon="135.724521"><ele>295.2</ele><time>2016-03-20T03:51:54Z</time></trkpt><trkpt lat="33.861228" lon="135.724627"><ele>294.5</ele><time>2016-03-20T03:52:03Z</time></trkpt><trkpt lat="33.861252" lon="135.724742"><ele>294.1</ele><time>2016-03-20T03:52:10Z</time></trkpt><trkpt lat="33.861281" lon="135.724855"><ele>294.0</ele><time>2016-03-20T03:52:18Z</time></trkpt><trkpt lat="33.861323" lon="135.724967"><ele>293.9</ele><time>2016-03-20T03:52:26Z</time></trkpt><trkpt lat="33.861366" lon="135.725072"><ele>293.8</ele><time>2016-03-20T03:52:34Z</time></trkpt><trkpt lat="33.861427" lon="135.725155"><ele>293.7</ele><time>2016-03-20T03:52:41Z</time></trkpt><trkpt lat="33.861513" lon="135.725222"><ele>293.6</ele><time>2016-03-20T03:52:50Z</time></trkpt><trkpt lat="33.861592" lon="135.725286"><ele>293.3</ele><time>2016-03-20T03:52:58Z</time></trkpt><trkpt lat="33.861664" lon="135.725374"><ele>293.0</ele><time>2016-03-20T03:53:06Z</time></trkpt><trkpt lat="33.861753" lon="135.725436"><ele>292.6</ele><time>2016-03-20T03:53:13Z</time></trkpt><trkpt lat="33.861827" lon="135.725514"><ele>292.2</ele><time>2016-03-20T03:53:20Z</time></trkpt><trkpt lat="33.861882" lon="135.725621"><ele>291.9</ele><time>2016-03-20T03:53:27Z</time></trkpt><trkpt lat="33.86193" lon="135.725719"><ele>291.6</ele><time>2016-03-20T03:53:34Z</time></trkpt><trkpt lat="33.861959" lon="135.72583"><ele>291.2</ele><time>2016-03-20T03:53:44Z</time></trkpt><trkpt lat="33.861985" lon="135.72594"><ele>290.7</ele><time>2016-03-20T03:53:54Z</time></trkpt><trkpt lat="33.861998" lon="135.72606"><ele>290.1</ele><time>2016-03-20T03:54:02Z</time></trkpt><trkpt lat="33.861975" lon="135.726172"><ele>289.0</ele><time>2016-03-20T03:54:09Z</time></trkpt><trkpt lat="33.862057" lon="135.726241"><ele>287.8</ele><time>2016-03-20T03:54:20Z</time></trkpt><trkpt lat="33.862086" lon="135.726351"><ele>286.8</ele><time>2016-03-20T03:54:27Z</time></trkpt><trkpt lat="33.86212" lon="135.726466"><ele>285.3</ele><time>2016-03-20T03:54:35Z</time></trkpt><trkpt lat="33.862126" lon="135.726583"><ele>284.1</ele><time>2016-03-20T03:54:45Z</time></trkpt><trkpt lat="33.862132" lon="135.726698"><ele>283.0</ele><time>2016-03-20T03:54:52Z</time></trkpt><trkpt lat="33.862141" lon="135.726807"><ele>282.0</ele><time>2016-03-20T03:55:00Z</time></trkpt><trkpt lat="33.862143" lon="135.72692"><ele>280.9</ele><time>2016-03-20T03:55:09Z</time></trkpt><trkpt lat="33.862125" lon="135.727027"><ele>280.0</ele><time>2016-03-20T03:55:15Z</time></trkpt><trkpt lat="33.862104" lon="135.727144"><ele>279.1</ele><time>2016-03-20T03:55:21Z</time></trkpt><trkpt lat="33.86207" lon="135.727246"><ele>278.4</ele><time>2016-03-20T03:55:27Z</time></trkpt><trkpt lat="33.862053" lon="135.727353"><ele>278.1</ele><time>2016-03-20T03:55:33Z</time></trkpt><trkpt lat="33.862037" lon="135.727465"><ele>277.5</ele><time>2016-03-20T03:55:40Z</time></trkpt><trkpt lat="33.862007" lon="135.727585"><ele>276.9</ele><time>2016-03-20T03:55:47Z</time></trkpt><trkpt lat="33.86196" lon="135.727685"><ele>276.4</ele><time>2016-03-20T03:55:52Z</time></trkpt><trkpt lat="33.861905" lon="135.727773"><ele>276.0</ele><time>2016-03-20T03:55:59Z</time></trkpt><trkpt lat="33.861857" lon="135.727874"><ele>275.5</ele><time>2016-03-20T03:56:06Z</time></trkpt><trkpt lat="33.861791" lon="135.727959"><ele>274.9</ele><time>2016-03-20T03:56:14Z</time></trkpt><trkpt lat="33.861717" lon="135.728028"><ele>274.2</ele><time>2016-03-20T03:56:21Z</time></trkpt><trkpt lat="33.861653" lon="135.728109"><ele>273.6</ele><time>2016-03-20T03:56:28Z</time></trkpt><trkpt lat="33.861595" lon="135.728191"><ele>273.0</ele><time>2016-03-20T03:56:34Z</time></trkpt><trkpt lat="33.86153" lon="135.728271"><ele>272.5</ele><time>2016-03-20T03:56:41Z</time></trkpt><trkpt lat="33.861475" lon="135.728363"><ele>272.0</ele><time>2016-03-20T03:56:49Z</time></trkpt><trkpt lat="33.861434" lon="135.728468"><ele>271.6</ele><time>2016-03-20T03:56:58Z</time></trkpt><trkpt lat="33.861376" lon="135.728561"><ele>271.1</ele><time>2016-03-20T03:57:07Z</time></trkpt><trkpt lat="33.861342" lon="135.728674"><ele>270.4</ele><time>2016-03-20T03:57:16Z</time></trkpt><trkpt lat="33.861304" lon="135.728778"><ele>269.6</ele><time>2016-03-20T03:57:24Z</time></trkpt><trkpt lat="33.861264" lon="135.728877"><ele>268.6</ele><time>2016-03-20T03:57:30Z</time></trkpt><trkpt lat="33.861213" lon="135.728977"><ele>267.4</ele><time>2016-03-20T03:57:37Z</time></trkpt><trkpt lat="33.861178" lon="135.729078"><ele>266.2</ele><time>2016-03-20T03:57:46Z</time></trkpt><trkpt lat="33.861135" lon="135.729197"><ele>264.9</ele><time>2016-03-20T03:57:52Z</time></trkpt><trkpt lat="33.861099" lon="135.729301"><ele>263.7</ele><time>2016-03-20T03:57:59Z</time></trkpt><trkpt lat="33.861088" lon="135.729416"><ele>262.6</ele><time>2016-03-20T03:58:27Z</time></trkpt><trkpt lat="33.861026" lon="135.729495"><ele>261.6</ele><time>2016-03-20T03:58:37Z</time></trkpt><trkpt lat="33.861004" lon="135.729615"><ele>261.2</ele><time>2016-03-20T03:58:46Z</time></trkpt><trkpt lat="33.860992" lon="135.72973"><ele>260.8</ele><time>2016-03-20T03:58:51Z</time></trkpt><trkpt lat="33.861035" lon="135.729831"><ele>260.6</ele><time>2016-03-20T03:59:25Z</time></trkpt><trkpt lat="33.861016" lon="135.729943"><ele>260.3</ele><time>2016-03-20T03:59:56Z</time></trkpt><trkpt lat="33.861059" lon="135.73004"><ele>260.1</ele><time>2016-03-20T04:00:34Z</time></trkpt><trkpt lat="33.861038" lon="135.730146"><ele>259.9</ele><time>2016-03-20T04:00:43Z</time></trkpt><trkpt lat="33.860991" lon="135.730257"><ele>259.6</ele><time>2016-03-20T04:00:52Z</time></trkpt><trkpt lat="33.860932" lon="135.730347"><ele>259.4</ele><time>2016-03-20T04:00:59Z</time></trkpt><trkpt lat="33.86089" lon="135.730454"><ele>260.3</ele><time>2016-03-20T04:01:07Z</time></trkpt><trkpt lat="33.860851" lon="135.730557"><ele>261.2</ele><time>2016-03-20T04:01:15Z</time></trkpt><trkpt lat="33.860818" lon="135.730661"><ele>261.9</ele><time>2016-03-20T04:01:24Z</time></trkpt><trkpt lat="33.860836" lon="135.730776"><ele>262.5</ele><time>2016-03-20T04:01:33Z</time></trkpt><trkpt lat="33.860836" lon="135.73089"><ele>263.0</ele><time>2016-03-20T04:01:39Z</time></trkpt><trkpt lat="33.860823" lon="135.731007"><ele>263.2</ele><time>2016-03-20T04:01:47Z</time></trkpt><trkpt lat="33.860813" lon="135.731122"><ele>263.5</ele><time>2016-03-20T04:01:58Z</time></trkpt><trkpt lat="33.860808" lon="135.731233"><ele>263.7</ele><time>2016-03-20T04:02:10Z</time></trkpt><trkpt lat="33.860811" lon="135.731351"><ele>263.9</ele><time>2016-03-20T04:02:27Z</time></trkpt><trkpt lat="33.860838" lon="135.731463"><ele>264.1</ele><time>2016-03-20T04:02:36Z</time></trkpt><trkpt lat="33.860808" lon="135.73157"><ele>264.7</ele><time>2016-03-20T04:02:44Z</time></trkpt><trkpt lat="33.860799" lon="135.731682"><ele>265.4</ele><time>2016-03-20T04:02:51Z</time></trkpt><trkpt lat="33.860803" lon="135.731808"><ele>266.1</ele><time>2016-03-20T04:02:58Z</time></trkpt><trkpt lat="33.860815" lon="135.731925"><ele>267.0</ele><time>2016-03-20T04:03:05Z</time></trkpt><trkpt lat="33.860793" lon="135.732042"><ele>268.0</ele><time>2016-03-20T04:03:11Z</time></trkpt><trkpt lat="33.860771" lon="135.732154"><ele>268.8</ele><time>2016-03-20T04:03:20Z</time></trkpt><trkpt lat="33.860711" lon="135.732237"><ele>269.7</ele><time>2016-03-20T04:03:29Z</time></trkpt><trkpt lat="33.860646" lon="135.732322"><ele>270.5</ele><time>2016-03-20T04:03:37Z</time></trkpt><trkpt lat="33.860593" lon="135.732419"><ele>271.3</ele><time>2016-03-20T04:03:49Z</time></trkpt><trkpt lat="33.86058" lon="135.732532"><ele>272.2</ele><time>2016-03-20T04:04:02Z</time></trkpt><trkpt lat="33.860571" lon="135.732653"><ele>273.1</ele><time>2016-03-20T04:04:12Z</time></trkpt><trkpt lat="33.860595" lon="135.732759"><ele>273.8</ele><time>2016-03-20T04:04:18Z</time></trkpt><trkpt lat="33.860608" lon="135.732872"><ele>274.8</ele><time>2016-03-20T04:04:28Z</time></trkpt><trkpt lat="33.860585" lon="135.732982"><ele>275.4</ele><time>2016-03-20T04:04:36Z</time></trkpt><trkpt lat="33.860581" lon="135.733092"><ele>276.1</ele><time>2016-03-20T04:04:48Z</time></trkpt><trkpt lat="33.860564" lon="135.733204"><ele>276.7</ele><time>2016-03-20T04:04:57Z</time></trkpt><trkpt lat="33.860534" lon="135.733326"><ele>277.4</ele><time>2016-03-20T04:05:04Z</time></trkpt><trkpt lat="33.860489" lon="135.733422"><ele>278.0</ele><time>2016-03-20T04:05:10Z</time></trkpt><trkpt lat="33.860439" lon="135.733524"><ele>278.7</ele><time>2016-03-20T04:05:17Z</time></trkpt><trkpt lat="33.860391" lon="135.733627"><ele>279.4</ele><time>2016-03-20T04:05:25Z</time></trkpt><trkpt lat="33.860308" lon="135.733675"><ele>280.3</ele><time>2016-03-20T04:05:32Z</time></trkpt><trkpt lat="33.860231" lon="135.733752"><ele>280.6</ele><time>2016-03-20T04:05:41Z</time></trkpt><trkpt lat="33.860154" lon="135.73381"><ele>280.3</ele><time>2016-03-20T04:05:48Z</time></trkpt><trkpt lat="33.860083" lon="135.733888"><ele>279.7</ele><time>2016-03-20T04:05:55Z</time></trkpt><trkpt lat="33.86001" lon="135.733958"><ele>279.1</ele><time>2016-03-20T04:06:04Z</time></trkpt><trkpt lat="33.859979" lon="135.734067"><ele>278.5</ele><time>2016-03-20T04:06:15Z</time></trkpt><trkpt lat="33.859963" lon="135.734184"><ele>277.9</ele><time>2016-03-20T04:06:23Z</time></trkpt><trkpt lat="33.859946" lon="135.734304"><ele>277.3</ele><time>2016-03-20T04:06:30Z</time></trkpt><trkpt lat="33.859946" lon="135.734414"><ele>276.7</ele><time>2016-03-20T04:06:36Z</time></trkpt><trkpt lat="33.859946" lon="135.734531"><ele>276.2</ele><time>2016-03-20T04:06:42Z</time></trkpt><trkpt lat="33.859915" lon="135.734648"><ele>275.6</ele><time>2016-03-20T04:06:49Z</time></trkpt><trkpt lat="33.859905" lon="135.73477"><ele>275.1</ele><time>2016-03-20T04:06:56Z</time></trkpt><trkpt lat="33.859898" lon="135.734887"><ele>274.5</ele><time>2016-03-20T04:07:03Z</time></trkpt><trkpt lat="33.859879" lon="135.734994"><ele>274.3</ele><time>2016-03-20T04:07:10Z</time></trkpt><trkpt lat="33.859836" lon="135.735105"><ele>274.1</ele><time>2016-03-20T04:07:18Z</time></trkpt><trkpt lat="33.859796" lon="135.735206"><ele>274.0</ele><time>2016-03-20T04:07:27Z</time></trkpt><trkpt lat="33.859745" lon="135.735298"><ele>273.9</ele><time>2016-03-20T04:07:34Z</time></trkpt><trkpt lat="33.859681" lon="135.735381"><ele>273.9</ele><time>2016-03-20T04:07:42Z</time></trkpt><trkpt lat="33.859605" lon="135.735459"><ele>274.0</ele><time>2016-03-20T04:07:49Z</time></trkpt><trkpt lat="33.859526" lon="135.735532"><ele>274.2</ele><time>2016-03-20T04:07:55Z</time></trkpt><trkpt lat="33.85946" lon="135.735616"><ele>274.3</ele><time>2016-03-20T04:08:01Z</time></trkpt><trkpt lat="33.859391" lon="135.735691"><ele>274.3</ele><time>2016-03-20T04:08:09Z</time></trkpt><trkpt lat="33.859312" lon="135.735745"><ele>274.0</ele><time>2016-03-20T04:08:18Z</time></trkpt><trkpt lat="33.859257" lon="135.735835"><ele>273.4</ele><time>2016-03-20T04:08:26Z</time></trkpt><trkpt lat="33.859178" lon="135.735913"><ele>272.2</ele><time>2016-03-20T04:08:36Z</time></trkpt><trkpt lat="33.859114" lon="135.736006"><ele>271.3</ele><time>2016-03-20T04:08:44Z</time></trkpt><trkpt lat="33.859043" lon="135.736079"><ele>270.5</ele><time>2016-03-20T04:08:50Z</time></trkpt><trkpt lat="33.85899" lon="135.736172"><ele>268.8</ele><time>2016-03-20T04:09:00Z</time></trkpt><trkpt lat="33.858937" lon="135.736264"><ele>267.7</ele><time>2016-03-20T04:09:10Z</time></trkpt><trkpt lat="33.858886" lon="135.736369"><ele>266.5</ele><time>2016-03-20T04:09:18Z</time></trkpt><trkpt lat="33.858849" lon="135.73648"><ele>265.3</ele><time>2016-03-20T04:09:25Z</time></trkpt><trkpt lat="33.858779" lon="135.736558"><ele>263.9</ele><time>2016-03-20T04:09:32Z</time></trkpt><trkpt lat="33.858714" lon="135.736638"><ele>262.5</ele><time>2016-03-20T04:09:42Z</time></trkpt><trkpt lat="33.85862" lon="135.736653"><ele>260.1</ele><time>2016-03-20T04:09:48Z</time></trkpt><trkpt lat="33.858524" lon="135.736674"><ele>259.2</ele><time>2016-03-20T04:09:55Z</time></trkpt><trkpt lat="33.858428" lon="135.736724"><ele>257.5</ele><time>2016-03-20T04:10:02Z</time></trkpt><trkpt lat="33.858334" lon="135.736717"><ele>255.9</ele><time>2016-03-20T04:10:09Z</time></trkpt><trkpt lat="33.858263" lon="135.736785"><ele>254.4</ele><time>2016-03-20T04:10:18Z</time></trkpt><trkpt lat="33.858248" lon="135.736894"><ele>252.9</ele><time>2016-03-20T04:10:28Z</time></trkpt><trkpt lat="33.858199" lon="135.736987"><ele>252.3</ele><time>2016-03-20T04:10:42Z</time></trkpt><trkpt lat="33.858166" lon="135.737093"><ele>252.4</ele><time>2016-03-20T04:10:57Z</time></trkpt><trkpt lat="33.858152" lon="135.737209"><ele>252.5</ele><time>2016-03-20T04:11:06Z</time></trkpt><trkpt lat="33.858175" lon="135.737319"><ele>252.9</ele><time>2016-03-20T04:11:16Z</time></trkpt><trkpt lat="33.858144" lon="135.737423"><ele>253.6</ele><time>2016-03-20T04:11:23Z</time></trkpt><trkpt lat="33.85816" lon="135.737531"><ele>254.4</ele><time>2016-03-20T04:11:32Z</time></trkpt><trkpt lat="33.858177" lon="135.737644"><ele>255.2</ele><time>2016-03-20T04:11:45Z</time></trkpt><trkpt lat="33.858173" lon="135.737762"><ele>256.2</ele><time>2016-03-20T04:11:55Z</time></trkpt><trkpt lat="33.858168" lon="135.737876"><ele>256.9</ele><time>2016-03-20T04:12:04Z</time></trkpt><trkpt lat="33.858201" lon="135.737979"><ele>257.5</ele><time>2016-03-20T04:12:17Z</time></trkpt><trkpt lat="33.858225" lon="135.738097"><ele>258.0</ele><time>2016-03-20T04:12:25Z</time></trkpt><trkpt lat="33.85827" lon="135.738199"><ele>258.2</ele><time>2016-03-20T04:12:35Z</time></trkpt><trkpt lat="33.858234" lon="135.738303"><ele>258.2</ele><time>2016-03-20T04:12:43Z</time></trkpt><trkpt lat="33.858207" lon="135.738409"><ele>258.2</ele><time>2016-03-20T04:12:52Z</time></trkpt><trkpt lat="33.858258" lon="135.738501"><ele>258.0</ele><time>2016-03-20T04:13:03Z</time></trkpt><trkpt lat="33.858291" lon="135.73861"><ele>257.9</ele><time>2016-03-20T04:13:13Z</time></trkpt><trkpt lat="33.858312" lon="135.738723"><ele>257.8</ele><time>2016-03-20T04:13:22Z</time></trkpt><trkpt lat="33.858315" lon="135.738841"><ele>257.8</ele><time>2016-03-20T04:13:31Z</time></trkpt><trkpt lat="33.858395" lon="135.73891"><ele>258.0</ele><time>2016-03-20T04:13:43Z</time></trkpt><trkpt lat="33.858461" lon="135.738991"><ele>258.5</ele><time>2016-03-20T04:13:50Z</time></trkpt><trkpt lat="33.85849" lon="135.739093"><ele>259.2</ele><time>2016-03-20T04:13:58Z</time></trkpt><trkpt lat="33.858506" lon="135.739219"><ele>260.0</ele><time>2016-03-20T04:14:04Z</time></trkpt><trkpt lat="33.858495" lon="135.739333"><ele>260.9</ele><time>2016-03-20T04:14:08Z</time></trkpt><trkpt lat="33.858445" lon="135.739438"><ele>261.9</ele><time>2016-03-20T04:14:17Z</time></trkpt><trkpt lat="33.858385" lon="135.739532"><ele>262.5</ele><time>2016-03-20T04:14:25Z</time></trkpt><trkpt lat="33.858324" lon="135.739619"><ele>262.8</ele><time>2016-03-20T04:14:33Z</time></trkpt><trkpt lat="33.858283" lon="135.739721"><ele>262.8</ele><time>2016-03-20T04:14:46Z</time></trkpt><trkpt lat="33.858331" lon="135.739819"><ele>262.8</ele><time>2016-03-20T04:15:01Z</time></trkpt><trkpt lat="33.858343" lon="135.739935"><ele>262.7</ele><time>2016-03-20T04:15:09Z</time></trkpt><trkpt lat="33.858328" lon="135.74005"><ele>262.6</ele><time>2016-03-20T04:15:16Z</time></trkpt><trkpt lat="33.858292" lon="135.740155"><ele>262.3</ele><time>2016-03-20T04:15:23Z</time></trkpt><trkpt lat="33.858287" lon="135.740266"><ele>261.9</ele><time>2016-03-20T04:15:34Z</time></trkpt><trkpt lat="33.858306" lon="135.740376"><ele>261.6</ele><time>2016-03-20T04:15:48Z</time></trkpt><trkpt lat="33.85829" lon="135.740487"><ele>261.4</ele><time>2016-03-20T04:15:59Z</time></trkpt><trkpt lat="33.858245" lon="135.740583"><ele>261.2</ele><time>2016-03-20T04:16:11Z</time></trkpt><trkpt lat="33.858291" lon="135.740687"><ele>261.2</ele><time>2016-03-20T04:16:22Z</time></trkpt><trkpt lat="33.858303" lon="135.740807"><ele>261.2</ele><time>2016-03-20T04:16:32Z</time></trkpt><trkpt lat="33.85833" lon="135.740916"><ele>261.1</ele><time>2016-03-20T04:16:42Z</time></trkpt><trkpt lat="33.858354" lon="135.741026"><ele>261.1</ele><time>2016-03-20T04:16:53Z</time></trkpt><trkpt lat="33.858344" lon="135.741138"><ele>261.2</ele><time>2016-03-20T04:17:03Z</time></trkpt><trkpt lat="33.858367" lon="135.741245"><ele>261.3</ele><time>2016-03-20T04:17:12Z</time></trkpt><trkpt lat="33.858377" lon="135.741357"><ele>261.5</ele><time>2016-03-20T04:17:22Z</time></trkpt><trkpt lat="33.858418" lon="135.741461"><ele>261.8</ele><time>2016-03-20T04:17:31Z</time></trkpt><trkpt lat="33.858455" lon="135.741572"><ele>262.3</ele><time>2016-03-20T04:17:40Z</time></trkpt><trkpt lat="33.858473" lon="135.741685"><ele>262.8</ele><time>2016-03-20T04:17:47Z</time></trkpt><trkpt lat="33.858492" lon="135.741794"><ele>263.3</ele><time>2016-03-20T04:17:55Z</time></trkpt><trkpt lat="33.858512" lon="135.741906"><ele>263.8</ele><time>2016-03-20T04:18:06Z</time></trkpt><trkpt lat="33.858525" lon="135.742018"><ele>264.5</ele><time>2016-03-20T04:18:14Z</time></trkpt><trkpt lat="33.85853" lon="135.742133"><ele>265.0</ele><time>2016-03-20T04:18:22Z</time></trkpt><trkpt lat="33.858545" lon="135.742245"><ele>265.2</ele><time>2016-03-20T04:18:35Z</time></trkpt><trkpt lat="33.85859" lon="135.742343"><ele>265.1</ele><time>2016-03-20T04:18:45Z</time></trkpt><trkpt lat="33.858587" lon="135.742461"><ele>265.0</ele><time>2016-03-20T04:18:56Z</time></trkpt><trkpt lat="33.858604" lon="135.74258"><ele>264.9</ele><time>2016-03-20T04:19:05Z</time></trkpt><trkpt lat="33.858617" lon="135.742692"><ele>264.7</ele><time>2016-03-20T04:19:14Z</time></trkpt><trkpt lat="33.858649" lon="135.742806"><ele>264.2</ele><time>2016-03-20T04:19:23Z</time></trkpt><trkpt lat="33.85869" lon="135.74291"><ele>263.4</ele><time>2016-03-20T04:19:30Z</time></trkpt><trkpt lat="33.858701" lon="135.743029"><ele>262.4</ele><time>2016-03-20T04:19:38Z</time></trkpt><trkpt lat="33.858706" lon="135.743142"><ele>261.3</ele><time>2016-03-20T04:19:46Z</time></trkpt><trkpt lat="33.858751" lon="135.74324"><ele>260.2</ele><time>2016-03-20T04:19:55Z</time></trkpt><trkpt lat="33.858757" lon="135.743352"><ele>258.9</ele><time>2016-03-20T04:20:03Z</time></trkpt><trkpt lat="33.858727" lon="135.743459"><ele>257.1</ele><time>2016-03-20T04:20:09Z</time></trkpt><trkpt lat="33.858702" lon="135.743577"><ele>254.8</ele><time>2016-03-20T04:20:14Z</time></trkpt><trkpt lat="33.858713" lon="135.743695"><ele>252.6</ele><time>2016-03-20T04:20:23Z</time></trkpt><trkpt lat="33.8587" lon="135.743805"><ele>250.8</ele><time>2016-03-20T04:20:33Z</time></trkpt><trkpt lat="33.858673" lon="135.743916"><ele>249.7</ele><time>2016-03-20T04:20:42Z</time></trkpt><trkpt lat="33.858691" lon="135.744022"><ele>248.6</ele><time>2016-03-20T04:20:49Z</time></trkpt><trkpt lat="33.858708" lon="135.744129"><ele>247.3</ele><time>2016-03-20T04:20:57Z</time></trkpt><trkpt lat="33.858704" lon="135.74424"><ele>245.7</ele><time>2016-03-20T04:21:05Z</time></trkpt><trkpt lat="33.858697" lon="135.744357"><ele>244.8</ele><time>2016-03-20T04:21:14Z</time></trkpt><trkpt lat="33.858681" lon="135.744471"><ele>244.2</ele><time>2016-03-20T04:21:23Z</time></trkpt><trkpt lat="33.858672" lon="135.744585"><ele>243.7</ele><time>2016-03-20T04:21:31Z</time></trkpt><trkpt lat="33.858699" lon="135.744697"><ele>243.1</ele><time>2016-03-20T04:21:40Z</time></trkpt><trkpt lat="33.858691" lon="135.744817"><ele>242.4</ele><time>2016-03-20T04:21:49Z</time></trkpt><trkpt lat="33.85869" lon="135.744936"><ele>241.9</ele><time>2016-03-20T04:21:56Z</time></trkpt><trkpt lat="33.858707" lon="135.745056"><ele>241.1</ele><time>2016-03-20T04:22:03Z</time></trkpt><trkpt lat="33.858717" lon="135.745171"><ele>240.5</ele><time>2016-03-20T04:22:13Z</time></trkpt><trkpt lat="33.85871" lon="135.745291"><ele>239.6</ele><time>2016-03-20T04:22:22Z</time></trkpt><trkpt lat="33.858704" lon="135.745412"><ele>238.8</ele><time>2016-03-20T04:22:30Z</time></trkpt><trkpt lat="33.858688" lon="135.745524"><ele>237.7</ele><time>2016-03-20T04:22:39Z</time></trkpt><trkpt lat="33.85869" lon="135.745642"><ele>236.4</ele><time>2016-03-20T04:22:49Z</time></trkpt><trkpt lat="33.858709" lon="135.745757"><ele>235.1</ele><time>2016-03-20T04:22:56Z</time></trkpt><trkpt lat="33.85867" lon="135.74586"><ele>233.7</ele><time>2016-03-20T04:23:03Z</time></trkpt><trkpt lat="33.85865" lon="135.745974"><ele>231.4</ele><time>2016-03-20T04:23:11Z</time></trkpt><trkpt lat="33.85863" lon="135.74608"><ele>229.0</ele><time>2016-03-20T04:23:24Z</time></trkpt><trkpt lat="33.858638" lon="135.746199"><ele>226.2</ele><time>2016-03-20T04:23:34Z</time></trkpt><trkpt lat="33.858633" lon="135.746309"><ele>223.7</ele><time>2016-03-20T04:23:41Z</time></trkpt><trkpt lat="33.858613" lon="135.746425"><ele>220.9</ele><time>2016-03-20T04:23:49Z</time></trkpt><trkpt lat="33.858579" lon="135.746534"><ele>218.5</ele><time>2016-03-20T04:23:58Z</time></trkpt><trkpt lat="33.858545" lon="135.746647"><ele>215.8</ele><time>2016-03-20T04:24:11Z</time></trkpt><trkpt lat="33.858511" lon="135.746753"><ele>213.5</ele><time>2016-03-20T04:24:19Z</time></trkpt><trkpt lat="33.858485" lon="135.746867"><ele>211.6</ele><time>2016-03-20T04:24:27Z</time></trkpt><trkpt lat="33.858445" lon="135.746971"><ele>209.6</ele><time>2016-03-20T04:24:33Z</time></trkpt><trkpt lat="33.858402" lon="135.747071"><ele>207.5</ele><time>2016-03-20T04:24:40Z</time></trkpt><trkpt lat="33.858346" lon="135.747159"><ele>205.0</ele><time>2016-03-20T04:24:51Z</time></trkpt><trkpt lat="33.858341" lon="135.747274"><ele>203.9</ele><time>2016-03-20T04:25:04Z</time></trkpt><trkpt lat="33.858337" lon="135.747396"><ele>202.5</ele><time>2016-03-20T04:25:12Z</time></trkpt><trkpt lat="33.858329" lon="135.747514"><ele>201.6</ele><time>2016-03-20T04:25:20Z</time></trkpt><trkpt lat="33.858323" lon="135.747625"><ele>200.5</ele><time>2016-03-20T04:25:26Z</time></trkpt><trkpt lat="33.858342" lon="135.747734"><ele>199.3</ele><time>2016-03-20T04:25:38Z</time></trkpt><trkpt lat="33.858348" lon="135.747845"><ele>198.3</ele><time>2016-03-20T04:25:47Z</time></trkpt><trkpt lat="33.858329" lon="135.747956"><ele>197.4</ele><time>2016-03-20T04:25:58Z</time></trkpt><trkpt lat="33.858331" lon="135.748071"><ele>196.4</ele><time>2016-03-20T04:26:04Z</time></trkpt><trkpt lat="33.858342" lon="135.748179"><ele>195.4</ele><time>2016-03-20T04:26:11Z</time></trkpt><trkpt lat="33.858344" lon="135.748288"><ele>198.2</ele><time>2016-03-20T04:26:19Z</time></trkpt><trkpt lat="33.858328" lon="135.748396"><ele>199.0</ele><time>2016-03-20T04:26:31Z</time></trkpt><trkpt lat="33.858356" lon="135.748511"><ele>199.7</ele><time>2016-03-20T04:26:49Z</time></trkpt><trkpt lat="33.858379" lon="135.748624"><ele>200.4</ele><time>2016-03-20T04:26:58Z</time></trkpt><trkpt lat="33.858394" lon="135.748742"><ele>201.4</ele><time>2016-03-20T04:27:07Z</time></trkpt><trkpt lat="33.858391" lon="135.748855"><ele>202.3</ele><time>2016-03-20T04:27:18Z</time></trkpt><trkpt lat="33.858423" lon="135.748972"><ele>203.4</ele><time>2016-03-20T04:27:29Z</time></trkpt><trkpt lat="33.858472" lon="135.749067"><ele>204.5</ele><time>2016-03-20T04:27:35Z</time></trkpt><trkpt lat="33.858536" lon="135.749145"><ele>205.5</ele><time>2016-03-20T04:27:44Z</time></trkpt><trkpt lat="33.858605" lon="135.749219"><ele>206.2</ele><time>2016-03-20T04:27:50Z</time></trkpt><trkpt lat="33.858681" lon="135.749284"><ele>206.9</ele><time>2016-03-20T04:27:56Z</time></trkpt><trkpt lat="33.858757" lon="135.749342"><ele>207.6</ele><time>2016-03-20T04:28:02Z</time></trkpt><trkpt lat="33.858826" lon="135.749426"><ele>208.4</ele><time>2016-03-20T04:28:21Z</time></trkpt><trkpt lat="33.858906" lon="135.749482"><ele>209.1</ele><time>2016-03-20T04:28:36Z</time></trkpt><trkpt lat="33.858949" lon="135.749607"><ele>210.3</ele><time>2016-03-20T04:29:00Z</time></trkpt><trkpt lat="33.859033" lon="135.749658"><ele>211.2</ele><time>2016-03-20T04:29:26Z</time></trkpt><trkpt lat="33.85908" lon="135.74976"><ele>212.0</ele><time>2016-03-20T04:29:40Z</time></trkpt><trkpt lat="33.859155" lon="135.749827"><ele>212.6</ele><time>2016-03-20T04:29:49Z</time></trkpt><trkpt lat="33.859211" lon="135.74993"><ele>212.8</ele><time>2016-03-20T04:29:58Z</time></trkpt><trkpt lat="33.85925" lon="135.750035"><ele>212.7</ele><time>2016-03-20T04:30:06Z</time></trkpt><trkpt lat="33.859307" lon="135.750122"><ele>212.5</ele><time>2016-03-20T04:30:15Z</time></trkpt><trkpt lat="33.859324" lon="135.750231"><ele>212.1</ele><time>2016-03-20T04:30:26Z</time></trkpt><trkpt lat="33.859314" lon="135.750345"><ele>211.7</ele><time>2016-03-20T04:30:36Z</time></trkpt><trkpt lat="33.859306" lon="135.750462"><ele>211.3</ele><time>2016-03-20T04:30:46Z</time></trkpt><trkpt lat="33.85927" lon="135.750573"><ele>211.0</ele><time>2016-03-20T04:30:56Z</time></trkpt><trkpt lat="33.859278" lon="135.750683"><ele>210.6</ele><time>2016-03-20T04:31:04Z</time></trkpt><trkpt lat="33.859334" lon="135.750777"><ele>210.2</ele><time>2016-03-20T04:31:10Z</time></trkpt><trkpt lat="33.859344" lon="135.750903"><ele>209.8</ele><time>2016-03-20T04:31:17Z</time></trkpt><trkpt lat="33.859349" lon="135.751022"><ele>209.2</ele><time>2016-03-20T04:31:25Z</time></trkpt><trkpt lat="33.859355" lon="135.751138"><ele>208.5</ele><time>2016-03-20T04:31:42Z</time></trkpt><trkpt lat="33.859433" lon="135.751198"><ele>207.9</ele><time>2016-03-20T04:31:53Z</time></trkpt><trkpt lat="33.859482" lon="135.751301"><ele>207.3</ele><time>2016-03-20T04:32:00Z</time></trkpt><trkpt lat="33.859492" lon="135.751435"><ele>206.6</ele><time>2016-03-20T04:32:04Z</time></trkpt><trkpt lat="33.859464" lon="135.751546"><ele>206.3</ele><time>2016-03-20T04:32:10Z</time></trkpt><trkpt lat="33.859502" lon="135.751651"><ele>206.0</ele><time>2016-03-20T04:32:20Z</time></trkpt><trkpt lat="33.859545" lon="135.751746"><ele>205.7</ele><time>2016-03-20T04:32:27Z</time></trkpt><trkpt lat="33.85961" lon="135.751826"><ele>205.6</ele><time>2016-03-20T04:32:31Z</time></trkpt><trkpt lat="33.859653" lon="135.751925"><ele>205.6</ele><time>2016-03-20T04:32:39Z</time></trkpt><trkpt lat="33.859681" lon="135.752041"><ele>205.8</ele><time>2016-03-20T04:32:47Z</time></trkpt><trkpt lat="33.859722" lon="135.752143"><ele>206.0</ele><time>2016-03-20T04:32:58Z</time></trkpt><trkpt lat="33.859762" lon="135.752247"><ele>206.2</ele><time>2016-03-20T04:33:06Z</time></trkpt><trkpt lat="33.859776" lon="135.752356"><ele>206.4</ele><time>2016-03-20T04:33:14Z</time></trkpt><trkpt lat="33.859815" lon="135.752466"><ele>206.6</ele><time>2016-03-20T04:33:24Z</time></trkpt><trkpt lat="33.859853" lon="135.752578"><ele>207.0</ele><time>2016-03-20T04:33:31Z</time></trkpt><trkpt lat="33.859896" lon="135.752685"><ele>207.3</ele><time>2016-03-20T04:33:38Z</time></trkpt><trkpt lat="33.859961" lon="135.752777"><ele>207.7</ele><time>2016-03-20T04:33:47Z</time></trkpt><trkpt lat="33.860007" lon="135.75288"><ele>208.1</ele><time>2016-03-20T04:33:59Z</time></trkpt><trkpt lat="33.860012" lon="135.753"><ele>208.4</ele><time>2016-03-20T04:34:07Z</time></trkpt><trkpt lat="33.860001" lon="135.753123"><ele>208.7</ele><time>2016-03-20T04:34:14Z</time></trkpt><trkpt lat="33.859988" lon="135.753243"><ele>208.9</ele><time>2016-03-20T04:34:20Z</time></trkpt><trkpt lat="33.859968" lon="135.753357"><ele>208.9</ele><time>2016-03-20T04:34:27Z</time></trkpt><trkpt lat="33.859965" lon="135.753469"><ele>208.9</ele><time>2016-03-20T04:34:35Z</time></trkpt><trkpt lat="33.859964" lon="135.753591"><ele>208.7</ele><time>2016-03-20T04:34:44Z</time></trkpt><trkpt lat="33.859977" lon="135.753706"><ele>209.8</ele><time>2016-03-20T04:34:51Z</time></trkpt><trkpt lat="33.85998" lon="135.753821"><ele>211.2</ele><time>2016-03-20T04:35:01Z</time></trkpt><trkpt lat="33.859965" lon="135.753939"><ele>211.8</ele><time>2016-03-20T04:35:08Z</time></trkpt><trkpt lat="33.859902" lon="135.75402"><ele>212.5</ele><time>2016-03-20T04:35:20Z</time></trkpt><trkpt lat="33.859868" lon="135.754127"><ele>213.4</ele><time>2016-03-20T04:35:28Z</time></trkpt><trkpt lat="33.859805" lon="135.754209"><ele>214.1</ele><time>2016-03-20T04:35:34Z</time></trkpt><trkpt lat="33.859776" lon="135.754318"><ele>214.8</ele><time>2016-03-20T04:35:41Z</time></trkpt><trkpt lat="33.859796" lon="135.754441"><ele>215.7</ele><time>2016-03-20T04:35:46Z</time></trkpt><trkpt lat="33.859847" lon="135.754541"><ele>216.4</ele><time>2016-03-20T04:35:54Z</time></trkpt><trkpt lat="33.859906" lon="135.754633"><ele>217.1</ele><time>2016-03-20T04:36:03Z</time></trkpt><trkpt lat="33.859923" lon="135.754741"><ele>217.7</ele><time>2016-03-20T04:36:11Z</time></trkpt><trkpt lat="33.859936" lon="135.754865"><ele>218.3</ele><time>2016-03-20T04:36:19Z</time></trkpt><trkpt lat="33.859963" lon="135.75498"><ele>219.0</ele><time>2016-03-20T04:36:30Z</time></trkpt><trkpt lat="33.859985" lon="135.755097"><ele>219.7</ele><time>2016-03-20T04:36:38Z</time></trkpt><trkpt lat="33.859994" lon="135.755211"><ele>220.4</ele><time>2016-03-20T04:36:45Z</time></trkpt><trkpt lat="33.860024" lon="135.755326"><ele>221.2</ele><time>2016-03-20T04:36:52Z</time></trkpt><trkpt lat="33.860052" lon="135.755431"><ele>221.9</ele><time>2016-03-20T04:37:00Z</time></trkpt><trkpt lat="33.860095" lon="135.755532"><ele>222.8</ele><time>2016-03-20T04:37:08Z</time></trkpt><trkpt lat="33.860133" lon="135.755637"><ele>223.5</ele><time>2016-03-20T04:37:16Z</time></trkpt><trkpt lat="33.860213" lon="135.7557"><ele>224.3</ele><time>2016-03-20T04:37:24Z</time></trkpt><trkpt lat="33.860251" lon="135.755813"><ele>224.7</ele><time>2016-03-20T04:37:47Z</time></trkpt><trkpt lat="33.860256" lon="135.755937"><ele>225.4</ele><time>2016-03-20T04:38:03Z</time></trkpt><trkpt lat="33.860251" lon="135.756049"><ele>226.6</ele><time>2016-03-20T04:38:10Z</time></trkpt><trkpt lat="33.860253" lon="135.756161"><ele>228.2</ele><time>2016-03-20T04:38:17Z</time></trkpt><trkpt lat="33.860229" lon="135.756267"><ele>230.0</ele><time>2016-03-20T04:38:32Z</time></trkpt><trkpt lat="33.860236" lon="135.756376"><ele>231.5</ele><time>2016-03-20T04:38:46Z</time></trkpt><trkpt lat="33.860232" lon="135.756485"><ele>233.0</ele><time>2016-03-20T04:39:00Z</time></trkpt><trkpt lat="33.860213" lon="135.756597"><ele>234.1</ele><time>2016-03-20T04:39:10Z</time></trkpt><trkpt lat="33.860175" lon="135.756697"><ele>234.4</ele><time>2016-03-20T04:39:19Z</time></trkpt><trkpt lat="33.860178" lon="135.75681"><ele>234.2</ele><time>2016-03-20T04:39:31Z</time></trkpt><trkpt lat="33.860158" lon="135.756926"><ele>233.5</ele><time>2016-03-20T04:39:41Z</time></trkpt><trkpt lat="33.860246" lon="135.756957"><ele>233.4</ele><time>2016-03-20T04:40:11Z</time></trkpt><trkpt lat="33.8602" lon="135.756855"><ele>233.4</ele><time>2016-03-20T04:48:39Z</time></trkpt><trkpt lat="33.860122" lon="135.756778"><ele>233.8</ele><time>2016-03-20T04:48:50Z</time></trkpt><trkpt lat="33.860209" lon="135.756809"><ele>233.4</ele><time>2016-03-20T04:49:41Z</time></trkpt><trkpt lat="33.860299" lon="135.756844"><ele>233.4</ele><time>2016-03-20T04:49:52Z</time></trkpt><trkpt lat="33.860241" lon="135.756932"><ele>233.4</ele><time>2016-03-20T04:50:54Z</time></trkpt><trkpt lat="33.860178" lon="135.757009"><ele>233.4</ele><time>2016-03-20T04:51:05Z</time></trkpt><trkpt lat="33.860187" lon="135.757125"><ele>232.8</ele><time>2016-03-20T04:51:12Z</time></trkpt><trkpt lat="33.860187" lon="135.757234"><ele>232.6</ele><time>2016-03-20T04:51:20Z</time></trkpt><trkpt lat="33.860123" lon="135.757328"><ele>232.4</ele><time>2016-03-20T04:51:29Z</time></trkpt><trkpt lat="33.860052" lon="135.757399"><ele>232.3</ele><time>2016-03-20T04:51:35Z</time></trkpt><trkpt lat="33.859969" lon="135.757462"><ele>232.3</ele><time>2016-03-20T04:51:43Z</time></trkpt><trkpt lat="33.859881" lon="135.757505"><ele>232.3</ele><time>2016-03-20T04:51:50Z</time></trkpt><trkpt lat="33.859801" lon="135.757583"><ele>233.2</ele><time>2016-03-20T04:51:55Z</time></trkpt><trkpt lat="33.859737" lon="135.757675"><ele>233.8</ele><time>2016-03-20T04:52:03Z</time></trkpt><trkpt lat="33.859712" lon="135.757792"><ele>234.2</ele><time>2016-03-20T04:52:37Z</time></trkpt><trkpt lat="33.859764" lon="135.757885"><ele>234.4</ele><time>2016-03-20T04:52:43Z</time></trkpt><trkpt lat="33.859758" lon="135.758"><ele>234.4</ele><time>2016-03-20T04:52:53Z</time></trkpt><trkpt lat="33.859722" lon="135.758106"><ele>234.2</ele><time>2016-03-20T04:53:04Z</time></trkpt><trkpt lat="33.859672" lon="135.758197"><ele>233.9</ele><time>2016-03-20T04:53:11Z</time></trkpt><trkpt lat="33.859635" lon="135.758303"><ele>233.5</ele><time>2016-03-20T04:53:19Z</time></trkpt><trkpt lat="33.859604" lon="135.758412"><ele>233.0</ele><time>2016-03-20T04:53:27Z</time></trkpt><trkpt lat="33.85956" lon="135.75852"><ele>232.5</ele><time>2016-03-20T04:53:36Z</time></trkpt><trkpt lat="33.859498" lon="135.758615"><ele>232.1</ele><time>2016-03-20T04:53:45Z</time></trkpt><trkpt lat="33.859466" lon="135.758727"><ele>231.7</ele><time>2016-03-20T04:53:52Z</time></trkpt><trkpt lat="33.859437" lon="135.758838"><ele>231.3</ele><time>2016-03-20T04:53:59Z</time></trkpt><trkpt lat="33.859376" lon="135.758925"><ele>231.0</ele><time>2016-03-20T04:54:07Z</time></trkpt><trkpt lat="33.859308" lon="135.758998"><ele>230.6</ele><time>2016-03-20T04:54:17Z</time></trkpt><trkpt lat="33.859226" lon="135.759052"><ele>230.2</ele><time>2016-03-20T04:54:25Z</time></trkpt><trkpt lat="33.859136" lon="135.759022"><ele>229.8</ele><time>2016-03-20T04:54:33Z</time></trkpt><trkpt lat="33.85904" lon="135.759001"><ele>229.3</ele><time>2016-03-20T04:54:40Z</time></trkpt><trkpt lat="33.858947" lon="135.758985"><ele>228.4</ele><time>2016-03-20T04:54:48Z</time></trkpt><trkpt lat="33.858852" lon="135.758989"><ele>227.4</ele><time>2016-03-20T04:54:57Z</time></trkpt><trkpt lat="33.858779" lon="135.759068"><ele>226.1</ele><time>2016-03-20T04:55:04Z</time></trkpt><trkpt lat="33.858692" lon="135.759106"><ele>224.7</ele><time>2016-03-20T04:55:11Z</time></trkpt><trkpt lat="33.858658" lon="135.759213"><ele>222.9</ele><time>2016-03-20T04:55:19Z</time></trkpt><trkpt lat="33.858621" lon="135.759318"><ele>220.7</ele><time>2016-03-20T04:55:31Z</time></trkpt><trkpt lat="33.8587" lon="135.759373"><ele>218.6</ele><time>2016-03-20T04:55:43Z</time></trkpt><trkpt lat="33.858676" lon="135.759483"><ele>216.5</ele><time>2016-03-20T04:55:50Z</time></trkpt><trkpt lat="33.858701" lon="135.759591"><ele>214.6</ele><time>2016-03-20T04:55:58Z</time></trkpt><trkpt lat="33.858732" lon="135.759696"><ele>212.8</ele><time>2016-03-20T04:56:11Z</time></trkpt><trkpt lat="33.858764" lon="135.759801"><ele>211.1</ele><time>2016-03-20T04:56:21Z</time></trkpt><trkpt lat="33.858752" lon="135.759915"><ele>209.7</ele><time>2016-03-20T04:56:30Z</time></trkpt><trkpt lat="33.858819" lon="135.759995"><ele>208.5</ele><time>2016-03-20T04:56:41Z</time></trkpt><trkpt lat="33.858865" lon="135.760093"><ele>207.4</ele><time>2016-03-20T04:56:53Z</time></trkpt><trkpt lat="33.858934" lon="135.760186"><ele>206.3</ele><time>2016-03-20T04:56:59Z</time></trkpt><trkpt lat="33.858999" lon="135.760279"><ele>205.2</ele><time>2016-03-20T04:57:07Z</time></trkpt><trkpt lat="33.859045" lon="135.760379"><ele>204.3</ele><time>2016-03-20T04:57:17Z</time></trkpt><trkpt lat="33.859112" lon="135.760473"><ele>203.5</ele><time>2016-03-20T04:57:24Z</time></trkpt><trkpt lat="33.85911" lon="135.760594"><ele>202.9</ele><time>2016-03-20T04:57:31Z</time></trkpt><trkpt lat="33.859068" lon="135.760697"><ele>202.3</ele><time>2016-03-20T04:57:40Z</time></trkpt><trkpt lat="33.859013" lon="135.760787"><ele>201.8</ele><time>2016-03-20T04:57:48Z</time></trkpt><trkpt lat="33.859023" lon="135.760903"><ele>201.3</ele><time>2016-03-20T04:57:57Z</time></trkpt><trkpt lat="33.858987" lon="135.761004"><ele>200.9</ele><time>2016-03-20T04:58:05Z</time></trkpt><trkpt lat="33.858914" lon="135.761081"><ele>200.5</ele><time>2016-03-20T04:58:13Z</time></trkpt><trkpt lat="33.858834" lon="135.761146"><ele>200.3</ele><time>2016-03-20T04:58:20Z</time></trkpt><trkpt lat="33.858731" lon="135.761188"><ele>199.9</ele><time>2016-03-20T04:58:28Z</time></trkpt><trkpt lat="33.858648" lon="135.761237"><ele>199.4</ele><time>2016-03-20T04:58:34Z</time></trkpt><trkpt lat="33.858553" lon="135.761272"><ele>198.8</ele><time>2016-03-20T04:58:42Z</time></trkpt><trkpt lat="33.858459" lon="135.761298"><ele>198.1</ele><time>2016-03-20T04:58:51Z</time></trkpt><trkpt lat="33.858371" lon="135.761327"><ele>197.1</ele><time>2016-03-20T04:59:00Z</time></trkpt><trkpt lat="33.858287" lon="135.761371"><ele>196.1</ele><time>2016-03-20T04:59:11Z</time></trkpt><trkpt lat="33.85819" lon="135.761393"><ele>195.2</ele><time>2016-03-20T04:59:22Z</time></trkpt><trkpt lat="33.858105" lon="135.761448"><ele>194.5</ele><time>2016-03-20T04:59:30Z</time></trkpt><trkpt lat="33.858014" lon="135.761464"><ele>193.8</ele><time>2016-03-20T04:59:40Z</time></trkpt><trkpt lat="33.857947" lon="135.761536"><ele>193.2</ele><time>2016-03-20T04:59:47Z</time></trkpt><trkpt lat="33.857886" lon="135.76162"><ele>192.5</ele><time>2016-03-20T04:59:54Z</time></trkpt><trkpt lat="33.857811" lon="135.761705"><ele>191.5</ele><time>2016-03-20T05:00:04Z</time></trkpt><trkpt lat="33.857729" lon="135.761765"><ele>190.2</ele><time>2016-03-20T05:00:15Z</time></trkpt><trkpt lat="33.857654" lon="135.761838"><ele>188.5</ele><time>2016-03-20T05:00:25Z</time></trkpt><trkpt lat="33.857563" lon="135.761873"><ele>186.7</ele><time>2016-03-20T05:00:38Z</time></trkpt><trkpt lat="33.85747" lon="135.761901"><ele>184.7</ele><time>2016-03-20T05:00:51Z</time></trkpt><trkpt lat="33.857396" lon="135.761979"><ele>182.7</ele><time>2016-03-20T05:00:58Z</time></trkpt><trkpt lat="33.857317" lon="135.76204"><ele>180.7</ele><time>2016-03-20T05:01:08Z</time></trkpt><trkpt lat="33.85725" lon="135.762119"><ele>179.0</ele><time>2016-03-20T05:01:16Z</time></trkpt><trkpt lat="33.857186" lon="135.762197"><ele>177.5</ele><time>2016-03-20T05:01:25Z</time></trkpt><trkpt lat="33.857116" lon="135.762269"><ele>176.2</ele><time>2016-03-20T05:01:32Z</time></trkpt><trkpt lat="33.857073" lon="135.762372"><ele>174.7</ele><time>2016-03-20T05:01:39Z</time></trkpt><trkpt lat="33.857008" lon="135.762452"><ele>173.2</ele><time>2016-03-20T05:01:53Z</time></trkpt><trkpt lat="33.856942" lon="135.762535"><ele>172.2</ele><time>2016-03-20T05:02:01Z</time></trkpt><trkpt lat="33.856872" lon="135.762623"><ele>171.2</ele><time>2016-03-20T05:02:14Z</time></trkpt><trkpt lat="33.856786" lon="135.762686"><ele>170.0</ele><time>2016-03-20T05:02:19Z</time></trkpt><trkpt lat="33.856699" lon="135.762727"><ele>169.2</ele><time>2016-03-20T05:02:24Z</time></trkpt><trkpt lat="33.856639" lon="135.762809"><ele>168.4</ele><time>2016-03-20T05:02:30Z</time></trkpt><trkpt lat="33.856563" lon="135.762874"><ele>167.5</ele><time>2016-03-20T05:02:39Z</time></trkpt><trkpt lat="33.856513" lon="135.762974"><ele>166.6</ele><time>2016-03-20T05:02:49Z</time></trkpt><trkpt lat="33.856446" lon="135.763051"><ele>165.8</ele><time>2016-03-20T05:02:55Z</time></trkpt><trkpt lat="33.856384" lon="135.763139"><ele>164.8</ele><time>2016-03-20T05:03:04Z</time></trkpt><trkpt lat="33.856307" lon="135.76322"><ele>164.0</ele><time>2016-03-20T05:03:11Z</time></trkpt><trkpt lat="33.856215" lon="135.763225"><ele>163.2</ele><time>2016-03-20T05:03:23Z</time></trkpt><trkpt lat="33.856158" lon="135.763312"><ele>162.3</ele><time>2016-03-20T05:03:29Z</time></trkpt><trkpt lat="33.856072" lon="135.763351"><ele>161.1</ele><time>2016-03-20T05:03:35Z</time></trkpt><trkpt lat="33.85598" lon="135.763406"><ele>160.0</ele><time>2016-03-20T05:03:41Z</time></trkpt><trkpt lat="33.855907" lon="135.76348"><ele>158.9</ele><time>2016-03-20T05:03:46Z</time></trkpt><trkpt lat="33.855822" lon="135.763524"><ele>157.8</ele><time>2016-03-20T05:03:53Z</time></trkpt><trkpt lat="33.85575" lon="135.763593"><ele>156.9</ele><time>2016-03-20T05:04:01Z</time></trkpt><trkpt lat="33.855671" lon="135.763659"><ele>155.8</ele><time>2016-03-20T05:04:09Z</time></trkpt><trkpt lat="33.855608" lon="135.763741"><ele>154.1</ele><time>2016-03-20T05:04:17Z</time></trkpt><trkpt lat="33.855527" lon="135.763803"><ele>153.5</ele><time>2016-03-20T05:04:28Z</time></trkpt><trkpt lat="33.85544" lon="135.76386"><ele>154.5</ele><time>2016-03-20T05:04:36Z</time></trkpt><trkpt lat="33.855342" lon="135.763872"><ele>155.4</ele><time>2016-03-20T05:04:42Z</time></trkpt><trkpt lat="33.855249" lon="135.763892"><ele>155.3</ele><time>2016-03-20T05:04:49Z</time></trkpt><trkpt lat="33.855163" lon="135.763939"><ele>155.3</ele><time>2016-03-20T05:04:55Z</time></trkpt><trkpt lat="33.855068" lon="135.763956"><ele>155.6</ele><time>2016-03-20T05:05:05Z</time></trkpt><trkpt lat="33.854972" lon="135.763964"><ele>156.1</ele><time>2016-03-20T05:05:14Z</time></trkpt><trkpt lat="33.854893" lon="135.764022"><ele>156.7</ele><time>2016-03-20T05:05:25Z</time></trkpt><trkpt lat="33.854819" lon="135.764087"><ele>157.6</ele><time>2016-03-20T05:05:31Z</time></trkpt><trkpt lat="33.85472" lon="135.764094"><ele>158.6</ele><time>2016-03-20T05:05:41Z</time></trkpt><trkpt lat="33.854627" lon="135.764123"><ele>159.6</ele><time>2016-03-20T05:05:49Z</time></trkpt><trkpt lat="33.854537" lon="135.764162"><ele>160.9</ele><time>2016-03-20T05:05:59Z</time></trkpt><trkpt lat="33.854454" lon="135.764205"><ele>162.2</ele><time>2016-03-20T05:06:16Z</time></trkpt><trkpt lat="33.854368" lon="135.764243"><ele>163.5</ele><time>2016-03-20T05:06:27Z</time></trkpt><trkpt lat="33.854277" lon="135.764259"><ele>165.1</ele><time>2016-03-20T05:06:43Z</time></trkpt><trkpt lat="33.854192" lon="135.764294"><ele>167.1</ele><time>2016-03-20T05:06:55Z</time></trkpt><trkpt lat="33.854101" lon="135.764321"><ele>169.2</ele><time>2016-03-20T05:07:11Z</time></trkpt><trkpt lat="33.854024" lon="135.764392"><ele>170.7</ele><time>2016-03-20T05:07:21Z</time></trkpt><trkpt lat="33.854016" lon="135.764504"><ele>171.9</ele><time>2016-03-20T05:07:33Z</time></trkpt><trkpt lat="33.853959" lon="135.764591"><ele>172.8</ele><time>2016-03-20T05:07:44Z</time></trkpt><trkpt lat="33.853922" lon="135.764694"><ele>173.9</ele><time>2016-03-20T05:07:58Z</time></trkpt><trkpt lat="33.853878" lon="135.764803"><ele>174.4</ele><time>2016-03-20T05:08:08Z</time></trkpt><trkpt lat="33.853802" lon="135.764875"><ele>174.9</ele><time>2016-03-20T05:08:17Z</time></trkpt><trkpt lat="33.853788" lon="135.764996"><ele>175.3</ele><time>2016-03-20T05:08:26Z</time></trkpt><trkpt lat="33.853753" lon="135.765096"><ele>175.8</ele><time>2016-03-20T05:08:33Z</time></trkpt><trkpt lat="33.85368" lon="135.765167"><ele>176.4</ele><time>2016-03-20T05:08:40Z</time></trkpt><trkpt lat="33.853591" lon="135.765204"><ele>177.1</ele><time>2016-03-20T05:08:50Z</time></trkpt><trkpt lat="33.853499" lon="135.765223"><ele>178.0</ele><time>2016-03-20T05:09:00Z</time></trkpt><trkpt lat="33.853396" lon="135.765215"><ele>178.8</ele><time>2016-03-20T05:09:07Z</time></trkpt><trkpt lat="33.853305" lon="135.765253"><ele>179.4</ele><time>2016-03-20T05:09:19Z</time></trkpt><trkpt lat="33.853252" lon="135.765352"><ele>179.9</ele><time>2016-03-20T05:09:31Z</time></trkpt><trkpt lat="33.853247" lon="135.765464"><ele>180.3</ele><time>2016-03-20T05:09:43Z</time></trkpt><trkpt lat="33.853286" lon="135.765566"><ele>180.8</ele><time>2016-03-20T05:09:51Z</time></trkpt><trkpt lat="33.853282" lon="135.765686"><ele>181.3</ele><time>2016-03-20T05:09:59Z</time></trkpt><trkpt lat="33.853249" lon="135.765789"><ele>182.0</ele><time>2016-03-20T05:10:10Z</time></trkpt><trkpt lat="33.853261" lon="135.765903"><ele>182.8</ele><time>2016-03-20T05:10:23Z</time></trkpt><trkpt lat="33.853185" lon="135.765975"><ele>183.6</ele><time>2016-03-20T05:10:40Z</time></trkpt><trkpt lat="33.853095" lon="135.766027"><ele>184.3</ele><time>2016-03-20T05:10:49Z</time></trkpt><trkpt lat="33.85301" lon="135.766078"><ele>185.0</ele><time>2016-03-20T05:10:56Z</time></trkpt><trkpt lat="33.852924" lon="135.76612"><ele>185.6</ele><time>2016-03-20T05:11:04Z</time></trkpt><trkpt lat="33.852831" lon="135.766154"><ele>186.4</ele><time>2016-03-20T05:11:23Z</time></trkpt><trkpt lat="33.85274" lon="135.766209"><ele>187.1</ele><time>2016-03-20T05:11:34Z</time></trkpt><trkpt lat="33.85265" lon="135.766184"><ele>187.7</ele><time>2016-03-20T05:11:46Z</time></trkpt><trkpt lat="33.852556" lon="135.766202"><ele>188.5</ele><time>2016-03-20T05:12:03Z</time></trkpt><trkpt lat="33.852452" lon="135.766198"><ele>189.7</ele><time>2016-03-20T05:12:14Z</time></trkpt><trkpt lat="33.852391" lon="135.766288"><ele>190.8</ele><time>2016-03-20T05:12:35Z</time></trkpt><trkpt lat="33.852349" lon="135.766391"><ele>192.5</ele><time>2016-03-20T05:12:46Z</time></trkpt><trkpt lat="33.852334" lon="135.766501"><ele>194.1</ele><time>2016-03-20T05:13:03Z</time></trkpt><trkpt lat="33.852277" lon="135.766601"><ele>195.8</ele><time>2016-03-20T05:13:08Z</time></trkpt><trkpt lat="33.852199" lon="135.766683"><ele>197.4</ele><time>2016-03-20T05:13:15Z</time></trkpt><trkpt lat="33.852117" lon="135.766745"><ele>198.6</ele><time>2016-03-20T05:13:24Z</time></trkpt><trkpt lat="33.852038" lon="135.766819"><ele>199.6</ele><time>2016-03-20T05:13:35Z</time></trkpt><trkpt lat="33.852009" lon="135.766944"><ele>200.9</ele><time>2016-03-20T05:13:43Z</time></trkpt><trkpt lat="33.851957" lon="135.76704"><ele>201.7</ele><time>2016-03-20T05:13:55Z</time></trkpt><trkpt lat="33.851874" lon="135.767126"><ele>202.7</ele><time>2016-03-20T05:14:10Z</time></trkpt><trkpt lat="33.851781" lon="135.7671"><ele>204.0</ele><time>2016-03-20T05:14:20Z</time></trkpt><trkpt lat="33.851691" lon="135.767086"><ele>205.5</ele><time>2016-03-20T05:14:32Z</time></trkpt><trkpt lat="33.8516" lon="135.767079"><ele>207.0</ele><time>2016-03-20T05:14:39Z</time></trkpt><trkpt lat="33.851505" lon="135.767108"><ele>208.1</ele><time>2016-03-20T05:14:47Z</time></trkpt><trkpt lat="33.851443" lon="135.767201"><ele>209.1</ele><time>2016-03-20T05:14:58Z</time></trkpt><trkpt lat="33.851429" lon="135.767318"><ele>210.2</ele><time>2016-03-20T05:15:07Z</time></trkpt><trkpt lat="33.851384" lon="135.767413"><ele>211.0</ele><time>2016-03-20T05:15:18Z</time></trkpt><trkpt lat="33.851298" lon="135.767459"><ele>211.4</ele><time>2016-03-20T05:15:33Z</time></trkpt><trkpt lat="33.851187" lon="135.767454"><ele>212.0</ele><time>2016-03-20T05:15:43Z</time></trkpt><trkpt lat="33.851094" lon="135.7674"><ele>212.5</ele><time>2016-03-20T05:15:49Z</time></trkpt><trkpt lat="33.851002" lon="135.76737"><ele>212.7</ele><time>2016-03-20T05:15:57Z</time></trkpt><trkpt lat="33.850925" lon="135.767429"><ele>212.8</ele><time>2016-03-20T05:16:05Z</time></trkpt><trkpt lat="33.850907" lon="135.767549"><ele>212.8</ele><time>2016-03-20T05:16:16Z</time></trkpt><trkpt lat="33.850869" lon="135.767647"><ele>212.8</ele><time>2016-03-20T05:16:26Z</time></trkpt><trkpt lat="33.850785" lon="135.767705"><ele>212.6</ele><time>2016-03-20T05:16:33Z</time></trkpt><trkpt lat="33.8507" lon="135.767758"><ele>212.5</ele><time>2016-03-20T05:16:43Z</time></trkpt><trkpt lat="33.850608" lon="135.767724"><ele>212.5</ele><time>2016-03-20T05:16:52Z</time></trkpt><trkpt lat="33.850531" lon="135.767656"><ele>212.7</ele><time>2016-03-20T05:17:01Z</time></trkpt><trkpt lat="33.850435" lon="135.767625"><ele>212.9</ele><time>2016-03-20T05:17:11Z</time></trkpt><trkpt lat="33.850344" lon="135.76763"><ele>213.1</ele><time>2016-03-20T05:17:19Z</time></trkpt><trkpt lat="33.850239" lon="135.767638"><ele>213.3</ele><time>2016-03-20T05:17:27Z</time></trkpt><trkpt lat="33.850142" lon="135.767616"><ele>213.5</ele><time>2016-03-20T05:17:35Z</time></trkpt><trkpt lat="33.850067" lon="135.767684"><ele>213.5</ele><time>2016-03-20T05:17:44Z</time></trkpt><trkpt lat="33.850024" lon="135.767779"><ele>213.3</ele><time>2016-03-20T05:17:52Z</time></trkpt><trkpt lat="33.849961" lon="135.767861"><ele>213.1</ele><time>2016-03-20T05:18:00Z</time></trkpt><trkpt lat="33.84987" lon="135.767878"><ele>212.9</ele><time>2016-03-20T05:18:09Z</time></trkpt><trkpt lat="33.849799" lon="135.767962"><ele>212.6</ele><time>2016-03-20T05:18:15Z</time></trkpt><trkpt lat="33.849709" lon="135.768013"><ele>212.4</ele><time>2016-03-20T05:18:22Z</time></trkpt><trkpt lat="33.849627" lon="135.768094"><ele>212.2</ele><time>2016-03-20T05:18:31Z</time></trkpt><trkpt lat="33.849591" lon="135.768197"><ele>212.2</ele><time>2016-03-20T05:18:39Z</time></trkpt><trkpt lat="33.849504" lon="135.768229"><ele>212.0</ele><time>2016-03-20T05:18:55Z</time></trkpt><trkpt lat="33.849404" lon="135.768205"><ele>211.8</ele><time>2016-03-20T05:19:03Z</time></trkpt><trkpt lat="33.849321" lon="135.768159"><ele>211.4</ele><time>2016-03-20T05:19:11Z</time></trkpt><trkpt lat="33.84922" lon="135.768157"><ele>211.1</ele><time>2016-03-20T05:19:21Z</time></trkpt><trkpt lat="33.849126" lon="135.768161"><ele>210.8</ele><time>2016-03-20T05:19:29Z</time></trkpt><trkpt lat="33.84904" lon="135.76819"><ele>210.5</ele><time>2016-03-20T05:19:38Z</time></trkpt><trkpt lat="33.848951" lon="135.768211"><ele>210.3</ele><time>2016-03-20T05:19:51Z</time></trkpt><trkpt lat="33.84886" lon="135.768206"><ele>210.1</ele><time>2016-03-20T05:20:01Z</time></trkpt><trkpt lat="33.848748" lon="135.768173"><ele>209.8</ele><time>2016-03-20T05:20:12Z</time></trkpt><trkpt lat="33.848641" lon="135.768159"><ele>208.6</ele><time>2016-03-20T05:20:18Z</time></trkpt><trkpt lat="33.848543" lon="135.768151"><ele>207.1</ele><time>2016-03-20T05:20:24Z</time></trkpt><trkpt lat="33.848447" lon="135.768101"><ele>205.2</ele><time>2016-03-20T05:20:33Z</time></trkpt><trkpt lat="33.848356" lon="135.768073"><ele>204.0</ele><time>2016-03-20T05:20:39Z</time></trkpt><trkpt lat="33.848264" lon="135.768052"><ele>202.8</ele><time>2016-03-20T05:20:47Z</time></trkpt><trkpt lat="33.848175" lon="135.768074"><ele>201.5</ele><time>2016-03-20T05:20:58Z</time></trkpt><trkpt lat="33.848093" lon="135.768136"><ele>199.8</ele><time>2016-03-20T05:21:11Z</time></trkpt><trkpt lat="33.848039" lon="135.768229"><ele>198.7</ele><time>2016-03-20T05:21:23Z</time></trkpt><trkpt lat="33.848" lon="135.76834"><ele>197.5</ele><time>2016-03-20T05:21:35Z</time></trkpt><trkpt lat="33.847961" lon="135.768447"><ele>196.2</ele><time>2016-03-20T05:21:45Z</time></trkpt><trkpt lat="33.84795" lon="135.768555"><ele>194.9</ele><time>2016-03-20T05:21:54Z</time></trkpt><trkpt lat="33.847874" lon="135.768615"><ele>193.5</ele><time>2016-03-20T05:22:07Z</time></trkpt><trkpt lat="33.847787" lon="135.768654"><ele>192.5</ele><time>2016-03-20T05:22:20Z</time></trkpt><trkpt lat="33.847697" lon="135.768627"><ele>191.9</ele><time>2016-03-20T05:22:30Z</time></trkpt><trkpt lat="33.847599" lon="135.76866"><ele>191.2</ele><time>2016-03-20T05:22:41Z</time></trkpt><trkpt lat="33.847518" lon="135.768733"><ele>190.6</ele><time>2016-03-20T05:22:51Z</time></trkpt><trkpt lat="33.847435" lon="135.76879"><ele>189.9</ele><time>2016-03-20T05:23:01Z</time></trkpt><trkpt lat="33.847368" lon="135.768877"><ele>189.0</ele><time>2016-03-20T05:23:11Z</time></trkpt><trkpt lat="33.847358" lon="135.768988"><ele>188.2</ele><time>2016-03-20T05:23:24Z</time></trkpt><trkpt lat="33.847284" lon="135.769068"><ele>187.2</ele><time>2016-03-20T05:23:33Z</time></trkpt><trkpt lat="33.847221" lon="135.769154"><ele>185.3</ele><time>2016-03-20T05:23:42Z</time></trkpt><trkpt lat="33.84713" lon="135.769184"><ele>183.6</ele><time>2016-03-20T05:23:55Z</time></trkpt><trkpt lat="33.847053" lon="135.769256"><ele>182.2</ele><time>2016-03-20T05:24:03Z</time></trkpt><trkpt lat="33.846982" lon="135.769324"><ele>181.1</ele><time>2016-03-20T05:24:15Z</time></trkpt><trkpt lat="33.846967" lon="135.769437"><ele>179.5</ele><time>2016-03-20T05:24:29Z</time></trkpt><trkpt lat="33.84695" lon="135.76955"><ele>177.8</ele><time>2016-03-20T05:24:41Z</time></trkpt><trkpt lat="33.846872" lon="135.769605"><ele>176.1</ele><time>2016-03-20T05:24:48Z</time></trkpt><trkpt lat="33.846815" lon="135.769689"><ele>174.1</ele><time>2016-03-20T05:24:57Z</time></trkpt><trkpt lat="33.846762" lon="135.769787"><ele>171.9</ele><time>2016-03-20T05:25:15Z</time></trkpt><trkpt lat="33.846689" lon="135.76986"><ele>169.9</ele><time>2016-03-20T05:25:23Z</time></trkpt><trkpt lat="33.846602" lon="135.769892"><ele>168.3</ele><time>2016-03-20T05:25:35Z</time></trkpt><trkpt lat="33.846507" lon="135.769916"><ele>166.5</ele><time>2016-03-20T05:25:44Z</time></trkpt><trkpt lat="33.846416" lon="135.769908"><ele>165.4</ele><time>2016-03-20T05:25:54Z</time></trkpt><trkpt lat="33.846326" lon="135.769925"><ele>164.6</ele><time>2016-03-20T05:26:06Z</time></trkpt><trkpt lat="33.846263" lon="135.770005"><ele>163.5</ele><time>2016-03-20T05:26:24Z</time></trkpt><trkpt lat="33.846213" lon="135.770096"><ele>162.5</ele><time>2016-03-20T05:26:35Z</time></trkpt><trkpt lat="33.846142" lon="135.770168"><ele>161.3</ele><time>2016-03-20T05:26:45Z</time></trkpt><trkpt lat="33.846058" lon="135.770219"><ele>160.3</ele><time>2016-03-20T05:26:55Z</time></trkpt><trkpt lat="33.845983" lon="135.77028"><ele>159.3</ele><time>2016-03-20T05:27:04Z</time></trkpt><trkpt lat="33.845913" lon="135.770356"><ele>158.6</ele><time>2016-03-20T05:27:16Z</time></trkpt><trkpt lat="33.845849" lon="135.770432"><ele>157.8</ele><time>2016-03-20T05:27:25Z</time></trkpt><trkpt lat="33.845785" lon="135.770512"><ele>157.0</ele><time>2016-03-20T05:27:34Z</time></trkpt><trkpt lat="33.845719" lon="135.770594"><ele>156.0</ele><time>2016-03-20T05:27:44Z</time></trkpt><trkpt lat="33.845653" lon="135.770686"><ele>154.9</ele><time>2016-03-20T05:27:59Z</time></trkpt><trkpt lat="33.84558" lon="135.770769"><ele>153.9</ele><time>2016-03-20T05:28:05Z</time></trkpt><trkpt lat="33.845498" lon="135.770816"><ele>153.1</ele><time>2016-03-20T05:28:14Z</time></trkpt><trkpt lat="33.845474" lon="135.770927"><ele>151.9</ele><time>2016-03-20T05:28:28Z</time></trkpt><trkpt lat="33.845409" lon="135.771003"><ele>150.3</ele><time>2016-03-20T05:28:43Z</time></trkpt><trkpt lat="33.845436" lon="135.771111"><ele>148.1</ele><time>2016-03-20T05:28:49Z</time></trkpt><trkpt lat="33.845335" lon="135.771145"><ele>145.7</ele><time>2016-03-20T05:29:07Z</time></trkpt><trkpt lat="33.845246" lon="135.771182"><ele>143.4</ele><time>2016-03-20T05:29:15Z</time></trkpt><trkpt lat="33.845168" lon="135.771258"><ele>141.4</ele><time>2016-03-20T05:29:28Z</time></trkpt><trkpt lat="33.845077" lon="135.771296"><ele>140.0</ele><time>2016-03-20T05:29:35Z</time></trkpt><trkpt lat="33.844991" lon="135.771342"><ele>138.8</ele><time>2016-03-20T05:29:45Z</time></trkpt><trkpt lat="33.844894" lon="135.771404"><ele>137.7</ele><time>2016-03-20T05:29:54Z</time></trkpt><trkpt lat="33.844801" lon="135.771454"><ele>136.6</ele><time>2016-03-20T05:29:59Z</time></trkpt><trkpt lat="33.8447" lon="135.771496"><ele>135.2</ele><time>2016-03-20T05:30:04Z</time></trkpt><trkpt lat="33.844627" lon="135.771578"><ele>134.0</ele><time>2016-03-20T05:30:12Z</time></trkpt><trkpt lat="33.844539" lon="135.771662"><ele>133.0</ele><time>2016-03-20T05:30:23Z</time></trkpt><trkpt lat="33.844451" lon="135.771702"><ele>132.4</ele><time>2016-03-20T05:30:30Z</time></trkpt><trkpt lat="33.844387" lon="135.771789"><ele>131.4</ele><time>2016-03-20T05:30:39Z</time></trkpt><trkpt lat="33.844315" lon="135.77186"><ele>130.6</ele><time>2016-03-20T05:30:47Z</time></trkpt><trkpt lat="33.844227" lon="135.771916"><ele>130.0</ele><time>2016-03-20T05:30:56Z</time></trkpt><trkpt lat="33.844142" lon="135.771982"><ele>129.5</ele><time>2016-03-20T05:31:09Z</time></trkpt><trkpt lat="33.844072" lon="135.772068"><ele>129.1</ele><time>2016-03-20T05:31:16Z</time></trkpt><trkpt lat="33.843986" lon="135.772109"><ele>128.7</ele><time>2016-03-20T05:31:22Z</time></trkpt><trkpt lat="33.843887" lon="135.77215"><ele>128.1</ele><time>2016-03-20T05:31:29Z</time></trkpt><trkpt lat="33.843805" lon="135.772209"><ele>127.2</ele><time>2016-03-20T05:31:36Z</time></trkpt><trkpt lat="33.843727" lon="135.772275"><ele>126.2</ele><time>2016-03-20T05:31:48Z</time></trkpt><trkpt lat="33.843639" lon="135.772307"><ele>124.7</ele><time>2016-03-20T05:31:57Z</time></trkpt><trkpt lat="33.843546" lon="135.772333"><ele>122.2</ele><time>2016-03-20T05:32:04Z</time></trkpt><trkpt lat="33.843452" lon="135.772342"><ele>119.4</ele><time>2016-03-20T05:32:12Z</time></trkpt><trkpt lat="33.843367" lon="135.772376"><ele>117.0</ele><time>2016-03-20T05:32:18Z</time></trkpt><trkpt lat="33.843267" lon="135.772416"><ele>113.9</ele><time>2016-03-20T05:32:25Z</time></trkpt><trkpt lat="33.843187" lon="135.772478"><ele>111.5</ele><time>2016-03-20T05:32:32Z</time></trkpt><trkpt lat="33.843097" lon="135.772483"><ele>108.8</ele><time>2016-03-20T05:32:52Z</time></trkpt><trkpt lat="33.843011" lon="135.772526"><ele>108.0</ele><time>2016-03-20T05:33:01Z</time></trkpt><trkpt lat="33.842913" lon="135.772501"><ele>107.4</ele><time>2016-03-20T05:33:09Z</time></trkpt><trkpt lat="33.842809" lon="135.772497"><ele>106.8</ele><time>2016-03-20T05:33:17Z</time></trkpt><trkpt lat="33.842715" lon="135.772533"><ele>106.2</ele><time>2016-03-20T05:33:25Z</time></trkpt><trkpt lat="33.842624" lon="135.772562"><ele>105.6</ele><time>2016-03-20T05:33:32Z</time></trkpt><trkpt lat="33.842529" lon="135.772614"><ele>105.0</ele><time>2016-03-20T05:33:39Z</time></trkpt><trkpt lat="33.84245" lon="135.772666"><ele>104.5</ele><time>2016-03-20T05:33:46Z</time></trkpt><trkpt lat="33.842352" lon="135.772705"><ele>104.0</ele><time>2016-03-20T05:33:54Z</time></trkpt><trkpt lat="33.842261" lon="135.77272"><ele>103.4</ele><time>2016-03-20T05:34:01Z</time></trkpt><trkpt lat="33.842187" lon="135.772785"><ele>102.8</ele><time>2016-03-20T05:34:08Z</time></trkpt><trkpt lat="33.8421" lon="135.77283"><ele>102.4</ele><time>2016-03-20T05:34:16Z</time></trkpt><trkpt lat="33.842025" lon="135.772896"><ele>102.0</ele><time>2016-03-20T05:34:24Z</time></trkpt><trkpt lat="33.841936" lon="135.772955"><ele>101.5</ele><time>2016-03-20T05:34:33Z</time></trkpt><trkpt lat="33.841846" lon="135.772986"><ele>100.9</ele><time>2016-03-20T05:34:42Z</time></trkpt><trkpt lat="33.841761" lon="135.773025"><ele>100.3</ele><time>2016-03-20T05:34:55Z</time></trkpt><trkpt lat="33.841685" lon="135.773096"><ele>99.7</ele><time>2016-03-20T05:35:06Z</time></trkpt><trkpt lat="33.841593" lon="135.773124"><ele>99.2</ele><time>2016-03-20T05:35:15Z</time></trkpt><trkpt lat="33.841502" lon="135.773139"><ele>98.7</ele><time>2016-03-20T05:35:22Z</time></trkpt><trkpt lat="33.841414" lon="135.773161"><ele>98.3</ele><time>2016-03-20T05:35:28Z</time></trkpt><trkpt lat="33.841327" lon="135.773212"><ele>97.9</ele><time>2016-03-20T05:35:35Z</time></trkpt><trkpt lat="33.841273" lon="135.773303"><ele>97.5</ele><time>2016-03-20T05:35:45Z</time></trkpt><trkpt lat="33.841227" lon="135.773399"><ele>97.1</ele><time>2016-03-20T05:36:00Z</time></trkpt><trkpt lat="33.841135" lon="135.773393"><ele>95.9</ele><time>2016-03-20T05:39:17Z</time></trkpt><trkpt lat="33.841047" lon="135.773344"><ele>94.9</ele><time>2016-03-20T05:39:33Z</time></trkpt><trkpt lat="33.840957" lon="135.77336"><ele>93.9</ele><time>2016-03-20T05:39:46Z</time></trkpt><trkpt lat="33.840894" lon="135.773271"><ele>93.3</ele><time>2016-03-20T05:40:03Z</time></trkpt><trkpt lat="33.840793" lon="135.773264"><ele>92.5</ele><time>2016-03-20T05:40:13Z</time></trkpt><trkpt lat="33.840696" lon="135.773277"><ele>91.6</ele><time>2016-03-20T05:40:19Z</time></trkpt><trkpt lat="33.840605" lon="135.773259"><ele>90.8</ele><time>2016-03-20T05:40:22Z</time></trkpt><trkpt lat="33.84051" lon="135.773238"><ele>90.2</ele><time>2016-03-20T05:40:26Z</time></trkpt><trkpt lat="33.840414" lon="135.773229"><ele>89.7</ele><time>2016-03-20T05:40:42Z</time></trkpt><trkpt lat="33.840327" lon="135.77328"><ele>90.6</ele><time>2016-03-20T05:40:49Z</time></trkpt><trkpt lat="33.840253" lon="135.773357"><ele>91.7</ele><time>2016-03-20T05:40:59Z</time></trkpt><trkpt lat="33.840162" lon="135.773394"><ele>92.0</ele><time>2016-03-20T05:41:07Z</time></trkpt><trkpt lat="33.840092" lon="135.773474"><ele>91.7</ele><time>2016-03-20T05:41:16Z</time></trkpt><trkpt lat="33.840077" lon="135.773582"><ele>91.3</ele><time>2016-03-20T05:41:28Z</time></trkpt><trkpt lat="33.839985" lon="135.773558"><ele>90.6</ele><time>2016-03-20T05:41:54Z</time></trkpt><trkpt lat="33.840053" lon="135.77369"><ele>91.3</ele><time>2016-03-20T05:42:05Z</time></trkpt><trkpt lat="33.840118" lon="135.773768"><ele>92.4</ele><time>2016-03-20T05:43:00Z</time></trkpt><trkpt lat="33.840178" lon="135.773676"><ele>94.1</ele><time>2016-03-20T05:43:50Z</time></trkpt><trkpt lat="33.84008" lon="135.773722"><ele>92.0</ele><time>2016-03-20T05:45:46Z</time></trkpt><trkpt lat="33.840098" lon="135.773836"><ele>91.9</ele><time>2016-03-20T05:46:13Z</time></trkpt><trkpt lat="33.840194" lon="135.773858"><ele>93.0</ele><time>2016-03-20T05:46:35Z</time></trkpt><trkpt lat="33.840284" lon="135.773889"><ele>93.1</ele><time>2016-03-20T05:46:46Z</time></trkpt><trkpt lat="33.840367" lon="135.773824"><ele>93.2</ele><time>2016-03-20T05:46:58Z</time></trkpt><trkpt lat="33.840423" lon="135.773728"><ele>93.3</ele><time>2016-03-20T05:47:15Z</time></trkpt><trkpt lat="33.840502" lon="135.773673"><ele>93.4</ele><time>2016-03-20T05:47:30Z</time></trkpt><trkpt lat="33.840439" lon="135.773752"><ele>93.5</ele><time>2016-03-20T05:47:48Z</time></trkpt><trkpt lat="33.840348" lon="135.773796"><ele>93.7</ele><time>2016-03-20T05:48:13Z</time></trkpt><trkpt lat="33.840254" lon="135.773825"><ele>93.8</ele><time>2016-03-20T05:48:26Z</time></trkpt><trkpt lat="33.840339" lon="135.773786"><ele>93.9</ele><time>2016-03-20T05:48:51Z</time></trkpt><trkpt lat="33.840254" lon="135.77382"><ele>94.0</ele><time>2016-03-20T05:49:30Z</time></trkpt><trkpt lat="33.840273" lon="135.77387"><ele>94.1</ele><time>2016-03-20T05:51:16Z</time></trkpt></trkseg></trk></gpx>